date,ticker,market_clean_price,market_dirty_price,clean_floor,dirty_floor,accrued_interest,effective_discount_rate,n_cashflows,stock_price,conversion_price,implied_vol_pct,risk_free_rate_pct,remaining_maturity,option_value,option_value_per_bond,option_value_pct,delta,fair_value_clean,fair_value_dirty,mispricing_pct,mispricing_usd,signal
2024-05-09,MTH,104.331,104.35,87.291917,87.291917,0.0,5.6248,9.0,90.52,115.8749,35.0802,4.4883,4.0164,22.739771,196.2442,19.624423,0.600636,106.91634,106.91634,2.585339999999988,25.85339999999988,False
2024-05-10,MTH,103.73,103.754,87.201602,87.201602,0.0,5.6575,9.0,90.14,115.8749,33.8243,4.5203,4.0137,21.632361,186.6873,18.668727,0.592362,105.870329,105.870329,2.140328999999994,21.40328999999994,False
2024-05-13,MTH,104.392,104.421,87.214519,87.214519,0.0,5.6686,9.0,90.045,115.8749,34.8838,4.5181,4.0055,22.292502,192.3843,19.238429,0.596798,106.452948,106.452948,2.060947999999996,20.60947999999996,False
2024-05-14,MTH,104.232,104.266,87.32075,87.32075,0.0,5.645,9.0,90.905,115.8749,34.7099,4.4888,4.0027,22.652997,195.4954,19.549537,0.600561,106.870287,106.870287,2.6382870000000054,26.38287000000005,False
2024-05-15,MTH,105.524,105.563,87.598103,87.598103,0.0,5.5675,9.0,94.065,115.8749,33.3841,4.4063,4.0,23.533689,203.0957,20.309574,0.611935,107.907677,107.907677,2.383676999999992,23.83676999999992,False
2024-05-16,MTH,105.418,105.471,87.585429,87.585429,0.0,5.5799,9.0,91.515,115.8749,34.3104,4.424,3.9973,22.636738,195.355,19.535505,0.600712,107.120934,107.120934,1.702933999999999,17.02933999999999,False
2024-05-17,MTH,104.568,104.626,87.515274,87.515274,0.0,5.6016,9.0,91.5,115.8749,33.4131,4.4499,3.9945,22.002604,189.8825,18.988248,0.596616,106.503522,106.503522,1.935522000000006,19.35522000000006,False
2024-05-20,MTH,104.391,104.454,87.518246,87.518246,0.0,5.6121,9.0,91.295,115.8749,33.9802,4.4708,3.9863,22.274364,192.2278,19.222776,0.598223,106.741022,106.741022,2.350021999999996,23.50021999999996,False
2024-05-21,MTH,103.923,103.991,87.536724,87.536724,0.0,5.6118,9.0,89.135,115.8749,33.7632,4.4589,3.9836,20.754302,179.1096,17.910963,0.58247,105.447687,105.447687,1.524687,15.24687,False
2024-05-22,MTH,102.023,102.096,87.491076,87.491076,0.0,5.6322,9.0,87.29,115.8749,33.3254,4.477,3.9808,19.427634,167.6605,16.766048,0.568318,104.257124,104.257124,2.2341240000000084,22.341240000000084,False
2024-05-23,MTH,101.404,101.496,87.316188,87.316188,0.0,5.6844,9.0,86.34,115.8749,32.7546,4.536,3.9781,18.593719,160.4638,16.04638,0.559927,103.362568,103.362568,1.958568,19.58568,False
2024-05-24,MTH,102.105,102.203,87.269646,87.269646,0.0,5.6978,9.0,87.31,115.8749,33.3641,4.5547,3.9754,19.534771,168.5851,16.858508,0.570207,104.128154,104.128154,2.023153999999991,20.23153999999991,False
2024-05-27,MTH,102.105,102.203,87.269646,87.269646,0.0,5.6978,9.0,87.31,115.8749,33.3641,4.5547,3.9754,19.534771,168.5851,16.858508,0.570207,104.128154,104.128154,2.023153999999991,20.23153999999991,False
2024-05-28,MTH,100.984,101.082,87.246594,87.246594,0.0,5.7165,9.0,86.12,115.8749,33.1297,4.5883,3.9644,18.728657,161.6283,16.162831,0.561178,103.409425,103.409425,2.425425000000004,24.25425000000004,False
2024-05-29,MTH,100.73,100.832,87.069326,87.069326,0.0,5.7539,9.0,84.93,115.8749,32.6289,4.6489,3.9617,17.809774,153.6984,15.369835,0.551157,102.439161,102.439161,1.7091609999999946,17.091609999999946,False
2024-05-30,MTH,101.431,101.538,87.214158,87.214158,0.0,5.7142,9.0,87.69,115.8749,34.4038,4.6172,3.9589,20.432111,176.3291,17.632912,0.578875,104.84707,104.84707,3.416070000000005,34.16070000000005,True
2024-05-31,MTH,102.326,102.442,87.349171,87.349171,0.0,5.6813,9.0,88.175,115.8749,33.3853,4.5747,3.9562,19.962013,172.2722,17.227218,0.57543,104.576389,104.576389,2.2503890000000126,22.503890000000126,False
2024-06-03,MTH,102.773,102.894,87.62717,87.62717,0.0,5.6276,9.0,88.645,115.8749,33.8317,4.4886,3.948,20.378817,175.8692,17.586919,0.578425,105.214089,105.214089,2.441089000000005,24.41089000000005,False
2024-06-04,MTH,101.902,102.028,87.799521,87.799521,0.0,5.5944,9.0,86.285,115.8749,34.9009,4.418,3.9452,19.70348,170.041,17.004103,0.567644,104.803624,104.803624,2.901623999999998,29.016239999999986,False
2024-06-05,MTH,102.789,102.921,87.956437,87.956437,0.0,5.5578,9.0,88.34,115.8749,33.9419,4.3724,3.9425,20.116135,173.6022,17.360224,0.574119,105.316661,105.316661,2.527660999999995,25.27660999999995,False
2024-06-06,MTH,102.871,103.007,88.009616,88.009616,0.0,5.5508,9.0,87.42,115.8749,34.6289,4.3495,3.9398,20.034295,172.896,17.289596,0.571449,105.299212,105.299212,2.428212000000002,24.28212000000002,False
2024-06-07,MTH,100.59,100.741,87.69041,87.69041,0.0,5.6436,9.0,84.62,115.8749,33.4024,4.4642,3.937,17.842709,153.9826,15.398258,0.548176,103.088668,103.088668,2.498667999999995,24.98667999999995,False
2024-06-10,MTH,100.61,100.765,87.57082,87.57082,0.0,5.6774,9.0,84.35,115.8749,33.4628,4.5145,3.9288,17.759626,153.2656,15.326557,0.547402,102.897377,102.897377,2.287376999999992,22.87376999999992,False
2024-06-11,MTH,99.854,100.015,87.729682,87.729682,0.0,5.6443,9.0,82.325,115.8749,33.3381,4.4679,3.9261,16.523583,142.5985,14.259852,0.530713,101.989534,101.989534,2.1355339999999927,21.355339999999927,False
2024-06-12,MTH,101.419,101.584,87.964448,87.964448,0.0,5.5841,9.0,85.045,115.8749,34.7972,4.3975,3.9233,18.853196,162.7031,16.270308,0.557474,104.234756,104.234756,2.8157560000000075,28.157560000000075,False
2024-06-13,MTH,100.897,101.067,88.146694,88.146694,0.0,5.5412,9.0,83.815,115.8749,34.2584,4.3238,3.9206,17.748637,153.1707,15.317074,0.543997,103.463768,103.463768,2.566767999999996,25.66767999999996,False
2024-06-14,MTH,99.981,100.165,88.174839,88.174839,0.0,5.5431,9.0,81.37,115.8749,35.5322,4.2987,3.9179,17.223807,148.6415,14.864146,0.534894,103.038985,103.038985,3.0579850000000164,30.579850000000164,True
2024-06-17,MTH,100.843,101.032,88.034759,88.034759,0.0,5.6009,9.0,83.21,115.8749,35.3392,4.3447,3.9097,18.102888,156.2279,15.622793,0.546777,103.657552,103.657552,2.814551999999992,28.14551999999992,False
2024-06-18,MTH,100.56,100.76,88.153168,88.153168,0.0,5.573,9.0,82.005,115.8749,33.8371,4.3111,3.9069,16.436051,141.8431,14.184312,0.527168,102.33748,102.33748,1.777479999999997,17.77479999999997,False
2024-06-19,MTH,100.56,100.76,88.153168,88.153168,0.0,5.573,9.0,82.005,115.8749,33.8371,4.3111,3.9069,16.436051,141.8431,14.184312,0.527168,102.33748,102.33748,1.777479999999997,17.77479999999997,False
2024-06-20,MTH,99.907,100.111,88.106543,88.106543,0.0,5.5956,9.0,81.435,115.8749,34.2383,4.3238,3.9014,16.383354,141.3883,14.138835,0.525845,102.245378,102.245378,2.338378000000006,23.38378000000006,False
2024-06-21,MTH,100.22,100.439,88.110604,88.110604,0.0,5.595,9.0,80.11,115.8749,34.1018,4.3266,3.8987,15.577372,134.4327,13.443272,0.514809,101.553876,101.553876,1.3338760000000036,13.338760000000036,False
2024-06-24,MTH,100.314,100.537,88.170656,88.170656,0.0,5.5877,9.0,82.97,115.8749,34.6575,4.3296,3.8905,17.439104,150.4995,15.049947,0.53927,103.220603,103.220603,2.906603000000004,29.06603000000004,False
2024-06-25,MTH,99.952,100.18,88.143709,88.143709,0.0,5.6065,9.0,81.84,115.8749,35.3725,4.322,3.8877,17.275342,149.0862,14.90862,0.535912,103.052329,103.052329,3.100329000000002,31.00329000000002,True
2024-06-26,MTH,99.947,100.181,88.005497,88.005497,0.0,5.6434,9.0,81.09,115.8749,34.9607,4.3803,3.885,16.656908,143.7491,14.374912,0.528845,102.380409,102.380409,2.433408999999997,24.33408999999997,False
2024-06-27,MTH,100.283,100.521,88.058869,88.058869,0.0,5.6251,9.0,81.075,115.8749,34.9228,4.3674,3.8823,16.60033,143.2608,14.326085,0.528024,102.384954,102.384954,2.1019540000000063,21.019540000000063,False
2024-06-28,MTH,100.743,100.995,87.991219,87.991219,0.0,5.6419,9.0,80.925,115.8749,35.7805,4.3933,3.8795,17.084359,147.438,14.743802,0.533417,102.735021,102.735021,1.9920210000000085,19.920210000000083,False
2024-07-01,MTH,98.371,98.629,87.884455,87.884455,0.0,5.6572,9.0,78.075,115.8749,35.295,4.4705,3.8713,15.282473,131.8877,13.188774,0.510041,101.073229,101.073229,2.7022290000000027,27.022290000000027,False
2024-07-02,MTH,98.001,98.263,87.999965,87.999965,0.0,5.6236,9.0,77.28,115.8749,34.5967,4.4476,3.8686,14.376121,124.0659,12.406593,0.497437,100.406558,100.406558,2.405557999999999,24.055579999999992,False
2024-07-03,MTH,98.097,98.369,88.196833,88.196833,0.0,5.57,9.0,77.82,115.8749,34.85,4.3986,3.8658,14.771602,127.4789,12.747893,0.502561,100.944726,100.944726,2.8477260000000086,28.477260000000086,False
2024-07-04,MTH,98.097,98.369,88.196833,88.196833,0.0,5.57,9.0,77.82,115.8749,34.85,4.3986,3.8658,14.771602,127.4789,12.747893,0.502561,100.944726,100.944726,2.8477260000000086,28.477260000000086,False
2024-07-05,MTH,98.097,98.369,88.196833,88.196833,0.0,5.57,9.0,77.82,115.8749,34.85,4.3986,3.8658,14.771602,127.4789,12.747893,0.502561,100.944726,100.944726,2.8477260000000086,28.477260000000086,False
2024-07-08,MTH,97.774,98.066,88.593989,88.593989,0.0,5.4895,9.0,77.045,115.8749,35.3852,4.2913,3.8522,14.543671,125.5119,12.551188,0.497579,101.145177,101.145177,3.3711769999999888,33.71176999999989,True
2024-07-09,MTH,98.082,98.378,88.549156,88.549156,0.0,5.5119,9.0,77.3,115.8749,35.0767,4.2996,3.8494,14.48076,124.969,12.496896,0.497061,101.046052,101.046052,2.964052000000009,29.64052000000009,False
2024-07-10,MTH,98.655,98.956,88.580942,88.580942,0.0,5.4979,9.0,80.005,115.8749,35.2617,4.2935,3.8467,16.027354,138.3161,13.831607,0.518972,102.412549,102.412549,3.757548999999997,37.57548999999997,True
2024-07-11,MTH,102.684,102.99,88.884734,88.884734,0.0,5.4034,9.0,87.395,115.8749,32.0756,4.2007,3.8439,17.7698,153.3534,15.335337,0.548167,104.220071,104.220071,1.5360709999999926,15.360709999999926,False
2024-07-12,MTH,103.661,103.982,89.072457,89.072457,0.0,5.347,9.0,88.97,115.8749,34.034,4.1549,3.8412,19.84792,171.2876,17.128755,0.568872,106.201212,106.201212,2.540211999999997,25.402119999999968,False
2024-07-15,MTH,104.318,104.643,89.06661,89.06661,0.0,5.3513,9.0,89.315,115.8749,34.595,4.1587,3.833,20.423195,176.2522,17.625218,0.574154,106.691828,106.691828,2.373828000000003,23.73828000000003,False
2024-07-16,MTH,106.74,107.071,89.188762,89.188762,0.0,5.327,9.0,95.265,115.8749,34.122,4.1235,3.8303,23.64695,204.0732,20.407318,0.608838,109.59608,109.59608,2.8560800000000057,28.560800000000057,False
2024-07-17,MTH,107.661,107.996,89.222236,89.222236,0.0,5.3305,9.0,95.01,115.8749,34.3585,4.1065,3.8275,23.626446,203.8962,20.389623,0.607864,109.611859,109.611859,1.950858999999994,19.50858999999994,False
2024-07-18,MTH,108.14,108.48,89.146332,89.146332,0.0,5.3536,9.0,96.935,115.8749,34.7902,4.1347,3.8248,25.129012,216.8634,21.686337,0.621471,110.832669,110.832669,2.6926690000000093,26.926690000000093,False
2024-07-19,MTH,107.07,107.425,89.049927,89.049927,0.0,5.3801,9.0,95.05,115.8749,35.1,4.1696,3.822,24.235984,209.1565,20.915654,0.612502,109.965581,109.965581,2.895581000000007,28.95581000000007,False
2024-07-22,MTH,107.07,107.425,89.049927,89.049927,0.0,5.3801,9.0,95.05,115.8749,35.1,4.1696,3.822,24.235984,209.1565,20.915654,0.612502,109.965581,109.965581,2.895581000000007,28.95581000000007,False
2024-07-23,MTH,109.264,109.629,89.097621,89.097621,0.0,5.3772,9.0,98.825,115.8749,34.52,4.1702,3.8111,26.068459,224.9708,22.49708,0.63126,111.594701,111.594701,2.330701000000005,23.307010000000048,False
2024-07-24,MTH,107.391,107.76,89.071483,89.071483,0.0,5.3796,9.0,95.76,115.8749,36.4771,4.1628,3.8084,25.570263,220.6714,22.067137,0.621705,111.13862,111.13862,3.7476199999999977,37.47619999999998,True
2024-07-25,MTH,107.391,107.76,89.071483,89.071483,0.0,5.3796,9.0,95.76,115.8749,36.4771,4.1628,3.8084,25.570263,220.6714,22.067137,0.621705,111.13862,111.13862,3.7476199999999977,37.47619999999998,True
2024-07-26,MTH,109.397,109.786,89.253028,89.253028,0.0,5.3335,9.0,100.05,115.8749,34.0863,4.1124,3.8029,26.380729,227.6657,22.766569,0.634939,112.019597,112.019597,2.622596999999999,26.22596999999999,False
2024-07-29,MTH,109.345,109.739,89.361563,89.361563,0.0,5.3269,9.0,101.04,115.8749,34.4704,4.089,3.7947,27.184548,234.6026,23.460265,0.640791,112.821828,112.821828,3.476828000000012,34.76828000000012,True
2024-07-30,MTH,110.628,111.026,89.41967,89.41967,0.0,5.3133,9.0,101.64,115.8749,34.6249,4.0642,3.7919,27.638989,238.5245,23.852448,0.643973,113.272118,113.272118,2.644117999999992,26.44117999999992,False
2024-07-31,MTH,110.81,111.209,89.626205,89.626205,0.0,5.2518,9.0,101.435,115.8749,34.6304,4.0082,3.7892,27.41015,236.5496,23.654959,0.641568,113.281164,113.281164,2.4711640000000017,24.711640000000017,False
2024-08-01,MTH,110.848,111.251,89.840317,89.840317,0.0,5.1854,9.0,97.99,115.8749,35.7135,3.8937,3.7864,25.923268,223.7178,22.37178,0.624456,112.212097,112.212097,1.364097000000001,13.64097000000001,False
2024-08-02,MTH,108.135,108.553,90.361844,90.361844,0.0,5.0162,9.0,95.655,115.8749,37.2755,3.6618,3.7837,25.312961,218.4509,21.845086,0.613524,112.20693,112.20693,4.071929999999995,40.71929999999995,True
2024-08-05,MTH,106.018,106.441,90.353823,90.353823,0.0,5.0566,9.0,91.005,115.8749,39.6303,3.6149,3.7755,24.059532,207.6338,20.763376,0.597979,111.117199,111.117199,5.099198999999999,50.99198999999999,True
2024-08-06,MTH,107.055,107.483,90.269927,90.269927,0.0,5.0909,9.0,91.525,115.8749,37.8089,3.6952,3.7728,23.19306,200.1561,20.015611,0.592974,110.285538,110.285538,3.230537999999996,32.30537999999996,True
2024-08-07,MTH,106.981,107.414,90.155849,90.155849,0.0,5.0859,9.0,87.1,115.8749,37.6342,3.7463,3.77,20.452114,176.5017,17.650174,0.565593,107.806023,107.806023,0.8250230000000158,8.250230000000158,False
2024-08-08,MTH,104.75,105.188,90.108872,90.108872,0.0,5.1052,9.0,89.285,115.8749,36.7218,3.7851,3.7673,21.167394,182.6746,18.267461,0.574924,108.376333,108.376333,3.6263330000000025,36.263330000000025,True
2024-08-09,MTH,106.0,106.452,90.171322,90.171322,0.0,5.0964,9.0,89.285,115.8749,35.6551,3.7787,3.7645,20.403437,176.0817,17.608166,0.568474,107.779488,107.779488,1.7794880000000006,17.794880000000006,False
2024-08-12,MTH,106.0,106.452,90.171322,90.171322,0.0,5.0964,9.0,89.285,115.8749,35.6551,3.7787,3.7645,20.403437,176.0817,17.608166,0.568474,107.779488,107.779488,1.7794880000000006,17.794880000000006,False
2024-08-13,MTH,106.031,106.492,90.547717,90.547717,0.0,5.0017,9.0,89.9,115.8749,35.2847,3.6733,3.7536,20.341841,175.5501,17.555009,0.567587,108.102726,108.102726,2.071725999999998,20.717259999999985,False
2024-08-14,MTH,105.287,105.753,90.678876,90.678876,0.0,4.9813,9.0,89.365,115.8749,34.745,3.6548,3.7509,19.609909,169.2335,16.923352,0.56022,107.602228,107.602228,2.3152279999999905,23.152279999999905,False
2024-08-15,MTH,106.086,106.557,90.509593,90.509593,0.0,5.0417,9.0,90.32,115.8749,34.0611,3.7524,3.7481,19.796851,170.8468,17.084683,0.564695,107.594276,107.594276,1.508275999999995,15.08275999999995,False
2024-08-16,MTH,105.75,106.236,90.540632,90.540632,0.0,5.0201,9.0,89.88,115.8749,35.2071,3.7465,3.7454,20.32322,175.3894,17.538939,0.568172,108.079571,108.079571,2.3295710000000014,23.29571000000001,False
2024-08-19,MTH,107.717,108.208,90.638841,90.638841,0.0,5.0126,9.0,93.495,115.8749,33.4184,3.7359,3.7372,21.163056,182.6372,18.263717,0.58157,108.902558,108.902558,1.1855580000000003,11.855580000000003,False
2024-08-20,MTH,107.268,107.764,90.734059,90.734059,0.0,4.9792,9.0,92.645,115.8749,34.829,3.6893,3.7344,21.590683,186.3276,18.632759,0.582335,109.366818,109.366818,2.0988179999999943,20.988179999999943,False
2024-08-21,MTH,109.143,109.644,90.946322,90.946322,0.0,4.9205,9.0,97.075,115.8749,33.5882,3.6351,3.7317,23.257723,200.7142,20.071415,0.602538,111.017737,111.017737,1.874736999999996,18.74736999999996,False
2024-08-22,MTH,108.934,109.44,90.821309,90.821309,0.0,4.9681,9.0,96.42,115.8749,33.6742,3.6886,3.729,22.988386,198.3898,19.838977,0.599989,110.660286,110.660286,1.7262860000000018,17.262860000000018,False
2024-08-23,MTH,112.034,112.554,91.022674,91.022674,0.0,4.8952,9.0,102.97,115.8749,34.304,3.6382,3.7262,27.361326,236.1282,23.612824,0.639014,114.635498,114.635498,2.6014979999999923,26.014979999999923,False
2024-08-26,MTH,112.4,112.925,91.058688,91.058688,0.0,4.9072,9.0,100.915,115.8749,34.3255,3.6374,3.718,26.006561,224.4366,22.443662,0.627195,113.50235,113.50235,1.1023500000000013,11.023500000000013,False
2024-08-27,MTH,110.955,111.485,91.088591,91.088591,0.0,4.8924,9.0,99.475,115.8749,34.6942,3.6316,3.7153,25.396163,219.1689,21.916889,0.620392,113.00548,113.00548,2.050479999999993,20.50479999999993,False
2024-08-28,MTH,110.379,110.913,91.098412,91.098412,0.0,4.8958,9.0,98.895,115.8749,34.1176,3.6321,3.7125,24.625938,212.5218,21.252184,0.614715,112.350596,112.350596,1.971595999999991,19.71595999999991,False
2024-08-29,MTH,109.875,110.415,91.039713,91.039713,0.0,4.9161,9.0,98.55,115.8749,35.1659,3.6546,3.7098,25.189027,217.3813,21.73813,0.61737,112.777843,112.777843,2.9028430000000043,29.028430000000043,False
2024-08-30,MTH,112.043,112.597,90.997151,90.997151,0.0,4.9193,9.0,99.035,115.8749,34.197,3.6823,3.707,24.808051,214.0935,21.409348,0.616696,112.406499,112.406499,0.3634989999999902,3.6349899999999034,False
2024-09-02,MTH,112.043,112.597,90.997151,90.997151,0.0,4.9193,9.0,99.035,115.8749,34.197,3.6823,3.707,24.808051,214.0935,21.409348,0.616696,112.406499,112.406499,0.3634989999999902,3.6349899999999034,False
2024-09-03,MTH,110.3,110.859,91.04468,91.04468,0.0,4.9195,9.0,95.34,115.8749,36.4692,3.638,3.6961,24.115241,208.1145,20.811453,0.603963,111.856133,111.856133,1.5561330000000029,15.561330000000028,False
2024-09-04,MTH,108.364,108.928,91.30968,91.30968,0.0,4.8188,9.0,95.13,115.8749,35.9755,3.5469,3.6934,23.517237,202.9538,20.295376,0.598463,111.605056,111.605056,3.2410560000000004,32.410560000000004,True
2024-09-05,MTH,108.461,109.03,91.468769,91.468769,0.0,4.7792,9.0,94.635,115.8749,34.5828,3.5094,3.6906,22.179727,191.411,19.141104,0.587765,110.609873,110.609873,2.1488729999999947,21.488729999999947,False
2024-09-06,MTH,109.054,109.637,91.612604,91.612604,0.0,4.7184,9.0,94.825,115.8749,36.7118,3.4572,3.6879,23.719461,204.6989,20.469895,0.598161,112.082499,112.082499,3.0284990000000107,30.284990000000107,True
2024-09-09,MTH,108.653,109.242,91.745444,91.745444,0.0,4.7042,9.0,94.885,115.8749,35.8111,3.4351,3.6797,23.05585,198.972,19.897198,0.593335,111.642642,111.642642,2.9896420000000035,29.896420000000035,False
2024-09-10,MTH,108.694,109.287,91.872087,91.872087,0.0,4.6647,9.0,95.325,115.8749,35.5495,3.3781,3.6769,23.048007,198.9043,19.89043,0.593379,111.762517,111.762517,3.0685169999999857,30.685169999999857,True
2024-09-11,MTH,108.858,109.456,91.853387,91.853387,0.0,4.6936,9.0,95.89,115.8749,34.9375,3.3872,3.6742,22.945227,198.0173,19.801731,0.593875,111.655118,111.655118,2.7971179999999976,27.971179999999976,False
2024-09-12,MTH,108.858,109.456,91.853387,91.853387,0.0,4.6936,9.0,95.89,115.8749,34.9375,3.3872,3.6742,22.945227,198.0173,19.801731,0.593875,111.655118,111.655118,2.7971179999999976,27.971179999999976,False
2024-09-13,MTH,111.948,112.565,92.065335,92.065335,0.0,4.6028,9.0,101.78,115.8749,35.7037,3.357,3.6687,26.946076,232.5446,23.254464,0.629478,115.319799,115.319799,3.37179900000001,33.7179900000001,True
2024-09-16,MTH,112.781,113.403,92.190305,92.190305,0.0,4.5658,9.0,100.8,115.8749,35.419,3.3276,3.6605,26.033029,224.665,22.466504,0.622057,114.656809,114.656809,1.8758089999999896,18.758089999999896,False
2024-09-17,MTH,113.223,113.85,92.208217,92.208217,0.0,4.5693,9.0,102.175,115.8749,34.8894,3.3453,3.6578,26.52902,228.9454,22.894544,0.628008,115.102761,115.102761,1.879761000000002,18.79761000000002,False
2024-09-18,MTH,113.211,113.843,92.1629,92.1629,0.0,4.5668,9.0,101.28,115.8749,35.2064,3.3737,3.655,26.19883,226.0959,22.60959,0.62457,114.77249,114.77249,1.561489999999992,15.61489999999992,False
2024-09-19,MTH,116.17,116.807,92.196677,92.196677,0.0,4.5383,9.0,106.845,115.8749,34.0767,3.3868,3.6523,29.039651,250.6122,25.061218,0.651826,117.257895,117.257895,1.087894999999989,10.87894999999989,False
2024-09-20,MTH,114.252,114.903,92.234705,92.234705,0.0,4.528,9.0,101.665,115.8749,34.9147,3.3782,3.6496,26.215507,226.2398,22.623983,0.625553,114.858688,114.858688,0.6066880000000054,6.066880000000055,False
2024-09-23,MTH,113.957,114.613,92.264072,92.264072,0.0,4.5211,9.0,102.94,115.8749,36.3065,3.3894,3.6413,28.075641,242.2928,24.229278,0.637699,116.49335,116.49335,2.5363499999999988,25.363499999999988,False
2024-09-24,MTH,113.44,114.101,92.371766,92.371766,0.0,4.4823,9.0,102.7,115.8749,36.289,3.3684,3.6386,27.860854,240.4392,24.043917,0.63583,116.415683,116.415683,2.975683000000004,29.75683000000004,False
2024-09-25,MTH,112.881,113.546,92.252078,92.252078,0.0,4.5192,9.0,100.225,115.8749,37.1127,3.4005,3.6359,26.880466,231.9784,23.197842,0.626065,115.44992,115.44992,2.5689199999999914,25.689199999999914,False
2024-09-26,MTH,112.9,113.571,92.13652,92.13652,0.0,4.5691,9.0,100.335,115.8749,37.1685,3.4411,3.6331,27.024716,233.2233,23.32233,0.627526,115.45885,115.45885,2.5588500000000067,25.588500000000067,False
2024-09-27,MTH,112.9,113.571,92.13652,92.13652,0.0,4.5691,9.0,100.335,115.8749,37.1685,3.4411,3.6331,27.024716,233.2233,23.32233,0.627526,115.45885,115.45885,2.5588500000000067,25.588500000000067,False
2024-09-30,MTH,113.917,114.607,92.134436,92.134436,0.0,4.5841,9.0,102.535,115.8749,35.6292,3.4659,3.6222,27.311369,235.6971,23.569711,0.633885,115.704147,115.704147,1.7871469999999905,17.871469999999903,False
2024-10-01,MTH,114.0,114.695,92.208567,92.208567,0.0,4.5655,9.0,102.7,115.8749,35.9691,3.4353,3.6194,27.618526,238.3479,23.834788,0.635304,116.043355,116.043355,2.0433550000000054,20.433550000000054,False
2024-10-02,MTH,113.623,114.323,92.216545,92.216545,0.0,4.5538,9.0,101.16,115.8749,36.2301,3.4565,3.6167,26.802749,231.3077,23.130772,0.628047,115.347317,115.347317,1.7243169999999992,17.243169999999992,False
2024-10-03,MTH,113.623,114.323,92.216545,92.216545,0.0,4.5538,9.0,101.16,115.8749,36.2301,3.4565,3.6167,26.802749,231.3077,23.130772,0.628047,115.347317,115.347317,1.7243169999999992,17.243169999999992,False
2024-10-04,MTH,112.032,112.751,91.677886,91.677886,0.0,4.7269,9.0,99.02,115.8749,36.208,3.6893,3.6112,25.782777,222.5054,22.250537,0.620896,113.928423,113.928423,1.8964230000000128,18.96423000000013,False
2024-10-07,MTH,111.158,111.882,91.436772,91.436772,0.0,4.8043,9.0,97.615,115.8749,36.2349,3.7798,3.603,25.040802,216.1021,21.610212,0.614723,113.046984,113.046984,1.888984000000008,18.88984000000008,False
2024-10-08,MTH,111.624,112.353,91.40705,91.40705,0.0,4.8014,9.0,98.095,115.8749,37.7734,3.7936,3.6003,26.404815,227.8736,22.787355,0.623716,114.194405,114.194405,2.570405000000008,25.70405000000008,False
2024-10-09,MTH,111.069,111.803,91.332472,91.332472,0.0,4.832,9.0,97.41,115.8749,37.1123,3.832,3.5975,25.569357,220.6635,22.066355,0.618003,113.398827,113.398827,2.3298269999999945,23.298269999999945,False
2024-10-10,MTH,109.96,110.699,91.348932,91.348932,0.0,4.8129,9.0,96.04,115.8749,36.7443,3.8407,3.5948,24.491417,211.3609,21.136093,0.608872,112.485025,112.485025,2.5250250000000136,25.250250000000136,False
2024-10-11,MTH,109.96,110.699,91.348932,91.348932,0.0,4.8129,9.0,96.04,115.8749,36.7443,3.8407,3.5948,24.491417,211.3609,21.136093,0.608872,112.485025,112.485025,2.5250250000000136,25.250250000000136,False
2024-10-14,MTH,111.364,112.123,91.456236,91.456236,0.0,4.7933,9.0,98.37,115.8749,36.7454,3.8205,3.5838,25.805842,222.7044,22.270442,0.620956,113.726678,113.726678,2.3626780000000025,23.626780000000025,False
2024-10-15,MTH,111.654,112.417,91.560041,91.560041,0.0,4.77,9.0,98.91,115.8749,36.6336,3.7998,3.5811,26.010308,224.469,22.446896,0.622924,114.006937,114.006937,2.352936999999997,23.52936999999997,False
2024-10-16,MTH,112.546,113.314,91.616901,91.616901,0.0,4.7603,9.0,101.64,115.8749,35.3887,3.7847,3.5784,26.74862,230.8406,23.084059,0.632724,114.70096,114.70096,2.1549599999999884,21.549599999999884,False
2024-10-17,MTH,112.546,113.314,91.616901,91.616901,0.0,4.7603,9.0,101.64,115.8749,35.3887,3.7847,3.5784,26.74862,230.8406,23.084059,0.632724,114.70096,114.70096,2.1549599999999884,21.549599999999884,False
2024-10-18,MTH,113.35,114.137,91.501717,91.501717,0.0,4.7954,9.0,102.0,115.8749,34.5287,3.8207,3.5729,26.376805,227.6318,22.763182,0.632296,114.264899,114.264899,0.9148990000000056,9.148990000000056,False
2024-10-21,MTH,110.85,111.642,91.264589,91.264589,0.0,4.8807,9.0,96.82,115.8749,34.3584,3.8913,3.5647,23.208802,200.292,20.029196,0.60276,111.293785,111.293785,0.4437850000000054,4.437850000000054,False
2024-10-22,MTH,108.283,109.08,91.189094,91.189094,0.0,4.8971,9.0,92.01,115.8749,35.0489,3.9207,3.5619,20.848624,179.9236,17.992363,0.576088,109.181457,109.181457,0.8984569999999934,8.984569999999934,False
2024-10-23,MTH,107.339,108.141,91.102822,91.102822,0.0,4.9245,9.0,91.66,115.8749,35.3689,3.9537,3.5592,20.885809,180.2445,18.024453,0.57605,109.127275,109.127275,1.7882749999999987,17.882749999999987,False
2024-10-24,MTH,107.588,108.395,91.090842,91.090842,0.0,4.9268,9.0,92.715,115.8749,35.1439,3.9518,3.5565,21.344978,184.2072,18.420716,0.581575,109.511558,109.511558,1.923558,19.23558,False
2024-10-25,MTH,107.588,108.395,91.090842,91.090842,0.0,4.9268,9.0,92.715,115.8749,35.1439,3.9518,3.5565,21.344978,184.2072,18.420716,0.581575,109.511558,109.511558,1.923558,19.23558,False
2024-10-28,MTH,107.3,108.127,91.003987,91.003987,0.0,4.9599,9.0,92.24,115.8749,35.4844,4.0173,3.5455,21.319969,183.9913,18.399133,0.58108,109.40312,109.40312,2.103120000000004,21.03120000000004,False
2024-10-29,MTH,105.276,106.107,91.003387,91.003387,0.0,4.9528,9.0,90.27,115.8749,36.1831,4.0217,3.5428,20.611942,177.8811,17.788106,0.571904,108.791493,108.791493,3.5154930000000064,35.154930000000064,True
2024-10-30,MTH,105.638,106.474,90.970899,90.970899,0.0,4.9637,9.0,88.77,115.8749,36.0843,4.0468,3.54,19.659864,169.6646,16.966463,0.561616,107.937362,107.937362,2.299362000000002,22.99362000000002,False
2024-10-31,MTH,106.476,107.312,90.861019,90.861019,0.0,4.9937,9.0,90.6,115.8749,35.8741,4.0541,3.5373,20.608138,177.8482,17.784823,0.572759,108.645842,108.645842,2.1698420000000027,21.698420000000027,False
2024-11-01,MTH,106.476,107.312,90.861019,90.861019,0.0,4.9937,9.0,90.6,115.8749,35.8741,4.0541,3.5373,20.608138,177.8482,17.784823,0.572759,108.645842,108.645842,2.1698420000000027,21.698420000000027,False
2024-11-04,MTH,108.625,109.481,90.844992,90.844992,0.0,4.9926,9.0,92.79,115.8749,35.8364,4.0863,3.5264,21.878981,188.8156,18.881561,0.586866,109.726553,109.726553,1.1015530000000098,11.015530000000098,False
2024-11-05,MTH,108.152,109.012,90.929442,90.929442,0.0,4.9711,9.0,95.395,115.8749,36.2361,4.0817,3.5236,23.697118,204.5061,20.450613,0.604483,111.380055,111.380055,3.2280549999999977,32.28054999999998,True
2024-11-06,MTH,107.185,108.05,90.802027,90.802027,0.0,5.0053,9.0,93.325,115.8749,35.1865,4.1694,3.5209,21.822767,188.3305,18.833048,0.588491,109.635075,109.635075,2.4500749999999982,24.500749999999982,False
2024-11-07,MTH,107.185,108.05,90.802027,90.802027,0.0,5.0053,9.0,93.325,115.8749,35.1865,4.1694,3.5209,21.822767,188.3305,18.833048,0.588491,109.635075,109.635075,2.4500749999999982,24.500749999999982,False
2024-11-08,MTH,108.077,108.966,91.040872,91.040872,0.0,4.9487,9.0,95.385,115.8749,35.4512,4.1261,3.5154,23.163046,199.8971,19.989709,0.601451,111.030581,111.030581,2.953581,29.53581,False
2024-11-11,MTH,108.077,108.966,91.040872,91.040872,0.0,4.9487,9.0,95.385,115.8749,35.4512,4.1261,3.5154,23.163046,199.8971,19.989709,0.601451,111.030581,111.030581,2.953581,29.53581,False
2024-11-12,MTH,108.077,108.966,91.040872,91.040872,0.0,4.9487,9.0,95.385,115.8749,35.4512,4.1261,3.5154,23.163046,199.8971,19.989709,0.601451,111.030581,111.030581,2.953581,29.53581,False
2024-11-13,MTH,108.077,108.966,91.040872,91.040872,0.0,4.9487,9.0,95.385,115.8749,35.4512,4.1261,3.5154,23.163046,199.8971,19.989709,0.601451,111.030581,111.030581,2.953581,29.53581,False
2024-11-14,MTH,106.198,106.198,90.700554,90.700554,0.0,5.0671,9.0,90.615,115.8749,35.4004,4.2377,3.499,20.313609,175.3064,17.530644,0.572043,108.231198,108.231198,2.0331979999999987,20.331979999999987,False
2024-11-15,MTH,106.198,106.198,90.700554,90.700554,0.0,5.0671,9.0,90.615,115.8749,35.4004,4.2377,3.499,20.313609,175.3064,17.530644,0.572043,108.231198,108.231198,2.0331979999999987,20.331979999999987,False
2024-11-18,MTH,106.198,106.198,90.700554,90.700554,0.0,5.0671,9.0,90.615,115.8749,35.4004,4.2377,3.499,20.313609,175.3064,17.530644,0.572043,108.231198,108.231198,2.0331979999999987,20.331979999999987,False
2024-11-19,MTH,104.5,104.524,89.988238,90.007683,0.019444,5.0285,8.0,89.125,115.8749,34.4672,4.1958,3.4853,18.7071,161.4423,16.144227,0.554952,106.132465,106.151909,1.6324649999999965,16.324649999999963,False
2024-11-20,MTH,104.209,104.238,89.95983,89.984136,0.024306,5.0486,8.0,89.115,115.8749,35.7646,4.1979,3.4825,19.538743,168.6194,16.861935,0.562117,106.821765,106.846071,2.612764999999996,26.12764999999996,False
2024-11-21,MTH,104.752,104.786,89.868967,89.898134,0.029167,5.0781,8.0,88.84,115.8749,35.8232,4.2318,3.4798,19.436195,167.7344,16.773437,0.561091,106.642404,106.671571,1.890404000000004,18.90404000000004,False
2024-11-22,MTH,104.752,104.786,89.868967,89.898134,0.029167,5.0781,8.0,88.84,115.8749,35.8232,4.2318,3.4798,19.436195,167.7344,16.773437,0.561091,106.642404,106.671571,1.890404000000004,18.90404000000004,False
2024-11-25,MTH,108.784,108.838,90.101272,90.149883,0.048611,5.0311,8.0,97.93,115.8749,35.2219,4.1612,3.4689,24.342008,210.0715,21.007153,0.614311,111.108425,111.157036,2.324424999999991,23.24424999999991,False
2024-11-26,MTH,107.954,108.012,90.077622,90.131095,0.053472,5.0412,8.0,95.81,115.8749,34.9735,4.1618,3.4661,22.889462,197.5361,19.753606,0.600382,109.831228,109.8847,1.8772280000000168,18.77228000000017,False
2024-11-27,MTH,107.457,107.525,90.197129,90.255462,0.058333,5.0049,8.0,94.65,115.8749,34.9638,4.123,3.4634,22.12994,190.9814,19.098138,0.592139,109.295267,109.3536,1.8382670000000016,18.38267000000002,False
2024-11-28,MTH,107.457,107.525,90.197129,90.255462,0.058333,5.0049,8.0,94.65,115.8749,34.9638,4.123,3.4634,22.12994,190.9814,19.098138,0.592139,109.295267,109.3536,1.8382670000000016,18.38267000000002,False
2024-11-29,MTH,107.457,107.525,90.197129,90.255462,0.058333,5.0049,8.0,94.65,115.8749,34.9638,4.123,3.4634,22.12994,190.9814,19.098138,0.592139,109.295267,109.3536,1.8382670000000016,18.38267000000002,False
2024-12-02,MTH,108.01,108.098,90.420648,90.503287,0.082639,4.9465,8.0,95.54,115.8749,36.1837,4.068,3.4497,23.365825,201.6471,20.164707,0.601439,110.585355,110.667994,2.575354999999988,25.75354999999988,False
2024-12-03,MTH,107.649,107.741,90.424186,90.511686,0.0875,4.9385,8.0,95.275,115.8749,35.0115,4.0794,3.447,22.404125,193.3476,19.33476,0.594633,109.758946,109.846446,2.109946000000008,21.09946000000008,False
2024-12-04,MTH,105.757,105.854,90.519517,90.611878,0.092361,4.9015,8.0,92.15,115.8749,36.0212,4.0491,3.4442,21.183104,182.8102,18.281018,0.578865,108.800535,108.892896,3.0435349999999914,30.435349999999914,True
2024-12-05,MTH,105.415,105.517,90.527891,90.625113,0.097222,4.9083,8.0,89.91,115.8749,35.8635,4.0384,3.4415,19.71582,170.1475,17.014753,0.5627,107.542644,107.639866,2.127643999999989,21.27643999999989,False
2024-12-06,MTH,104.695,104.812,90.622455,90.724539,0.102083,4.8709,8.0,90.305,115.8749,36.2976,4.0083,3.4387,20.199665,174.3231,17.432311,0.567085,108.054766,108.156849,3.359766000000008,33.59766000000008,True
2024-12-09,MTH,106.596,106.717,90.623424,90.74009,0.116667,4.8758,8.0,93.195,115.8749,35.5221,4.0253,3.4305,21.372796,184.4472,18.444723,0.581923,109.068147,109.184814,2.4721469999999925,24.721469999999925,False
2024-12-10,MTH,105.9,106.026,90.604981,90.726508,0.121528,4.8813,8.0,91.28,115.8749,35.6654,4.0441,3.4278,20.338191,175.5186,17.551859,0.570286,108.15684,108.278368,2.256839999999982,22.568399999999823,False
2024-12-11,MTH,104.614,104.746,90.591249,90.717638,0.126389,4.873,8.0,90.0,115.8749,36.2282,4.0717,3.4251,19.972336,172.3613,17.236126,0.565177,107.827375,107.953764,3.213374999999999,32.13374999999999,True
2024-12-12,MTH,103.666,103.802,90.462158,90.593408,0.13125,4.9121,8.0,88.725,115.8749,36.1867,4.1092,3.4223,19.209328,165.7765,16.57765,0.556764,107.039808,107.171058,3.373807999999997,33.73807999999997,True
2024-12-13,MTH,101.77,101.921,90.297502,90.433613,0.136111,4.9513,8.0,84.215,115.8749,36.6069,4.1695,3.4196,17.168018,148.16,14.815999,0.530612,105.113501,105.249612,3.3435010000000034,33.435010000000034,True
2024-12-16,MTH,101.824,101.98,90.294207,90.444901,0.150694,4.9595,8.0,83.54,115.8749,36.2111,4.1783,3.4114,16.546731,142.7983,14.279829,0.522971,104.574036,104.72473,2.7500360000000086,27.50036000000009,False
2024-12-17,MTH,100.649,100.809,90.255565,90.411121,0.155556,4.9746,8.0,81.9,115.8749,36.8626,4.1843,3.4086,16.084809,138.8119,13.881191,0.515651,104.136756,104.292312,3.4877560000000045,34.877560000000045,True
2024-12-18,MTH,100.649,100.809,90.255565,90.411121,0.155556,4.9746,8.0,81.9,115.8749,36.8626,4.1843,3.4086,16.084809,138.8119,13.881191,0.515651,104.136756,104.292312,3.4877560000000045,34.877560000000045,True
2024-12-19,MTH,98.153,98.323,89.844783,90.010061,0.165278,5.0802,8.0,75.955,115.8749,38.3425,4.305,3.4031,13.940922,120.3102,12.031016,0.483815,101.875799,102.041077,3.722798999999995,37.22798999999995,True
2024-12-20,MTH,98.558,98.742,89.919215,90.089354,0.170139,5.0599,8.0,77.305,115.8749,38.8828,4.2813,3.4004,14.937977,128.9147,12.891474,0.497929,102.810689,102.980828,4.2526889999999895,42.526889999999895,True
2024-12-23,MTH,98.683,98.872,89.855406,90.040128,0.184722,5.0656,8.0,77.305,115.8749,37.7415,4.3224,3.3922,14.258862,123.054,12.305398,0.489221,102.160804,102.345526,3.477803999999992,34.77803999999992,True
2024-12-24,MTH,98.683,98.872,89.855406,90.040128,0.184722,5.0656,8.0,77.305,115.8749,37.7415,4.3224,3.3922,14.258862,123.054,12.305398,0.489221,102.160804,102.345526,3.477803999999992,34.77803999999992,True
2024-12-25,MTH,98.683,98.872,89.855406,90.040128,0.184722,5.0656,8.0,77.305,115.8749,37.7415,4.3224,3.3922,14.258862,123.054,12.305398,0.489221,102.160804,102.345526,3.477803999999992,34.77803999999992,True
2024-12-26,MTH,98.433,98.637,89.914248,90.113553,0.199306,5.0514,8.0,78.05,115.8749,37.8443,4.3197,3.384,14.672365,126.6225,12.662251,0.495218,102.576499,102.775805,4.143498999999991,41.43498999999992,True
2024-12-27,MTH,98.002,98.221,89.895717,90.099883,0.204167,5.0455,8.0,77.05,115.8749,38.3713,4.3293,3.3812,14.456502,124.7596,12.475961,0.491595,102.371678,102.575845,4.369678000000008,43.69678000000008,True
2024-12-30,MTH,98.059,98.283,90.058351,90.277101,0.21875,5.0072,8.0,76.715,115.8749,37.5657,4.2693,3.373,13.721197,118.4139,11.841393,0.480724,101.899744,102.118494,3.840744000000001,38.40744000000001,True
2024-12-31,MTH,98.059,98.283,90.058351,90.277101,0.21875,5.0072,8.0,76.715,115.8749,37.5657,4.2693,3.373,13.721197,118.4139,11.841393,0.480724,101.899744,102.118494,3.840744000000001,38.40744000000001,True
2025-01-01,MTH,98.059,98.283,90.058351,90.277101,0.21875,5.0072,8.0,76.715,115.8749,37.5657,4.2693,3.373,13.721197,118.4139,11.841393,0.480724,101.899744,102.118494,3.840744000000001,38.40744000000001,True
2025-01-02,MTH,98.059,98.283,90.058351,90.277101,0.21875,5.0072,8.0,76.715,115.8749,37.5657,4.2693,3.373,13.721197,118.4139,11.841393,0.480724,101.899744,102.118494,3.840744000000001,38.40744000000001,True
2025-01-03,MTH,98.25,98.498,90.01002,90.243353,0.233333,5.032,8.0,75.72,115.8749,40.5369,4.2745,3.3621,14.895251,128.546,12.854601,0.495998,102.864621,103.097954,4.614621,46.14621,True
2025-01-06,MTH,98.75,99.003,89.981695,90.229612,0.247917,5.043,8.0,75.15,115.8749,39.2179,4.2828,3.3539,13.814091,119.2156,11.92156,0.480842,101.903255,102.151172,3.153255000000001,31.53255000000001,True
2025-01-07,MTH,98.733,98.991,89.906288,90.159065,0.252778,5.0673,8.0,74.49,115.8749,39.3288,4.3127,3.3511,13.588944,117.2726,11.727259,0.477475,101.633547,101.886325,2.900547000000003,29.00547000000003,False
2025-01-08,MTH,98.733,98.991,89.906288,90.159065,0.252778,5.0673,8.0,74.49,115.8749,39.3288,4.3127,3.3511,13.588944,117.2726,11.727259,0.477475,101.633547,101.886325,2.900547000000003,29.00547000000003,False
2025-01-09,MTH,98.733,98.991,89.906288,90.159065,0.252778,5.0673,8.0,74.49,115.8749,39.3288,4.3127,3.3511,13.588944,117.2726,11.727259,0.477475,101.633547,101.886325,2.900547000000003,29.00547000000003,False
2025-01-10,MTH,98.116,98.398,89.711918,89.979279,0.267361,5.1199,8.0,73.93,115.8749,36.947,4.4013,3.3429,12.135821,104.7321,10.473214,0.45582,100.185132,100.452493,2.069131999999996,20.69131999999996,False
2025-01-13,MTH,98.116,98.398,89.711918,89.979279,0.267361,5.1199,8.0,73.93,115.8749,36.947,4.4013,3.3429,12.135821,104.7321,10.473214,0.45582,100.185132,100.452493,2.069131999999996,20.69131999999996,False
2025-01-14,MTH,99.809,100.1,89.652894,89.9397,0.286806,5.1399,8.0,78.52,115.8749,38.6983,4.4241,3.332,15.278659,131.8548,13.185483,0.503703,102.838377,103.125183,3.029377000000011,30.29377000000011,True
2025-01-15,MTH,100.907,101.203,89.960568,90.252235,0.291667,5.0584,8.0,80.58,115.8749,34.6946,4.3254,3.3292,13.857644,119.5915,11.959147,0.486982,101.919715,102.211382,1.012715,10.12715,False
2025-01-16,MTH,101.142,101.444,90.112026,90.408554,0.296528,5.0264,8.0,80.76,115.8749,37.5834,4.2733,3.3265,15.63972,134.9708,13.497079,0.508957,103.609105,103.905633,2.467105000000004,24.67105000000004,False
2025-01-17,MTH,101.068,101.389,90.101184,90.402573,0.301389,5.0455,8.0,80.58,115.8749,37.501,4.2796,3.3238,15.490022,133.6789,13.367889,0.506979,103.469073,103.770462,2.401073000000011,24.01073000000011,False
2025-01-20,MTH,101.068,101.389,90.101184,90.402573,0.301389,5.0455,8.0,80.58,115.8749,37.501,4.2796,3.3238,15.490022,133.6789,13.367889,0.506979,103.469073,103.770462,2.401073000000011,24.01073000000011,False
2025-01-21,MTH,101.367,101.693,90.187993,90.508827,0.320833,5.0222,8.0,80.57,115.8749,36.0436,4.2693,3.3128,14.55341,125.5959,12.559593,0.495151,102.747586,103.068419,1.380586000000008,13.80586000000008,False
2025-01-22,MTH,101.803,102.134,90.165418,90.491112,0.325694,5.0334,8.0,82.06,115.8749,34.689,4.2801,3.3101,14.498508,125.1221,12.512213,0.496664,102.677631,103.003325,0.8746310000000079,8.74631000000008,False
2025-01-23,MTH,101.674,102.01,90.151791,90.482347,0.330556,5.0275,8.0,82.16,115.8749,35.4157,4.2981,3.3073,14.997077,129.4248,12.942477,0.503044,103.094268,103.424824,1.420267999999993,14.20267999999993,False
2025-01-24,MTH,101.556,101.906,90.184313,90.519729,0.335417,5.0154,8.0,80.98,115.8749,36.6177,4.2891,3.3046,15.092091,130.2447,13.024475,0.502463,103.208788,103.544205,1.652788000000001,16.52788000000001,False
2025-01-27,MTH,102.394,102.749,90.367118,90.717118,0.35,4.9735,8.0,82.91,115.8749,36.8004,4.2209,3.2964,16.106379,138.998,13.899805,0.516199,104.266923,104.616923,1.872923,18.72923,False
2025-01-28,MTH,101.358,101.718,90.402291,90.757152,0.354861,4.9662,8.0,80.88,115.8749,35.4266,4.2108,3.2936,14.20831,122.6177,12.261772,0.490384,102.664063,103.018924,1.3060629999999946,13.060629999999946,False
2025-01-29,MTH,101.358,101.718,90.402291,90.757152,0.354861,4.9662,8.0,80.88,115.8749,35.4266,4.2108,3.2936,14.20831,122.6177,12.261772,0.490384,102.664063,103.018924,1.3060629999999946,13.060629999999946,False
2025-01-30,MTH,102.026,102.395,90.448185,90.812768,0.364583,4.9717,8.0,81.02,115.8749,37.4151,4.1992,3.2882,15.440911,133.2551,13.325506,0.505742,103.773691,104.138274,1.7476910000000032,17.476910000000032,False
2025-01-31,MTH,100.675,101.055,90.356532,90.725976,0.369444,4.9881,8.0,77.87,115.8749,34.0867,4.2309,3.2854,11.994809,103.5152,10.35152,0.455629,100.708052,101.077496,0.033052000000012,0.3305200000001207,False
2025-02-03,MTH,100.675,101.055,90.356532,90.725976,0.369444,4.9881,8.0,77.87,115.8749,34.0867,4.2309,3.2854,11.994809,103.5152,10.35152,0.455629,100.708052,101.077496,0.033052000000012,0.3305200000001207,False
2025-02-04,MTH,100.675,101.055,90.356532,90.725976,0.369444,4.9881,8.0,77.87,115.8749,34.0867,4.2309,3.2854,11.994809,103.5152,10.35152,0.455629,100.708052,101.077496,0.033052000000012,0.3305200000001207,False
2025-02-05,MTH,99.869,100.263,90.545444,90.934333,0.388889,4.9729,8.0,77.17,115.8749,35.3826,4.1568,3.2717,12.276447,105.9457,10.594574,0.4582,101.140018,101.528907,1.271017999999998,12.71017999999998,False
2025-02-06,MTH,99.991,100.39,90.493646,90.887396,0.39375,4.9938,8.0,76.58,115.8749,37.0551,4.1683,3.269,12.899557,111.3232,11.132317,0.466925,101.625963,102.019713,1.634962999999999,16.34962999999999,False
2025-02-07,MTH,98.109,98.522,90.354662,90.753273,0.398611,5.0459,8.0,73.76,115.8749,35.8186,4.2217,3.2663,11.050166,95.3629,9.536293,0.435663,99.890955,100.289566,1.7819550000000106,17.819550000000106,False
2025-02-10,MTH,98.565,98.983,90.343267,90.756461,0.413194,5.0569,8.0,74.51,115.8749,35.3782,4.2341,3.258,11.122406,95.9864,9.598636,0.437578,99.941903,100.355097,1.3769029999999989,13.769029999999988,False
2025-02-11,MTH,98.952,99.375,90.315528,90.733584,0.418056,5.0655,8.0,75.21,115.8749,35.4333,4.2571,3.2553,11.46211,98.918,9.891801,0.444036,100.207329,100.625385,1.2553290000000032,12.553290000000032,False
2025-02-12,MTH,97.979,98.407,90.162847,90.585764,0.422917,5.1026,8.0,73.25,115.8749,36.0094,4.3363,3.2526,10.954088,94.5338,9.453378,0.43436,99.616225,100.039142,1.6372250000000008,16.372250000000008,False
2025-02-13,MTH,98.267,98.7,90.318113,90.745891,0.427778,5.0606,8.0,73.5,115.8749,36.399,4.292,3.2498,11.226266,96.8827,9.688268,0.438812,100.006381,100.434159,1.7393810000000087,17.393810000000087,False
2025-02-14,MTH,98.666,99.118,90.456254,90.888893,0.432639,5.0171,8.0,73.78,115.8749,36.7005,4.244,3.2471,11.462161,98.9184,9.891845,0.442566,100.348099,100.780738,1.682099000000008,16.82099000000008,False
2025-02-17,MTH,98.666,99.118,90.456254,90.888893,0.432639,5.0171,8.0,73.78,115.8749,36.7005,4.244,3.2471,11.462161,98.9184,9.891845,0.442566,100.348099,100.780738,1.682099000000008,16.82099000000008,False
2025-02-18,MTH,98.099,98.556,90.412896,90.864979,0.452083,5.0329,8.0,74.0,115.8749,36.0066,4.2812,3.2361,11.180012,96.4835,9.648351,0.438225,100.061247,100.51333,1.962247000000005,19.62247000000005,False
2025-02-19,MTH,98.052,98.514,90.475265,90.93221,0.456944,5.0136,8.0,73.25,115.8749,37.2117,4.2611,3.2334,11.454276,98.8504,9.88504,0.442036,100.360305,100.817249,2.30830499999999,23.0830499999999,False
2025-02-20,MTH,98.052,98.514,90.475265,90.93221,0.456944,5.0136,8.0,73.25,115.8749,37.2117,4.2611,3.2334,11.454276,98.8504,9.88504,0.442036,100.360305,100.817249,2.30830499999999,23.0830499999999,False
2025-02-21,MTH,97.856,98.338,90.62734,91.094007,0.466667,4.9739,8.0,73.78,115.8749,36.7555,4.1804,3.2279,11.37366,98.1547,9.815469,0.440406,100.442809,100.909476,2.586809000000017,25.86809000000017,False
2025-02-24,MTH,97.217,97.703,90.736527,91.217777,0.48125,4.9525,8.0,72.27,115.8749,35.2053,4.1483,3.2197,9.859765,85.0898,8.508978,0.412141,99.245505,99.726755,2.028504999999996,20.28504999999996,False
2025-02-25,MTH,99.125,99.616,90.896703,91.382815,0.486111,4.9169,8.0,75.94,115.8749,36.558,4.0717,3.217,12.088956,104.3277,10.432769,0.452768,101.329472,101.815583,2.2044720000000098,22.044720000000098,False
2025-02-26,MTH,98.3,98.796,91.002724,91.493696,0.490972,4.8997,8.0,74.78,115.8749,37.0671,4.025,3.2142,11.808596,101.9082,10.190819,0.446953,101.193543,101.684515,2.893543000000008,28.93543000000008,False
2025-02-27,MTH,97.961,98.462,90.971181,91.467014,0.495833,4.9111,8.0,73.1,115.8749,37.4293,4.0293,3.2115,11.26154,97.1871,9.718709,0.436734,100.68989,101.185723,2.728890000000007,27.28890000000007,False
2025-02-28,MTH,97.028,97.553,91.035927,91.536622,0.500694,4.9007,8.0,72.47,115.8749,37.1653,3.9779,3.2088,10.810274,93.2927,9.329266,0.428139,100.365193,100.865887,3.337192999999999,33.37192999999999,True
2025-03-03,MTH,97.039,97.569,91.198609,91.723609,0.525,4.8616,8.0,70.7,115.8749,39.789,3.921,3.2005,11.301444,97.5315,9.753147,0.435493,100.951756,101.476756,3.9127560000000017,39.12756000000002,True
2025-03-04,MTH,97.686,98.221,91.196141,91.726002,0.529861,4.8703,8.0,71.85,115.8749,39.7241,3.9245,3.1978,11.75958,101.4852,10.148517,0.443646,101.344658,101.874519,3.658657999999989,36.58657999999989,True
2025-03-05,MTH,98.886,99.426,91.170159,91.704881,0.534722,4.866,8.0,74.71,115.8749,38.8413,3.9671,3.1951,12.57206,108.4969,10.849688,0.458284,102.019847,102.554569,3.133847000000003,31.33847000000003,True
2025-03-06,MTH,98.886,99.426,91.170159,91.704881,0.534722,4.866,8.0,74.71,115.8749,38.8413,3.9671,3.1951,12.57206,108.4969,10.849688,0.458284,102.019847,102.554569,3.133847000000003,31.33847000000003,True
2025-03-07,MTH,100.126,100.685,91.105047,91.649492,0.544444,4.881,8.0,77.6,115.8749,37.2381,3.9768,3.1896,12.981973,112.0344,11.203443,0.466633,102.30849,102.852934,2.1824900000000014,21.824900000000014,False
2025-03-10,MTH,99.26,99.824,91.231684,91.790712,0.559028,4.8495,8.0,74.8,115.8749,40.4059,3.8977,3.1814,13.297205,114.7549,11.475488,0.468625,102.707172,103.2662,3.447171999999995,34.47171999999995,True
2025-03-11,MTH,98.642,99.21,91.108561,91.67245,0.563889,4.9074,8.0,74.47,115.8749,39.3916,3.9158,3.1786,12.646327,109.1378,10.91378,0.458762,102.022341,102.58623,3.3803410000000014,33.803410000000014,True
2025-03-12,MTH,98.625,99.199,91.003617,91.572367,0.56875,4.942,8.0,72.16,115.8749,41.1768,3.9577,3.1759,12.549746,108.3043,10.830431,0.456662,101.834048,102.402798,3.20904800000001,32.0904800000001,True
2025-03-13,MTH,97.069,97.648,91.019902,91.593513,0.573611,4.9431,8.0,69.41,115.8749,38.1894,3.9242,3.1732,9.844583,84.9588,8.495876,0.408189,99.515778,100.089389,2.446777999999995,24.467779999999948,False
2025-03-14,MTH,97.216,97.809,91.025569,91.604041,0.578472,4.9445,8.0,70.42,115.8749,41.4167,3.9648,3.1704,11.890792,102.6175,10.261753,0.445581,101.287322,101.865794,4.071322000000009,40.71322000000009,True
2025-03-17,MTH,97.51,98.108,91.009442,91.602497,0.593056,4.9613,8.0,70.46,115.8749,38.0117,3.989,3.1622,10.204948,88.0687,8.80687,0.415781,99.816312,100.409368,2.306312000000005,23.06312000000005,False
2025-03-18,MTH,97.644,98.246,91.042307,91.640224,0.597917,4.965,8.0,69.86,115.8749,36.8206,3.9792,3.1595,9.329538,80.5139,8.051392,0.398536,99.093699,99.69161599999998,1.4496989999999812,14.496989999999812,False
2025-03-19,MTH,97.55,98.158,91.220523,91.823301,0.602778,4.8984,8.0,71.17,115.8749,38.3449,3.9453,3.1567,10.630585,91.742,9.174195,0.423561,100.394718,100.997496,2.8447180000000003,28.447180000000003,False
2025-03-20,MTH,97.55,98.158,91.220523,91.823301,0.602778,4.8984,8.0,71.17,115.8749,38.3449,3.9453,3.1567,10.630585,91.742,9.174195,0.423561,100.394718,100.997496,2.8447180000000003,28.447180000000003,False
2025-03-21,MTH,97.85,98.477,91.315308,91.927808,0.6125,4.8659,8.0,70.38,115.8749,34.7674,3.9054,3.1513,8.452158,72.9421,7.294213,0.380289,98.609521,99.222021,0.7595210000000066,7.5952100000000655,False
2025-03-24,MTH,98.72,99.352,91.192353,91.819437,0.627083,4.9212,8.0,73.28,115.8749,34.1056,3.9695,3.1431,9.320642,80.4371,8.043714,0.400666,99.236067,99.86315,0.5160669999999925,5.160669999999925,False
2025-03-25,MTH,98.171,98.808,91.221604,91.853549,0.631944,4.9086,8.0,72.91,115.8749,35.9635,3.9613,3.1403,10.113821,87.2823,8.728227,0.415181,99.949831,100.581775,1.7788309999999967,17.788309999999967,False
2025-03-26,MTH,98.8,99.442,91.161574,91.798379,0.636806,4.9322,8.0,72.89,115.8749,38.0827,3.9766,3.1376,11.184501,96.5222,9.652224,0.434229,100.813798,101.450604,2.0137980000000084,20.137980000000084,False
2025-03-27,MTH,98.54,99.187,91.122517,91.764184,0.641667,4.9445,8.0,72.65,115.8749,34.532,3.9842,3.1348,9.255379,79.8739,7.987392,0.398838,99.109909,99.751576,0.5699089999999956,5.699089999999956,False
2025-03-28,MTH,97.749,98.41,91.289064,91.935592,0.646528,4.894,8.0,70.33,115.8749,36.2324,3.904,3.1321,9.086824,78.4193,7.841929,0.39317,99.130993,99.777521,1.3819929999999945,13.819929999999944,False
2025-03-31,MTH,97.749,98.41,91.289064,91.935592,0.646528,4.894,8.0,70.33,115.8749,36.2324,3.904,3.1321,9.086824,78.4193,7.841929,0.39317,99.130993,99.777521,1.3819929999999945,13.819929999999944,False
2025-04-01,MTH,97.749,98.41,91.289064,91.935592,0.646528,4.894,8.0,70.33,115.8749,36.2324,3.904,3.1321,9.086824,78.4193,7.841929,0.39317,99.130993,99.777521,1.3819929999999945,13.819929999999944,False
2025-04-02,MTH,97.731,98.402,91.465684,92.131657,0.665972,4.8537,8.0,71.44,115.8749,36.6812,3.848,3.1184,9.703057,83.7374,8.373738,0.405441,99.839422,100.505394,2.1084220000000045,21.084220000000045,False
2025-04-03,MTH,96.588,97.263,91.593979,92.264812,0.670833,4.8278,8.0,66.61,115.8749,36.9389,3.7119,3.1157,7.866596,67.8887,6.788872,0.363983,98.382851,99.053684,1.7948510000000084,17.948510000000084,False
2025-04-04,MTH,97.2,97.89,91.57926,92.254954,0.675694,4.8295,8.0,69.14,115.8749,44.3728,3.6502,3.1129,12.33029,106.4104,10.64104,0.45071,102.2203,102.895994,5.020300000000006,50.20300000000006,True
2025-04-07,MTH,96.575,97.27,91.282537,91.972815,0.690278,4.9573,8.0,66.0,115.8749,44.402,3.7002,3.1047,10.970582,94.6761,9.467612,0.427837,100.750149,101.440427,4.175149000000005,41.75149000000005,True
2025-04-08,MTH,96.936,97.636,91.110073,91.805212,0.695139,4.989,8.0,62.53,115.8749,43.6175,3.7392,3.102,9.117557,78.6845,7.868451,0.392333,98.978524,99.673663,2.042523999999986,20.42523999999986,False
2025-04-09,MTH,95.136,95.841,90.933948,91.633948,0.7,5.0696,8.0,66.59,115.8749,43.5904,3.879,3.0992,10.925003,94.2828,9.428278,0.427736,100.362226,101.062226,5.226226000000011,52.26226000000011,True
2025-04-10,MTH,95.197,95.907,90.881172,91.586033,0.704861,5.0601,8.0,63.2,115.8749,45.5417,3.8827,3.0965,10.326723,89.1196,8.911962,0.417718,99.793134,100.497995,4.596134000000006,45.961340000000064,True
2025-04-11,MTH,95.817,96.542,90.70731,91.417032,0.709722,5.1144,8.0,63.98,115.8749,43.2296,3.9626,3.0938,9.63768,83.1732,8.317318,0.403786,99.024628,99.73435,3.207628000000014,32.07628000000014,True
2025-04-14,MTH,95.845,96.574,90.960698,91.685003,0.724306,5.0483,8.0,64.54,115.8749,39.661,3.8838,3.0856,8.265976,71.3354,7.133537,0.373648,98.094235,98.818541,2.2492349999999988,22.492349999999988,False
2025-04-15,MTH,96.081,96.815,91.085187,91.814354,0.729167,5.026,8.0,64.07,115.8749,41.3344,3.8486,3.0828,8.751208,75.5229,7.552292,0.384289,98.637479,99.366646,2.556478999999996,25.56478999999996,False
2025-04-16,MTH,95.565,96.303,91.26275,91.996778,0.734028,4.966,8.0,62.84,115.8749,40.4225,3.7834,3.0801,7.910497,68.2676,6.826759,0.365047,98.089509,98.823537,2.524508999999995,25.245089999999948,False
2025-04-17,MTH,95.774,96.533,91.296842,92.035731,0.738889,4.9556,8.0,65.13,115.8749,42.1425,3.8032,3.0773,9.486361,81.8673,8.186729,0.399356,99.483571,100.22246,3.709570999999997,37.09570999999997,True
2025-04-18,MTH,95.774,96.533,91.296842,92.035731,0.738889,4.9556,8.0,65.13,115.8749,42.1425,3.8032,3.0773,9.486361,81.8673,8.186729,0.399356,99.483571,100.22246,3.709570999999997,37.09570999999997,True
2025-04-21,MTH,95.5,96.263,91.258158,92.016492,0.758333,4.9746,8.0,64.52,115.8749,39.6519,3.7995,3.0664,8.152239,70.3538,7.035382,0.37046,98.29354,99.051873,2.793539999999993,27.93539999999993,False
2025-04-22,MTH,95.5,96.263,91.258158,92.016492,0.758333,4.9746,8.0,64.52,115.8749,39.6519,3.7995,3.0664,8.152239,70.3538,7.035382,0.37046,98.29354,99.051873,2.793539999999993,27.93539999999993,False
2025-04-23,MTH,98.017,98.79,91.336878,92.104933,0.768056,4.9616,8.0,68.21,115.8749,39.6268,3.8348,3.0609,9.563396,82.5321,8.253211,0.400905,99.590089,100.358145,1.5730890000000102,15.730890000000102,False
2025-04-24,MTH,98.309,99.087,91.524353,92.29727,0.772917,4.895,8.0,68.92,115.8749,39.2096,3.7856,3.0582,9.625979,83.0722,8.30722,0.401971,99.831573,100.60449,1.5225730000000084,15.225730000000084,False
2025-04-25,MTH,98.309,99.087,91.524353,92.29727,0.772917,4.895,8.0,68.92,115.8749,39.2096,3.7856,3.0582,9.625979,83.0722,8.30722,0.401971,99.831573,100.60449,1.5225730000000084,15.225730000000084,False
2025-04-28,MTH,97.663,98.46,91.834663,92.627024,0.792361,4.8132,8.0,67.69,115.8749,38.0379,3.687,3.0472,8.471569,73.1096,7.310964,0.377125,99.145627,99.937988,1.482627000000008,14.82627000000008,False
2025-04-29,MTH,97.37,98.172,91.935646,92.732868,0.797222,4.7893,8.0,66.96,115.8749,35.1833,3.6407,3.0445,6.984955,60.2802,6.028016,0.342077,97.963662,98.760884,0.5936619999999948,5.936619999999948,False
2025-04-30,MTH,97.488,98.295,91.981581,92.783665,0.802083,4.7762,8.0,68.14,115.8749,37.5398,3.5957,3.0418,8.3532,72.0881,7.208811,0.374085,99.190392,99.992475,1.7023920000000032,17.023920000000032,False
2025-05-01,MTH,97.329,98.14,91.829675,92.63662,0.806944,4.8394,8.0,66.95,115.8749,37.227,3.6567,3.039,7.836417,67.6283,6.762828,0.362499,98.592503,99.399447,1.263503,12.63503,False
2025-05-02,MTH,98.5,99.326,91.691519,92.503325,0.811806,4.8879,8.0,68.68,115.8749,37.9199,3.7527,3.0363,8.792475,75.8791,7.587906,0.384576,99.279425,100.091231,0.7794250000000034,7.794250000000034,False
2025-05-05,MTH,97.55,98.381,91.624941,92.45133,0.826389,4.9147,8.0,68.27,115.8749,37.8118,3.7868,3.0281,8.567579,73.9382,7.393821,0.379832,99.018762,99.84515100000002,1.4687620000000123,14.687620000000123,False
2025-05-06,MTH,97.452,98.288,91.697069,92.528319,0.83125,4.8858,8.0,66.51,115.8749,37.1392,3.7618,3.0253,7.65699,66.0798,6.607983,0.358725,98.305052,99.136302,0.8530520000000053,8.530520000000053,False
2025-05-07,MTH,98.063,98.903,91.756028,92.592139,0.836111,4.8814,8.0,68.11,115.8749,37.1441,3.7415,3.0226,8.191048,70.6887,7.068874,0.371272,98.824902,99.661013,0.7619019999999921,7.619019999999921,False
2025-05-08,MTH,98.437,99.283,91.616006,92.456978,0.840972,4.9255,8.0,69.19,115.8749,39.0823,3.8287,3.0198,9.555926,82.4676,8.246764,0.400628,99.86277,100.703742,1.42577,14.2577,False
2025-05-09,MTH,97.795,98.655,91.587706,92.433539,0.845833,4.9313,8.0,68.21,115.8749,36.1547,3.8427,3.0171,7.842052,67.6769,6.767691,0.364074,98.355397,99.20123,0.5603969999999947,5.603969999999947,False
2025-05-12,MTH,98.7,99.565,91.533177,92.393594,0.860417,4.9513,8.0,70.85,115.8749,35.5297,3.9226,3.0089,8.506308,73.4094,7.340944,0.380611,98.874121,99.734538,0.1741209999999995,1.7412099999999953,False
2025-05-13,MTH,99.255,100.125,91.513876,92.379153,0.865278,4.942,8.0,71.07,115.8749,36.6619,3.9634,3.0062,9.181533,79.2366,7.923663,0.394821,99.437539,100.302817,0.1825390000000055,1.825390000000056,False
2025-05-14,MTH,97.463,97.463,91.420014,92.290153,0.870139,4.972,8.0,67.21,115.8749,35.1693,4.0031,3.0034,7.113331,61.388,6.138804,0.347244,97.558818,98.428957,0.0958180000000084,0.958180000000084,False
2025-05-15,MTH,97.575,97.58,91.579831,91.579831,0.0,4.9101,7.0,67.7,115.8749,37.4646,3.9433,3.0007,8.21612,70.9051,7.090512,0.372743,98.670343,98.670343,1.0953429999999995,10.953429999999996,False
2025-05-16,MTH,97.3,97.319,91.636234,91.641095,0.004861,4.9062,7.0,69.03,115.8749,37.1092,3.9337,2.9979,8.514439,73.4796,7.347961,0.379687,98.984195,98.989056,1.6841950000000026,16.841950000000026,False
2025-05-19,MTH,97.3,97.319,91.636234,91.641095,0.004861,4.9062,7.0,69.03,115.8749,37.1092,3.9337,2.9979,8.514439,73.4796,7.347961,0.379687,98.984195,98.989056,1.6841950000000026,16.841950000000026,False
2025-05-20,MTH,97.045,97.074,91.702007,91.726313,0.024306,4.8847,7.0,66.52,115.8749,35.9439,3.9394,2.987,7.122152,61.4642,6.146417,0.346629,97.848424,97.87273,0.8034239999999926,8.034239999999926,False
2025-05-21,MTH,96.443,96.477,91.546011,91.575178,0.029167,4.9354,7.0,64.07,115.8749,38.2585,3.9837,2.9843,7.247135,62.5428,6.254278,0.349329,97.800289,97.829456,1.3572889999999944,13.572889999999944,False
2025-05-22,MTH,96.443,96.477,91.546011,91.575178,0.029167,4.9354,7.0,64.07,115.8749,38.2585,3.9837,2.9843,7.247135,62.5428,6.254278,0.349329,97.800289,97.829456,1.3572889999999944,13.572889999999944,False
2025-05-23,MTH,96.443,96.477,91.546011,91.575178,0.029167,4.9354,7.0,64.07,115.8749,38.2585,3.9837,2.9843,7.247135,62.5428,6.254278,0.349329,97.800289,97.829456,1.3572889999999944,13.572889999999944,False
2025-05-26,MTH,96.443,96.477,91.546011,91.575178,0.029167,4.9354,7.0,64.07,115.8749,38.2585,3.9837,2.9843,7.247135,62.5428,6.254278,0.349329,97.800289,97.829456,1.3572889999999944,13.572889999999944,False
2025-05-27,MTH,97.163,97.226,91.753977,91.81231,0.058333,4.8987,7.0,65.81,115.8749,37.778,3.9283,2.9678,7.575763,65.3788,6.537884,0.357161,98.291861,98.35019400000002,1.1288610000000148,11.288610000000148,False
2025-05-28,MTH,96.256,96.324,91.732312,91.795506,0.063194,4.9102,7.0,63.68,115.8749,39.7848,3.9496,2.9651,7.651487,66.0323,6.603233,0.358868,98.335545,98.398739,2.079544999999996,20.79544999999996,False
2025-05-29,MTH,96.901,96.974,91.797281,91.865336,0.068056,4.8902,7.0,63.99,115.8749,41.8012,3.9167,2.9624,8.537727,73.6806,7.368059,0.379133,99.16534,99.233396,2.264340000000004,22.64340000000004,False
2025-05-30,MTH,96.953,97.036,91.900998,91.973915,0.072917,4.8544,7.0,63.61,115.8749,40.7144,3.8886,2.9596,7.95223,68.6277,6.862774,0.365654,98.763772,98.836689,1.810772,18.10772,False
2025-06-02,MTH,96.524,96.612,91.868416,91.951055,0.082639,4.8719,7.0,63.2,115.8749,40.1049,3.9071,2.9514,7.547626,65.136,6.513601,0.356079,98.382017,98.464656,1.8580169999999896,18.580169999999896,False
2025-06-03,MTH,96.765,96.857,91.890444,91.977944,0.0875,4.8592,7.0,64.27,115.8749,39.7446,3.9213,2.9487,7.774425,67.0933,6.709329,0.361521,98.599773,98.687273,1.8347729999999984,18.347729999999984,False
2025-06-04,MTH,96.978,97.075,92.045204,92.137565,0.092361,4.8076,7.0,65.57,115.8749,37.3533,3.8528,2.9459,7.211761,62.2375,6.223749,0.347721,98.268953,98.361314,1.2909530000000018,12.909530000000018,False
2025-06-05,MTH,96.8,96.902,91.970536,92.067758,0.097222,4.8333,7.0,65.24,115.8749,38.44,3.8752,2.9432,7.544715,65.1109,6.511089,0.355838,98.481625,98.578847,1.6816249999999968,16.816249999999968,False
2025-06-06,MTH,96.931,97.047,91.813856,91.915939,0.102083,4.8884,7.0,64.0,115.8749,40.2753,3.9703,2.9405,7.887308,68.0675,6.806747,0.364388,98.620603,98.722686,1.6896030000000053,16.896030000000053,False
2025-06-09,MTH,96.98,97.102,91.859438,91.976104,0.116667,4.8769,7.0,65.28,115.8749,39.848,3.9708,2.9322,8.136533,70.2183,7.021828,0.370092,98.881266,98.997933,1.9012659999999928,19.01265999999993,False
2025-06-10,MTH,97.481,97.608,91.880511,92.002039,0.121528,4.8679,7.0,67.76,115.8749,38.7213,3.9653,2.9295,8.531012,73.6226,7.362263,0.379194,99.242774,99.364302,1.7617740000000026,17.617740000000026,False
2025-06-11,MTH,97.476,97.607,92.009044,92.135433,0.126389,4.8217,7.0,65.68,115.8749,39.4954,3.917,2.9268,8.090173,69.8182,6.981819,0.368734,98.990863,99.117252,1.5148630000000054,15.148630000000054,False
2025-06-12,MTH,97.5,97.636,92.13562,92.26687,0.13125,4.7878,7.0,65.95,115.8749,39.2955,3.8691,2.924,8.071399,69.6562,6.965618,0.368055,99.101238,99.232488,1.6012380000000093,16.012380000000093,False
2025-06-13,MTH,96.603,96.753,92.049815,92.185926,0.136111,4.8154,7.0,64.47,115.8749,42.3831,3.8962,2.9213,8.784925,75.8139,7.581391,0.38409,99.631206,99.767317,3.0282059999999973,30.282059999999973,True
2025-06-16,MTH,96.603,96.753,92.049815,92.185926,0.136111,4.8154,7.0,64.47,115.8749,42.3831,3.8962,2.9213,8.784925,75.8139,7.581391,0.38409,99.631206,99.767317,3.0282059999999973,30.282059999999973,True
2025-06-17,MTH,96.866,97.026,92.079881,92.235436,0.155556,4.8304,7.0,62.57,115.8749,39.8224,3.8951,2.9103,7.076046,61.0663,6.106628,0.344068,98.186509,98.342065,1.3205090000000013,13.205090000000013,False
2025-06-18,MTH,96.398,96.568,92.10188,92.262296,0.160417,4.8199,7.0,62.44,115.8749,41.5408,3.8892,2.9076,7.694018,66.3994,6.639938,0.359374,98.741818,98.902235,2.343817999999999,23.43817999999999,False
2025-06-19,MTH,96.398,96.568,92.10188,92.262296,0.160417,4.8199,7.0,62.44,115.8749,41.5408,3.8892,2.9076,7.694018,66.3994,6.639938,0.359374,98.741818,98.902235,2.343817999999999,23.43817999999999,False
2025-06-20,MTH,96.586,96.771,92.165648,92.335787,0.170139,4.8012,7.0,63.91,115.8749,41.2769,3.8693,2.9021,8.077454,69.7084,6.970843,0.368044,99.136491,99.30663,2.550491000000008,25.50491000000008,False
2025-06-23,MTH,96.586,96.771,92.165648,92.335787,0.170139,4.8012,7.0,63.91,115.8749,41.2769,3.8693,2.9021,8.077454,69.7084,6.970843,0.368044,99.136491,99.30663,2.550491000000008,25.50491000000008,False
2025-06-24,MTH,97.415,97.609,92.447172,92.636755,0.189583,4.7169,7.0,67.51,115.8749,43.3858,3.7773,2.8912,10.33379,89.1806,8.918061,0.414378,101.365233,101.554816,3.950232999999983,39.50232999999983,True
2025-06-25,MTH,96.75,96.949,92.460611,92.655055,0.194444,4.7129,7.0,65.77,115.8749,37.8224,3.7546,2.8884,7.241898,62.4976,6.249758,0.347561,98.710369,98.904813,1.960369,19.60369,False
2025-06-26,MTH,97.202,97.406,92.567297,92.766602,0.199306,4.6799,7.0,66.27,115.8749,41.7636,3.7145,2.8857,9.006208,77.7236,7.772357,0.387398,100.339654,100.53896,3.1376539999999977,31.37653999999998,True
2025-06-27,MTH,97.5,97.719,92.5658,92.769967,0.204167,4.6823,7.0,66.76,115.8749,40.6039,3.7278,2.883,8.670243,74.8242,7.48242,0.380301,100.04822,100.252387,2.5482200000000006,25.48220000000001,False
2025-06-30,MTH,97.5,97.719,92.5658,92.769967,0.204167,4.6823,7.0,66.76,115.8749,40.6039,3.7278,2.883,8.670243,74.8242,7.48242,0.380301,100.04822,100.252387,2.5482200000000006,25.48220000000001,False
2025-07-01,MTH,99.074,99.303,92.673049,92.89666,0.223611,4.6621,7.0,70.97,115.8749,38.6697,3.7252,2.872,9.474397,81.764,8.176405,0.397886,100.849454,101.073065,1.7754540000000103,17.754540000000105,False
2025-07-02,MTH,99.3,99.533,92.674861,92.903333,0.228472,4.6524,7.0,72.62,115.8749,38.645,3.7474,2.8693,10.153178,87.6219,8.762193,0.411821,101.437054,101.665526,2.1370540000000062,21.370540000000062,False
2025-07-03,MTH,98.9,99.153,92.582269,92.815603,0.233333,4.6974,7.0,70.63,115.8749,38.7643,3.8172,2.8665,9.405373,81.1684,8.116837,0.396888,100.699106,100.932439,1.7991059999999948,17.991059999999948,False
2025-07-04,MTH,98.9,99.153,92.582269,92.815603,0.233333,4.6974,7.0,70.63,115.8749,38.7643,3.8172,2.8665,9.405373,81.1684,8.116837,0.396888,100.699106,100.932439,1.7991059999999948,17.991059999999948,False
2025-07-07,MTH,98.427,98.685,92.491109,92.743887,0.252778,4.7368,7.0,68.65,115.8749,39.2287,3.8451,2.8556,8.767663,75.6649,7.566493,0.383193,100.057602,100.31038,1.630601999999982,16.30601999999982,False
2025-07-08,MTH,99.024,99.286,92.447603,92.705242,0.257639,4.7578,7.0,69.49,115.8749,38.4012,3.8655,2.8528,8.724416,75.2917,7.529171,0.382698,99.976774,100.234413,0.9527740000000052,9.527740000000051,False
2025-07-09,MTH,99.277,99.544,92.517015,92.779515,0.2625,4.7341,7.0,74.0,115.8749,41.3298,3.8201,2.8501,11.985614,103.4358,10.343585,0.444557,102.8606,103.1231,3.583600000000004,35.83600000000004,True
2025-07-10,MTH,101.47,101.742,92.550356,92.817717,0.267361,4.727,7.0,75.36,115.8749,38.3376,3.8192,2.8474,11.102011,95.8104,9.581035,0.430769,102.131391,102.398752,0.6613909999999947,6.613909999999947,False
2025-07-11,MTH,100.46,100.747,92.465415,92.737637,0.272222,4.7473,7.0,73.77,115.8749,39.8512,3.8569,2.8446,11.18009,96.4842,9.648418,0.431229,102.113833,102.386055,1.653833000000006,16.53833000000006,False
2025-07-14,MTH,99.892,100.183,92.479169,92.765974,0.286806,4.7553,7.0,72.6,115.8749,38.4507,3.8596,2.8364,9.981847,86.1433,8.614334,0.409063,101.093503,101.380309,1.2015030000000024,12.015030000000024,False
2025-07-15,MTH,99.216,99.512,92.396501,92.688168,0.291667,4.7835,7.0,69.45,115.8749,43.0707,3.9063,2.8337,10.845509,93.5967,9.359675,0.424176,101.756176,102.047843,2.5401760000000024,25.401760000000024,False
2025-07-16,MTH,99.316,99.617,92.488753,92.785281,0.296528,4.7466,7.0,70.39,115.8749,38.1386,3.8715,2.8309,8.891708,76.7354,7.673544,0.386451,100.162297,100.458825,0.8462969999999927,8.462969999999927,False
2025-07-17,MTH,99.761,100.067,92.499581,92.80097,0.301389,4.75,7.0,71.02,115.8749,38.9636,3.8798,2.8282,9.544764,82.3713,8.237131,0.399881,100.736712,101.038101,0.9757120000000156,9.757120000000157,False
2025-07-18,MTH,98.63,98.951,92.609217,92.915467,0.30625,4.7103,7.0,69.96,115.8749,36.7497,3.8478,2.8255,8.062875,69.5826,6.958261,0.368428,99.567478,99.873728,0.9374779999999988,9.374779999999989,False
2025-07-21,MTH,99.912,100.237,92.692488,93.013321,0.320833,4.7008,7.0,69.95,115.8749,37.4809,3.8117,2.8172,8.315105,71.7594,7.175935,0.37362,99.868423,100.189256,-0.0435770000000133,-0.435770000000133,False
2025-07-22,MTH,102.182,102.513,92.74505,93.070745,0.325694,4.6917,7.0,75.37,115.8749,37.9278,3.7827,2.8145,10.749243,92.766,9.276597,0.424199,102.021647,102.347341,-0.1603530000000006,-1.6035300000000063,False
2025-07-23,MTH,102.011,102.346,92.728693,93.059249,0.330556,4.6973,7.0,74.78,115.8749,37.3528,3.8123,2.8118,10.22943,88.28,8.827998,0.4147,101.556691,101.887247,-0.4543089999999949,-4.54308999999995,False
2025-07-24,MTH,100.2,100.54,92.64584,92.981257,0.335417,4.7252,7.0,71.05,115.8749,36.6633,3.8492,2.809,8.354804,72.102,7.210196,0.375304,99.856036,100.191453,-0.3439639999999997,-3.439639999999997,False
2025-07-25,MTH,100.2,100.54,92.64584,92.981257,0.335417,4.7252,7.0,71.05,115.8749,36.6633,3.8492,2.809,8.354804,72.102,7.210196,0.375304,99.856036,100.191453,-0.3439639999999997,-3.439639999999997,False
2025-07-28,MTH,100.236,100.595,92.679444,93.034305,0.354861,4.7207,7.0,70.37,115.8749,36.3597,3.8566,2.7981,7.952015,68.6259,6.862589,0.366064,99.542033,99.896894,-0.6939670000000007,-6.939670000000007,False
2025-07-29,MTH,99.5,99.864,92.763843,93.123566,0.359722,4.6975,7.0,69.47,115.8749,36.7178,3.8144,2.7953,7.765905,67.0198,6.701976,0.361052,99.465819,99.825541,-0.0341810000000037,-0.3418100000000379,False
2025-07-30,MTH,99.212,99.581,92.686673,93.051256,0.364583,4.7347,7.0,67.97,115.8749,36.2597,3.859,2.7926,7.082368,61.1208,6.112084,0.344351,98.798757,99.16334,-0.4132430000000084,-4.132430000000085,False
2025-07-31,MTH,98.83,99.199,92.655498,93.024942,0.369444,4.7302,7.0,67.34,115.8749,40.0252,3.8703,2.7899,8.384941,72.362,7.236204,0.374291,99.891702,100.261146,1.0617019999999968,10.617019999999968,False
2025-08-01,MTH,99.741,100.125,92.964304,93.333748,0.369444,4.5731,7.0,71.13,115.8749,36.8926,3.7084,2.7871,8.342115,71.9925,7.199245,0.374017,100.163549,100.532993,0.4225490000000036,4.225490000000036,False
2025-08-04,MTH,100.625,101.014,93.108497,93.492525,0.384028,4.5332,7.0,72.56,115.8749,36.6209,3.6569,2.7789,8.739284,75.42,7.542002,0.382936,100.650499,101.034527,0.0254989999999963,0.2549899999999638,False
2025-08-05,MTH,101.32,101.714,93.103946,93.492835,0.388889,4.5711,7.0,73.29,115.8749,36.2124,3.6608,2.7762,8.830705,76.209,7.620898,0.38539,100.724844,101.113733,-0.5951560000000029,-5.951560000000029,False
2025-08-06,MTH,101.091,101.49,93.146161,93.539911,0.39375,4.5536,7.0,71.94,115.8749,36.2609,3.6561,2.7734,8.288471,71.5295,7.15295,0.373004,100.299111,100.692861,-0.7918889999999834,-7.918889999999835,False
2025-08-07,MTH,101.365,101.768,93.132504,93.531115,0.398611,4.5592,7.0,71.75,115.8749,37.2903,3.6745,2.7707,8.707683,75.1473,7.514731,0.381748,100.647235,101.045846,-0.717765,-7.17765,False
2025-08-08,MTH,101.129,101.547,93.068274,93.471746,0.403472,4.5828,7.0,72.16,115.8749,34.7384,3.7038,2.768,7.697218,66.427,6.642699,0.36057,99.710973,100.114445,-1.4180270000000093,-14.180270000000093,False
2025-08-11,MTH,101.129,101.547,93.068274,93.471746,0.403472,4.5828,7.0,72.16,115.8749,34.7384,3.7038,2.768,7.697218,66.427,6.642699,0.36057,99.710973,100.114445,-1.4180270000000093,-14.180270000000093,False
2025-08-12,MTH,101.447,101.875,93.1359,93.558817,0.422917,4.5534,7.0,74.51,115.8749,33.2031,3.6968,2.757,7.78404,67.1763,6.717626,0.364792,99.853526,100.276443,-1.5934740000000005,-15.934740000000009,False
2025-08-13,MTH,103.158,103.59,93.280599,93.708377,0.427778,4.4993,7.0,78.09,115.8749,37.3043,3.6494,2.7543,11.237828,96.9825,9.698245,0.433515,102.978844,103.406622,-0.1791560000000061,-1.7915600000000609,False
2025-08-14,MTH,103.026,103.464,93.235585,93.668224,0.432639,4.526,7.0,77.0,115.8749,37.3291,3.6807,2.7515,10.81039,93.2937,9.329367,0.42547,102.564952,102.997591,-0.461047999999991,-4.61047999999991,False
2025-08-15,MTH,103.054,103.506,93.225871,93.663371,0.4375,4.5305,7.0,77.0,115.8749,38.0835,3.7075,2.7488,11.182542,96.5053,9.650533,0.431858,102.876404,103.313904,-0.1775960000000083,-1.775960000000083,False
2025-08-18,MTH,103.468,103.925,93.216775,93.668859,0.452083,4.5407,7.0,77.23,115.8749,37.6073,3.7193,2.7406,11.018643,95.0909,9.509089,0.429371,102.725864,103.177947,-0.7421360000000021,-7.421360000000021,False
2025-08-19,MTH,103.381,103.843,93.222783,93.679728,0.456944,4.5429,7.0,77.25,115.8749,36.6145,3.6995,2.7379,10.518302,90.7729,9.077294,0.420747,102.300077,102.757021,-1.0809229999999983,-10.809229999999983,False
2025-08-20,MTH,102.564,103.031,93.253486,93.715292,0.461806,4.5417,7.0,74.99,115.8749,40.2472,3.6792,2.7351,11.31434,97.6428,9.764276,0.432146,103.017762,103.479568,0.4537619999999975,4.537619999999976,False
2025-08-21,MTH,102.819,103.291,93.163739,93.630405,0.466667,4.5827,7.0,74.89,115.8749,36.8273,3.7194,2.7324,9.644476,83.2318,8.323183,0.402684,101.486922,101.953589,-1.3320779999999957,-13.320779999999957,False
2025-08-22,MTH,105.098,105.584,93.352552,93.82408,0.471528,4.501,7.0,80.08,115.8749,37.1172,3.6533,2.7296,11.860684,102.3577,10.235771,0.445421,103.588323,104.059851,-1.5096769999999964,-15.096769999999964,False
2025-08-25,MTH,104.46,104.951,93.348791,93.834902,0.486111,4.5121,7.0,78.3,115.8749,39.8854,3.6628,2.7214,12.46175,107.5449,10.754491,0.45261,104.103282,104.589393,-0.3567179999999865,-3.567179999999865,False
2025-08-26,MTH,104.4,104.896,93.408699,93.899672,0.490972,4.4912,7.0,77.18,115.8749,38.3619,3.6304,2.7187,11.21846,96.8153,9.681531,0.431806,103.09023,103.581202,-1.3097700000000143,-13.097700000000144,False
2025-08-27,MTH,104.48,104.981,93.453411,93.949245,0.495833,4.4796,7.0,77.86,115.8749,37.4537,3.6042,2.7159,11.029612,95.1856,9.518555,0.429161,102.971966,103.467799,-1.508033999999995,-15.08033999999995,False
2025-08-28,MTH,104.75,105.256,93.482139,93.982834,0.500694,4.4818,7.0,77.82,115.8749,39.1594,3.5946,2.7132,11.820231,102.0086,10.20086,0.441784,103.682999,104.183693,-1.0670009999999903,-10.670009999999904,False
2025-08-29,MTH,104.45,104.97,93.467696,93.973252,0.505556,4.4878,7.0,77.69,115.8749,37.4027,3.5833,2.7105,10.900065,94.0676,9.406756,0.426625,102.874452,103.380008,-1.5755479999999975,-15.755479999999976,False
2025-09-01,MTH,104.45,104.97,93.467696,93.973252,0.505556,4.4878,7.0,77.69,115.8749,37.4027,3.5833,2.7105,10.900065,94.0676,9.406756,0.426625,102.874452,103.380008,-1.5755479999999975,-15.755479999999976,False
2025-09-02,MTH,104.111,104.636,93.388948,93.909087,0.520139,4.5042,7.0,76.28,115.8749,38.8207,3.6151,2.6995,10.979743,94.7552,9.475518,0.42674,102.864466,103.384605,-1.2465340000000111,-12.465340000000111,False
2025-09-03,MTH,104.111,104.636,93.388948,93.909087,0.520139,4.5042,7.0,76.28,115.8749,38.8207,3.6151,2.6995,10.979743,94.7552,9.475518,0.42674,102.864466,103.384605,-1.2465340000000111,-12.465340000000111,False
2025-09-04,MTH,105.78,106.315,93.636648,94.166509,0.529861,4.4107,7.0,81.5,115.8749,40.0862,3.5459,2.694,13.934439,120.2542,12.025421,0.475528,105.662069,106.19193,-0.1179310000000128,-1.1793100000001289,False
2025-09-05,MTH,107.089,107.638,93.810208,94.344931,0.534722,4.3275,7.0,82.83,115.8749,36.7545,3.4756,2.6913,12.687807,109.4958,10.949577,0.459489,104.759785,105.294507,-2.3292149999999907,-23.292149999999907,False
2025-09-08,MTH,106.187,106.741,93.86522,94.414526,0.549306,4.3121,7.0,82.14,115.8749,40.4461,3.4501,2.6831,14.324744,123.6225,12.362254,0.480582,106.227474,106.77678,0.0404740000000032,0.4047400000000323,False
2025-09-09,MTH,105.635,106.194,93.818157,94.372324,0.554167,4.3458,7.0,79.09,115.8749,37.5176,3.4723,2.6804,11.331469,97.7906,9.779058,0.434154,103.597215,104.151382,-2.0377849999999995,-20.377849999999995,False
2025-09-10,MTH,105.013,105.577,93.857107,94.416135,0.559028,4.3268,7.0,78.57,115.8749,35.5186,3.4684,2.6776,10.132426,87.4428,8.744283,0.413372,102.60139,103.160418,-2.4116100000000102,-24.116100000000102,False
2025-09-11,MTH,106.19,106.759,93.92789,94.491779,0.563889,4.29,7.0,81.06,115.8749,37.6421,3.4613,2.6749,12.236421,105.6003,10.560031,0.450282,104.487921,105.05181,-1.7020789999999977,-17.020789999999977,False
2025-09-12,MTH,105.201,105.784,93.883211,94.451961,0.56875,4.3084,7.0,78.79,115.8749,37.6363,3.4927,2.6721,11.245484,97.0485,9.704853,0.432503,103.588064,104.156814,-1.6129359999999906,-16.129359999999906,False
2025-09-15,MTH,104.068,104.656,93.945191,94.528524,0.583333,4.2877,7.0,77.18,115.8749,37.5758,3.4841,2.6639,10.524715,90.8283,9.082829,0.418596,103.02802,103.611353,-1.03998,-10.3998,False
2025-09-16,MTH,104.068,104.656,93.945191,94.528524,0.583333,4.2877,7.0,77.18,115.8749,37.5758,3.4841,2.6639,10.524715,90.8283,9.082829,0.418596,103.02802,103.611353,-1.03998,-10.3998,False
2025-09-17,MTH,104.604,105.202,93.928784,94.52184,0.593056,4.28,7.0,75.46,115.8749,38.2865,3.4866,2.6585,10.145872,87.5589,8.755887,0.410264,102.684671,103.277727,-1.9193290000000047,-19.193290000000047,False
2025-09-18,MTH,104.191,104.794,93.902092,94.500008,0.597917,4.2789,7.0,76.58,115.8749,39.8934,3.5208,2.6557,11.370538,98.1277,9.812775,0.432506,103.714867,104.312784,-0.4761330000000043,-4.761330000000044,False
2025-09-19,MTH,103.933,104.551,93.86819,94.470968,0.602778,4.2801,7.0,75.44,115.8749,39.0614,3.5381,2.653,10.510446,90.7051,9.070515,0.417045,102.938705,103.541483,-0.994295000000008,-9.94295000000008,False
2025-09-22,MTH,103.186,103.808,93.85205,94.469411,0.617361,4.2947,7.0,73.2,115.8749,38.6065,3.5528,2.6448,9.35732,80.7537,8.075367,0.394006,101.927417,102.544778,-1.2585830000000016,-12.585830000000016,False
2025-09-23,MTH,102.924,103.551,93.859532,94.481755,0.622222,4.3027,7.0,73.0,115.8749,41.4283,3.5421,2.642,10.568815,91.2089,9.120888,0.416526,102.98042,103.602642,0.0564200000000028,0.564200000000028,False
2025-09-24,MTH,102.992,103.624,93.79602,94.423103,0.627083,4.329,7.0,73.02,115.8749,44.2343,3.562,2.6393,11.852732,102.2891,10.228908,0.438837,104.024928,104.652011,1.0329279999999983,10.329279999999985,False
2025-09-25,MTH,102.512,103.149,93.668576,94.300521,0.631944,4.3878,7.0,71.39,115.8749,40.9218,3.6094,2.6366,9.684717,83.5791,8.357911,0.399656,102.026487,102.658431,-0.4855129999999974,-4.855129999999974,False
2025-09-26,MTH,102.561,103.212,93.668654,94.30546,0.636806,4.3778,7.0,72.35,115.8749,41.4533,3.6223,2.6338,10.31863,89.0498,8.904977,0.412081,102.573631,103.210437,0.0126309999999989,0.1263099999999895,False
2025-09-29,MTH,102.428,103.084,93.749626,94.401015,0.651389,4.3505,7.0,72.74,115.8749,39.6784,3.6056,2.6256,9.617227,82.9967,8.299667,0.398911,102.049293,102.700682,-0.3787069999999914,-3.7870699999999142,False
2025-09-30,MTH,102.3,102.961,93.757465,94.413715,0.65625,4.3447,7.0,72.43,115.8749,40.1153,3.595,2.6229,9.675655,83.5009,8.35009,0.399779,102.107555,102.763805,-0.1924450000000064,-1.924450000000064,False
2025-10-01,MTH,102.3,102.961,93.757465,94.413715,0.65625,4.3447,7.0,72.43,115.8749,40.1153,3.595,2.6229,9.675655,83.5009,8.35009,0.399779,102.107555,102.763805,-0.1924450000000064,-1.924450000000064,False
2025-10-02,MTH,102.188,102.859,93.933033,94.599005,0.665972,4.3022,7.0,73.71,115.8749,39.6109,3.534,2.6174,9.910361,85.5264,8.552642,0.404585,102.485675,103.151647,0.2976749999999981,2.9767499999999814,False
2025-10-03,MTH,103.04,103.725,93.8895,94.560333,0.670833,4.323,7.0,74.73,115.8749,39.862,3.5555,2.6146,10.442895,90.1222,9.012218,0.41511,102.901718,103.572551,-0.1382820000000038,-1.382820000000038,False
2025-10-06,MTH,103.04,103.725,93.8895,94.560333,0.670833,4.323,7.0,74.73,115.8749,39.862,3.5555,2.6146,10.442895,90.1222,9.012218,0.41511,102.901718,103.572551,-0.1382820000000038,-1.382820000000038,False
2025-10-07,MTH,101.368,102.064,93.903986,94.594264,0.690278,4.3285,7.0,69.73,115.8749,41.9406,3.5599,2.6037,9.300276,80.2614,8.026138,0.391006,101.930124,102.620402,0.5621240000000114,5.621240000000114,False
2025-10-08,MTH,100.75,101.45,93.896774,94.591912,0.695139,4.3353,7.0,68.8,115.8749,42.647,3.5657,2.601,9.223751,79.601,7.960097,0.389287,101.856871,102.55201,1.1068709999999982,11.068709999999982,False
2025-10-09,MTH,100.217,100.922,93.836026,94.536026,0.7,4.3613,7.0,67.91,115.8749,39.5453,3.5749,2.5982,7.584016,65.4501,6.545006,0.353365,100.381032,101.081032,0.1640320000000059,1.6403200000000595,False
2025-10-10,MTH,100.4,101.124,93.889944,94.594806,0.704861,4.3384,7.0,66.54,115.8749,41.2358,3.5141,2.5955,7.739774,66.7943,6.679425,0.356392,100.569369,101.27423,0.169368999999989,1.69368999999989,False
2025-10-13,MTH,99.861,100.585,93.908384,94.627828,0.719444,4.3386,7.0,66.79,115.8749,41.5161,3.5142,2.5873,7.899866,68.1758,6.817585,0.360071,100.725969,101.445413,0.8649689999999879,8.649689999999879,False
2025-10-14,MTH,99.84,100.569,94.038297,94.762603,0.724306,4.3058,7.0,69.44,115.8749,43.3083,3.4698,2.5845,9.666434,83.4213,8.342132,0.397679,102.380429,103.104735,2.540428999999989,25.40428999999989,False
2025-10-15,MTH,100.223,100.957,94.044753,94.77392,0.729167,4.3124,7.0,69.62,115.8749,43.1444,3.4795,2.5818,9.66065,83.3714,8.337141,0.397619,102.381894,103.111061,2.158894000000004,21.58894000000004,False
2025-10-16,MTH,100.223,100.957,94.044753,94.77392,0.729167,4.3124,7.0,69.62,115.8749,43.1444,3.4795,2.5818,9.66065,83.3714,8.337141,0.397619,102.381894,103.111061,2.158894000000004,21.58894000000004,False
2025-10-17,MTH,100.613,101.366,94.136944,94.875833,0.738889,4.2735,7.0,70.14,115.8749,40.616,3.4346,2.5763,8.697635,75.0606,7.506059,0.377858,101.643003,102.381892,1.0300029999999936,10.300029999999936,False
2025-10-20,MTH,100.635,101.393,94.187555,94.941027,0.753472,4.26,7.0,70.47,115.8749,40.5844,3.4303,2.5681,8.781041,75.7804,7.578038,0.379646,101.765593,102.519065,1.1305930000000046,11.305930000000046,False
2025-10-21,MTH,100.635,101.393,94.187555,94.941027,0.753472,4.26,7.0,70.47,115.8749,40.5844,3.4303,2.5681,8.781041,75.7804,7.578038,0.379646,101.765593,102.519065,1.1305930000000046,11.305930000000046,False
2025-10-22,MTH,100.635,101.393,94.187555,94.941027,0.753472,4.26,7.0,70.47,115.8749,40.5844,3.4303,2.5681,8.781041,75.7804,7.578038,0.379646,101.765593,102.519065,1.1305930000000046,11.305930000000046,False
2025-10-23,MTH,100.475,101.248,94.169097,94.937153,0.768056,4.2847,7.0,71.66,115.8749,41.1284,3.4462,2.5599,9.483145,81.8395,8.183954,0.394365,102.353051,103.121107,1.8780509999999992,18.780509999999992,False
2025-10-24,MTH,100.475,101.248,94.169097,94.937153,0.768056,4.2847,7.0,71.66,115.8749,41.1284,3.4462,2.5599,9.483145,81.8395,8.183954,0.394365,102.353051,103.121107,1.8780509999999992,18.780509999999992,False
2025-10-27,MTH,100.475,101.248,94.169097,94.937153,0.768056,4.2847,7.0,71.66,115.8749,41.1284,3.4462,2.5599,9.483145,81.8395,8.183954,0.394365,102.353051,103.121107,1.8780509999999992,18.780509999999992,False
2025-10-28,MTH,100.862,101.659,94.213024,95.005385,0.792361,4.2775,7.0,71.04,115.8749,40.3385,3.4601,2.5462,8.822747,76.1403,7.61403,0.380752,101.827054,102.619415,0.9650540000000092,9.650540000000092,False
2025-10-29,MTH,99.965,100.767,94.053668,94.85089,0.797222,4.3511,7.0,67.08,115.8749,42.6321,3.5434,2.5435,8.267966,71.3525,7.135254,0.368255,101.188922,101.986144,1.2239220000000015,12.239220000000016,False
2025-10-30,MTH,99.687,100.494,93.938219,94.740302,0.802083,4.3908,7.0,67.48,115.8749,40.1442,3.5778,2.5407,7.467961,64.4485,6.444851,0.350121,100.38307,101.185153,0.696070000000006,6.96070000000006,False
2025-10-31,MTH,99.565,100.382,93.881461,94.688405,0.806944,4.408,7.0,67.56,115.8749,40.6703,3.581,2.538,7.685816,66.3286,6.63286,0.355254,100.514321,101.321265,0.9493209999999976,9.493209999999976,False
2025-11-03,MTH,98.876,99.697,93.795805,94.612472,0.816667,4.4568,7.0,65.77,115.8749,40.2488,3.59,2.5298,6.907437,59.6112,5.961118,0.335993,99.756923,100.57359,0.8809229999999957,8.809229999999957,False
2025-11-04,MTH,98.876,99.697,93.795805,94.612472,0.816667,4.4568,7.0,65.77,115.8749,40.2488,3.59,2.5298,6.907437,59.6112,5.961118,0.335993,99.756923,100.57359,0.8809229999999957,8.809229999999957,False
2025-11-05,MTH,98.876,99.697,93.795805,94.612472,0.816667,4.4568,7.0,65.77,115.8749,40.2488,3.59,2.5298,6.907437,59.6112,5.961118,0.335993,99.756923,100.57359,0.8809229999999957,8.809229999999957,False
2025-11-06,MTH,98.876,99.697,93.795805,94.612472,0.816667,4.4568,7.0,65.77,115.8749,40.2488,3.59,2.5298,6.907437,59.6112,5.961118,0.335993,99.756923,100.57359,0.8809229999999957,8.809229999999957,False
2025-11-07,MTH,98.485,99.336,93.917002,94.753113,0.836111,4.4029,7.0,67.0,115.8749,39.8738,3.5475,2.5188,7.116205,61.4128,6.141285,0.341202,100.058287,100.894398,1.5732869999999934,15.732869999999934,False
2025-11-10,MTH,99.23,100.091,93.915736,94.766431,0.850694,4.4221,7.0,67.02,115.8749,41.6459,3.5665,2.5106,7.767925,67.0372,6.703719,0.356799,100.619455,101.470149,1.389454999999998,13.89454999999998,False
2025-11-11,MTH,99.23,100.091,93.915736,94.766431,0.850694,4.4221,7.0,67.02,115.8749,41.6459,3.5665,2.5106,7.767925,67.0372,6.703719,0.356799,100.619455,101.470149,1.389454999999998,13.89454999999998,False
2025-11-12,MTH,99.23,100.091,93.915736,94.766431,0.850694,4.4221,7.0,67.02,115.8749,41.6459,3.5665,2.5106,7.767925,67.0372,6.703719,0.356799,100.619455,101.470149,1.389454999999998,13.89454999999998,False
2025-11-13,MTH,99.23,100.091,93.915736,94.766431,0.850694,4.4221,7.0,67.02,115.8749,41.6459,3.5665,2.5106,7.767925,67.0372,6.703719,0.356799,100.619455,101.470149,1.389454999999998,13.89454999999998,False
2025-11-17,MTH,98.25,98.265,93.868228,93.877951,0.009722,4.4605,6.0,64.56,115.8749,40.8254,3.5883,2.4914,6.586016,56.8373,5.683732,0.327298,99.55196,99.561682,1.3019600000000082,13.019600000000082,False
2025-11-18,MTH,98.25,98.265,93.868228,93.877951,0.009722,4.4605,6.0,64.56,115.8749,40.8254,3.5883,2.4914,6.586016,56.8373,5.683732,0.327298,99.55196,99.561682,1.3019600000000082,13.019600000000082,False
2025-11-19,MTH,98.27,98.294,93.937055,93.9565,0.019444,4.4344,6.0,65.71,115.8749,38.5987,3.5628,2.486,6.099755,52.6409,5.264088,0.314344,99.201143,99.220587,0.9311430000000058,9.311430000000058,False
2025-11-20,MTH,98.27,98.294,93.937055,93.9565,0.019444,4.4344,6.0,65.71,115.8749,38.5987,3.5628,2.486,6.099755,52.6409,5.264088,0.314344,99.201143,99.220587,0.9311430000000058,9.311430000000058,False
2025-11-21,MTH,99.0,99.044,94.041203,94.070369,0.029167,4.3999,6.0,70.29,115.8749,37.467,3.5011,2.4805,7.110856,61.3667,6.136668,0.342057,100.177871,100.207038,1.177870999999996,11.77870999999996,False
2025-11-24,MTH,99.0,99.044,94.041203,94.070369,0.029167,4.3999,6.0,70.29,115.8749,37.467,3.5011,2.4805,7.110856,61.3667,6.136668,0.342057,100.177871,100.207038,1.177870999999996,11.77870999999996,False
2025-11-25,MTH,100.292,100.345,94.227571,94.276183,0.048611,4.341,6.0,73.05,115.8749,35.9765,3.4572,2.4695,7.35687,63.4898,6.348979,0.349648,100.57655,100.625161,0.2845499999999958,2.8454999999999586,False
2025-11-26,MTH,100.292,100.345,94.227571,94.276183,0.048611,4.341,6.0,73.05,115.8749,35.9765,3.4572,2.4695,7.35687,63.4898,6.348979,0.349648,100.57655,100.625161,0.2845499999999958,2.8454999999999586,False
2025-11-27,MTH,100.292,100.345,94.227571,94.276183,0.048611,4.341,6.0,73.05,115.8749,35.9765,3.4572,2.4695,7.35687,63.4898,6.348979,0.349648,100.57655,100.625161,0.2845499999999958,2.8454999999999586,False
2025-11-28,MTH,100.846,100.924,94.248093,94.311288,0.063194,4.327,6.0,73.08,115.8749,39.1161,3.4765,2.4613,8.737634,75.4058,7.540578,0.379617,101.788671,101.851865,0.94267099999999,9.4267099999999,False
2025-12-01,MTH,100.311,100.394,94.182158,94.259936,0.077778,4.3506,6.0,72.96,115.8749,36.2718,3.5154,2.4531,7.412811,63.9726,6.397256,0.351049,100.579414,100.657192,0.2684139999999928,2.684139999999928,False
2025-12-02,MTH,100.311,100.394,94.182158,94.259936,0.077778,4.3506,6.0,72.96,115.8749,36.2718,3.5154,2.4531,7.412811,63.9726,6.397256,0.351049,100.579414,100.657192,0.2684139999999928,2.684139999999928,False
2025-12-03,MTH,100.224,100.316,94.289288,94.376788,0.0875,4.3045,6.0,74.66,115.8749,36.2116,3.4819,2.4476,7.975568,68.8291,6.882915,0.364899,101.172203,101.259703,0.9482029999999924,9.482029999999924,False
2025-12-04,MTH,100.494,100.591,94.250524,94.342885,0.092361,4.3215,6.0,72.53,115.8749,38.0289,3.5126,2.4449,7.970398,68.7845,6.878453,0.363052,101.128977,101.221338,0.6349769999999921,6.349769999999921,False
2025-12-05,MTH,101.04,101.152,94.218909,94.316132,0.097222,4.3297,6.0,72.23,115.8749,36.7066,3.5402,2.4422,7.320846,63.1789,6.31789,0.348351,100.536799,100.634021,-0.5032010000000042,-5.032010000000042,False
2025-12-08,MTH,101.04,101.152,94.218909,94.316132,0.097222,4.3297,6.0,72.23,115.8749,36.7066,3.5402,2.4422,7.320846,63.1789,6.31789,0.348351,100.536799,100.634021,-0.5032010000000042,-5.032010000000042,False
2025-12-09,MTH,99.547,99.668,94.133415,94.250082,0.116667,4.3729,6.0,69.75,115.8749,39.1669,3.5915,2.4312,7.44967,64.2906,6.429065,0.349869,100.56248,100.679147,1.0154799999999966,10.154799999999966,False
2025-12-10,MTH,99.944,100.07,94.230786,94.352314,0.121528,4.3133,6.0,72.12,115.8749,38.7434,3.5596,2.4285,8.082635,69.7531,6.975314,0.365326,101.2061,101.327628,1.2620999999999896,12.620999999999896,False
2025-12-11,MTH,100.318,100.449,94.2656,94.391989,0.126389,4.3098,6.0,72.57,115.8749,39.8709,3.5361,2.4257,8.748041,75.4956,7.54956,0.379537,101.81516,101.941549,1.497160000000008,14.97160000000008,False
2025-12-12,MTH,100.01,100.156,94.234622,94.365872,0.13125,4.3076,6.0,71.96,115.8749,38.2337,3.5438,2.423,7.759585,66.9652,6.696522,0.357982,100.931144,101.062394,0.9211439999999982,9.211439999999982,False
2025-12-15,MTH,99.719,99.87,94.261101,94.406934,0.145833,4.3062,6.0,71.1,115.8749,39.4626,3.5301,2.4148,7.926553,68.4062,6.840615,0.361,101.101716,101.247549,1.382716000000002,13.82716000000002,False
2025-12-16,MTH,100.05,100.206,94.329956,94.48065,0.150694,4.2888,6.0,69.78,115.8749,38.8583,3.5007,2.412,7.234846,62.4367,6.243672,0.344224,100.573628,100.724322,0.5236280000000022,5.236280000000022,False
2025-12-17,MTH,99.037,99.198,94.349276,94.504832,0.155556,4.2828,6.0,68.29,115.8749,38.325,3.4946,2.4093,6.538734,56.4293,5.642927,0.326167,99.992203,100.147759,0.9552029999999974,9.552029999999974,False
2025-12-18,MTH,99.041,99.206,94.402713,94.56313,0.160417,4.2612,6.0,68.27,115.8749,41.485,3.4725,2.4066,7.69595,66.416,6.641605,0.354258,101.044318,101.204735,2.0033180000000077,20.033180000000076,False
2025-12-19,MTH,98.618,98.797,94.37613,94.541408,0.165278,4.2799,6.0,66.58,115.8749,38.5158,3.4877,2.4038,6.037021,52.0995,5.209949,0.312053,99.586079,99.751357,0.968079000000003,9.68079000000003,False
2025-12-22,MTH,98.349,98.534,94.383338,94.563199,0.179861,4.2854,6.0,65.55,115.8749,38.5036,3.5029,2.3956,5.676585,48.9889,4.898893,0.301646,99.282231,99.462092,0.9332309999999922,9.332309999999922,False
2025-12-23,MTH,98.035,98.225,94.348902,94.533625,0.184722,4.2971,6.0,65.7,115.8749,37.6184,3.5221,2.3929,5.389668,46.5128,4.651283,0.293459,99.000185,99.184907,0.9651850000000052,9.651850000000053,False
2025-12-24,MTH,98.035,98.225,94.348902,94.533625,0.184722,4.2971,6.0,65.7,115.8749,37.6184,3.5221,2.3929,5.389668,46.5128,4.651283,0.293459,99.000185,99.184907,0.9651850000000052,9.651850000000053,False
2025-12-25,MTH,98.035,98.225,94.348902,94.533625,0.184722,4.2971,6.0,65.7,115.8749,37.6184,3.5221,2.3929,5.389668,46.5128,4.651283,0.293459,99.000185,99.184907,0.9651850000000052,9.651850000000053,False
2025-12-26,MTH,98.035,98.225,94.348902,94.533625,0.184722,4.2971,6.0,65.7,115.8749,37.6184,3.5221,2.3929,5.389668,46.5128,4.651283,0.293459,99.000185,99.184907,0.9651850000000052,9.651850000000053,False
2026-01-06,MTH,98.737,98.99,94.525584,94.773501,0.247917,4.2436,6.0,67.37,115.8749,38.3898,3.4865,2.3546,6.068787,52.3736,5.237363,0.312911,99.762947,100.010864,1.0259470000000022,10.259470000000022,False
2026-01-07,MTH,99.227,99.485,94.533821,94.786599,0.252778,4.2502,6.0,66.2,115.8749,39.9646,3.4753,2.3518,6.26183,54.0396,5.40396,0.317637,99.937781,100.190559,0.7107809999999972,7.107809999999972,False
2026-01-08,MTH,99.029,99.291,94.492839,94.750478,0.257639,4.2644,6.0,68.36,115.8749,39.9965,3.4979,2.3491,6.969627,60.1479,6.014788,0.336672,100.507627,100.765266,1.478627000000003,14.78627000000003,False
2026-01-09,MTH,100.817,101.094,94.469079,94.731579,0.2625,4.2771,6.0,75.45,115.8749,42.8217,3.5223,2.3463,10.847759,93.6162,9.361616,0.420318,103.830695,104.093195,3.0136949999999985,30.136949999999985,True
2026-01-12,MTH,102.25,102.532,94.455197,94.73228,0.277083,4.2916,6.0,76.01,115.8749,41.7718,3.5379,2.3381,10.579368,91.2999,9.129995,0.416041,103.585192,103.862275,1.3351919999999922,13.351919999999922,False
2026-01-13,MTH,102.875,103.162,94.493856,94.775801,0.281944,4.2738,6.0,78.64,115.8749,41.8386,3.5324,2.3354,11.648541,100.5269,10.052691,0.435986,104.546547,104.828491,1.6715469999999897,16.715469999999897,False
2026-01-14,MTH,102.59,102.882,94.532252,94.819057,0.286806,4.2657,6.0,77.08,115.8749,42.088,3.5168,2.3326,11.112276,95.8989,9.589894,0.425824,104.122146,104.408952,1.5321459999999971,15.321459999999972,False
2026-01-15,MTH,103.103,103.399,94.493986,94.785653,0.291667,4.2872,6.0,78.25,115.8749,40.3132,3.5481,2.3299,10.791681,93.1322,9.313221,0.421643,103.807207,104.098874,0.7042070000000109,7.042070000000109,False
2026-01-16,MTH,103.452,103.768,94.436679,94.733207,0.296528,4.3005,6.0,76.15,115.8749,41.5769,3.589,2.3272,10.523022,90.8137,9.081368,0.41535,103.518047,103.814575,0.0660469999999975,0.6604699999999752,False
2026-01-19,MTH,103.452,103.768,94.436679,94.733207,0.296528,4.3005,6.0,76.15,115.8749,41.5769,3.589,2.3272,10.523022,90.8137,9.081368,0.41535,103.518047,103.814575,0.0660469999999975,0.6604699999999752,False
2026-01-20,MTH,102.926,103.247,94.409009,94.724981,0.315972,4.307,6.0,74.66,115.8749,38.2586,3.615,2.3162,8.413051,72.6046,7.260463,0.373787,101.669472,101.985444,-1.256528000000003,-12.56528000000003,False
2026-01-21,MTH,102.432,102.757,94.490784,94.811618,0.320833,4.279,6.0,76.1,115.8749,37.2684,3.5983,2.3135,8.514799,73.4827,7.348271,0.377246,101.839055,102.159888,-0.5929450000000003,-5.929450000000003,False
2026-01-22,MTH,102.547,102.877,94.495874,94.821568,0.325694,4.2732,6.0,74.55,115.8749,38.9036,3.609,2.3107,8.631283,74.488,7.448797,0.378106,101.944671,102.270365,-0.6023289999999974,-6.023289999999975,False
2026-01-23,MTH,101.858,102.203,94.492407,94.822962,0.330556,4.275,6.0,72.0,115.8749,41.4018,3.6038,2.308,8.700631,75.0864,7.508644,0.377649,102.001051,102.331607,0.1430509999999998,1.4305099999999982,False
2026-01-26,MTH,102.039,102.389,94.51134,94.856479,0.345139,4.2809,6.0,71.7,115.8749,38.6506,3.5936,2.2998,7.395063,63.8194,6.38194,0.348806,100.89328,101.238419,-1.1457199999999972,-11.457199999999972,False
2026-01-27,MTH,102.039,102.389,94.51134,94.856479,0.345139,4.2809,6.0,71.7,115.8749,38.6506,3.5936,2.2998,7.395063,63.8194,6.38194,0.348806,100.89328,101.238419,-1.1457199999999972,-11.457199999999972,False
2026-01-28,MTH,101.168,101.527,94.55223,94.907091,0.354861,4.2572,6.0,69.18,115.8749,41.7755,3.6,2.2943,7.718659,66.612,6.661203,0.354877,101.213433,101.568294,0.0454329999999885,0.4543299999998851,False
2026-01-29,MTH,101.528,101.892,94.566104,94.925827,0.359722,4.2622,6.0,69.96,115.8749,39.8131,3.5761,2.2916,7.231353,62.4066,6.240658,0.343724,100.806762,101.166484,-0.7212380000000138,-7.212380000000138,False
2026-01-30,MTH,101.48,101.855,94.609205,94.973788,0.364583,4.2384,6.0,69.51,115.8749,41.3319,3.5582,2.2888,7.626632,65.8178,6.581783,0.35266,101.190988,101.555571,-0.2890119999999996,-2.890119999999996,False
2026-02-02,MTH,101.48,101.855,94.609205,94.973788,0.364583,4.2384,6.0,69.51,115.8749,41.3319,3.5582,2.2888,7.626632,65.8178,6.581783,0.35266,101.190988,101.555571,-0.2890119999999996,-2.890119999999996,False
2026-02-03,MTH,102.722,103.106,94.585133,94.9643,0.379167,4.2576,6.0,72.77,115.8749,40.6429,3.579,2.2779,8.530052,73.6143,7.361435,0.374201,101.946568,102.325735,-0.775431999999995,-7.75431999999995,False
2026-02-04,MTH,102.608,102.997,94.587731,94.971758,0.384028,4.257,6.0,75.42,115.8749,40.4613,3.5809,2.2752,9.492192,81.9176,8.191762,0.395402,102.779493,103.163521,0.1714929999999981,1.7149299999999812,False
2026-02-05,MTH,102.608,102.997,94.587731,94.971758,0.384028,4.257,6.0,75.42,115.8749,40.4613,3.5809,2.2752,9.492192,81.9176,8.191762,0.395402,102.779493,103.163521,0.1714929999999981,1.7149299999999812,False
2026-02-06,MTH,102.967,103.375,94.705348,95.099098,0.39375,4.218,6.0,75.91,115.8749,39.6499,3.509,2.2697,9.269583,79.9965,7.99965,0.39113,102.704998,103.098748,-0.2620019999999954,-2.620019999999954,False
2026-02-09,MTH,102.967,103.375,94.705348,95.099098,0.39375,4.218,6.0,75.91,115.8749,39.6499,3.509,2.2697,9.269583,79.9965,7.99965,0.39113,102.704998,103.098748,-0.2620019999999954,-2.620019999999954,False
2026-02-10,MTH,103.892,104.31,94.774362,95.187557,0.413194,4.197,6.0,78.51,115.8749,40.1191,3.4671,2.2587,10.432648,90.0338,9.003375,0.414655,103.777737,104.190931,-0.114262999999994,-1.14262999999994,False
2026-02-11,MTH,103.422,103.845,94.758226,95.176281,0.418056,4.2226,6.0,78.05,115.8749,40.8977,3.4978,2.256,10.597992,91.4607,9.146067,0.417187,103.904293,104.322349,0.4822929999999985,4.822929999999985,False
2026-02-12,MTH,103.422,103.845,94.758226,95.176281,0.418056,4.2226,6.0,78.05,115.8749,40.8977,3.4978,2.256,10.597992,91.4607,9.146067,0.417187,103.904293,104.322349,0.4822929999999985,4.822929999999985,False
2026-02-13,MTH,104.925,105.372,94.854655,95.282432,0.427778,4.207,6.0,80.6,115.8749,40.956,3.4157,2.2505,11.599614,100.1047,10.010467,0.435718,104.865122,105.2929,-0.0598779999999976,-0.5987799999999766,False
2026-02-16,MTH,104.925,105.372,94.854655,95.282432,0.427778,4.207,6.0,80.6,115.8749,40.956,3.4157,2.2505,11.599614,100.1047,10.010467,0.435718,104.865122,105.2929,-0.0598779999999976,-0.5987799999999766,False
2026-02-17,MTH,104.4,104.852,94.860998,95.308221,0.447222,4.234,6.0,80.15,115.8749,41.5376,3.4242,2.2396,11.622617,100.3032,10.030318,0.435538,104.891316,105.338538,0.4913159999999834,4.913159999999834,False
2026-02-18,MTH,104.6,105.057,94.871724,95.323807,0.452083,4.2301,6.0,79.0,115.8749,40.3919,3.442,2.2368,10.630367,91.7401,9.174007,0.418223,104.045731,104.497814,-0.5542689999999908,-5.542689999999908,False
2026-02-19,MTH,104.6,105.057,94.871724,95.323807,0.452083,4.2301,6.0,79.0,115.8749,40.3919,3.442,2.2368,10.630367,91.7401,9.174007,0.418223,104.045731,104.497814,-0.5542689999999908,-5.542689999999908,False
2026-02-20,MTH,104.006,104.482,94.849241,95.311047,0.461806,4.2518,6.0,77.83,115.8749,37.55,3.4591,2.2313,8.88938,76.7153,7.671535,0.385201,102.520776,102.982582,-1.485223999999988,-14.85223999999988,False
2026-02-23,MTH,104.18,104.661,94.886217,95.362606,0.476389,4.2534,6.0,76.8,115.8749,39.0699,3.4296,2.2231,9.112739,78.6429,7.864294,0.388137,102.750511,103.2269,-1.4294890000000038,-14.294890000000038,False
2026-02-24,MTH,104.19,104.676,94.856422,95.337672,0.48125,4.2741,6.0,77.48,115.8749,39.6297,3.4376,2.2204,9.616927,82.9941,8.299408,0.39844,103.15583,103.63708,-1.0341700000000031,-10.341700000000031,False
2026-02-25,MTH,102.619,103.11,94.856283,95.342394,0.486111,4.2746,6.0,74.58,115.8749,40.3462,3.4508,2.2177,8.78533,75.8174,7.58174,0.379652,102.438023,102.924134,-0.1809769999999986,-1.809769999999986,False
2026-02-26,MTH,103.425,103.921,94.835164,95.326136,0.490972,4.2885,6.0,75.44,115.8749,39.9854,3.4345,2.2149,8.946282,77.2064,7.720641,0.383507,102.555805,103.046777,-0.8691949999999906,-8.691949999999906,False
2026-02-27,MTH,103.425,103.921,94.835164,95.326136,0.490972,4.2885,6.0,75.44,115.8749,39.9854,3.4345,2.2149,8.946282,77.2064,7.720641,0.383507,102.555805,103.046777,-0.8691949999999906,-8.691949999999906,False
2026-03-02,MTH,103.425,103.921,94.835164,95.326136,0.490972,4.2885,6.0,75.44,115.8749,39.9854,3.4345,2.2149,8.946282,77.2064,7.720641,0.383507,102.555805,103.046777,-0.8691949999999906,-8.691949999999906,False
2026-03-03,MTH,101.858,102.388,94.942329,95.467329,0.525,4.2989,6.0,72.08,115.8749,39.3608,3.3913,2.2012,7.321761,63.1868,6.31868,0.345619,101.261009,101.786009,-0.5969910000000027,-5.969910000000027,False
2026-03-04,MTH,101.622,102.156,94.947958,95.477819,0.529861,4.3131,6.0,71.44,115.8749,39.3537,3.3913,2.1985,7.106461,61.3288,6.132876,0.34009,101.080834,101.610695,-0.541166000000004,-5.41166000000004,False
