ticker,date,market_clean_price,market_dirty_price,clean_floor,dirty_floor,accrued_interest,effective_discount_rate,n_cashflows,stock_price,conversion_price,implied_vol_pct,risk_free_rate_pct,remaining_maturity,option_value,option_value_per_bond,option_value_pct,delta,fair_value_clean,fair_value_dirty,mispricing_pct,mispricing_usd,signal
EVRG,2023-12-07,101.082,101.132,97.344321,97.344321,0.0,5.5923,9,51.7,61.6652,22.2326,4.1984,4.0219,8.93808,144.9453,14.494527,0.580455,111.838848,111.838848,10.756848000000005,107.56848000000005,True
EVRG,2023-12-08,101.012,101.074,97.093021,97.093021,0.0,5.665,9,51.56,61.6652,22.0101,4.2859,4.0192,8.83623,143.2936,14.329361,0.580102,111.422382,111.422382,10.410381999999998,104.10381999999998,True
EVRG,2023-12-11,101.014,101.089,97.047993,97.047993,0.0,5.6847,9,51.78,61.6652,21.4073,4.3117,4.011,8.728126,141.5405,14.154053,0.581993,111.20204600000001,111.20204600000001,10.188046000000014,101.88046000000014,True
EVRG,2023-12-12,101.103,101.191,97.122934,97.122934,0.0,5.6741,9,51.35,61.6652,19.9728,4.3034,4.0082,7.915499,128.3625,12.836248,0.567825,109.959182,109.959182,8.856182000000004,88.56182000000004,True
EVRG,2023-12-13,102.5,102.6,97.814541,97.814541,0.0,5.464,9,53.33,61.6652,20.6626,4.1365,4.0055,9.201535,149.2176,14.921762,0.600099,112.736303,112.736303,10.236303000000007,102.36303000000007,True
EVRG,2023-12-14,103.053,103.191,98.308433,98.308433,0.0,5.3616,9,53.37,61.6652,19.9093,4.0156,4.0027,8.792381,142.5825,14.258252,0.593747,112.56668499999999,112.56668499999999,9.513684999999995,95.13684999999995,True
EVRG,2023-12-15,101.923,102.073,98.323841,98.323841,0.0,5.3771,9,51.76,61.6652,23.6006,4.004,4.0,9.338431,151.4376,15.14376,0.579938,113.467601,113.467601,11.544601,115.44601,True
EVRG,2023-12-18,101.82,101.983,98.266753,98.266753,0.0,5.4049,9,51.46,61.6652,24.2799,4.0222,3.9918,9.435146,153.006,15.3006,0.578464,113.567353,113.567353,11.747353000000004,117.47353000000004,True
EVRG,2023-12-19,102.14,102.315,98.305439,98.305439,0.0,5.389,9,51.85,61.6652,21.7118,4.0154,3.989,8.590589,139.3101,13.931014,0.572635,112.23645300000001,112.23645300000001,10.096453000000011,100.96453000000011,True
EVRG,2023-12-20,101.732,101.92,98.456754,98.456754,0.0,5.3556,9,51.05,61.6652,19.7697,3.9551,3.9863,7.3391,119.0153,11.901526,0.546103,110.35828000000001,110.35828000000001,8.626280000000008,86.26280000000008,True
EVRG,2023-12-21,101.724,101.961,98.540561,98.540561,0.0,5.328,9,51.07,61.6652,22.9733,3.9453,3.9836,8.59641,139.4045,13.940454,0.562725,112.481015,112.481015,10.757014999999996,107.57014999999996,True
EVRG,2023-12-26,102.208,102.47,98.710058,98.710058,0.0,5.2892,9,51.79,61.6652,22.6274,3.9363,3.9699,8.833949,143.2566,14.325661,0.572186,113.035719,113.035719,10.827719000000002,108.27719000000002,True
EVRG,2023-12-27,102.612,102.887,99.004372,99.004372,0.0,5.2253,9,51.85,61.6652,22.3669,3.8639,3.9671,8.69606,141.0205,14.102052,0.569329,113.106424,113.106424,10.49442400000001,104.9442400000001,True
EVRG,2023-12-28,102.904,103.217,98.981649,98.981649,0.0,5.2332,9,52.24,61.6652,22.9352,3.8844,3.9644,9.181165,148.8873,14.888728,0.579204,113.870377,113.870377,10.966377000000008,109.66377000000008,True
EVRG,2024-01-02,103.6,103.938,98.71896,98.71896,0.0,5.3058,9,53.43,61.6652,17.7724,3.9476,3.9507,7.762088,125.8747,12.587468,0.582803,111.306428,111.306428,7.7064280000000025,77.06428000000002,True
EVRG,2024-01-03,103.804,104.154,98.616009,98.616009,0.0,5.3438,9,53.87,61.6652,18.9563,3.9413,3.948,8.522155,138.2004,13.820039,0.594768,112.436048,112.436048,8.632047999999998,86.32047999999998,True
EVRG,2024-01-04,103.472,103.86,98.490634,98.490634,0.0,5.3782,9,53.61,61.6652,21.3349,3.9923,3.9452,9.402745,152.4806,15.248055,0.599075,113.738689,113.738689,10.266689,102.66689,True
EVRG,2024-01-05,103.514,103.914,98.410446,98.410446,0.0,5.3897,9,53.7,61.6652,18.5741,4.0307,3.9425,8.32664,135.0298,13.502979,0.593758,111.91342499999999,111.91342499999999,8.399424999999994,83.99424999999994,True
EVRG,2024-01-08,103.546,103.959,98.541464,98.541464,0.0,5.3697,9,53.92,61.6652,21.8859,4.004,3.9343,9.809138,159.0709,15.907087,0.605914,114.44855100000001,114.44855100000001,10.902551000000003,109.02551000000003,True
EVRG,2024-01-09,103.805,104.23,98.667258,98.667258,0.0,5.3343,9,54.21,61.6652,19.1273,4.0013,3.9316,8.828893,143.1746,14.317462,0.603344,112.98472000000001,112.98472000000001,9.179720000000003,91.79720000000003,True
EVRG,2024-01-10,103.896,104.334,98.693164,98.693164,0.0,5.3276,9,54.08,61.6652,21.5088,4.0079,3.9288,9.74311,158.0001,15.800012,0.60739,114.49317599999999,114.49317599999999,10.59717599999999,105.9717599999999,True
EVRG,2024-01-11,103.25,103.738,98.98263,98.98263,0.0,5.2428,9,53.35,61.6652,22.5871,3.9474,3.9261,9.685023,157.0581,15.705814,0.596534,114.688444,114.688444,11.438444000000004,114.38444000000004,True
EVRG,2024-01-12,103.628,104.128,99.2783,99.2783,0.0,5.1578,9,53.85,61.6652,22.1325,3.8654,3.9233,9.7224,157.6643,15.766427,0.600276,115.044727,115.044727,11.416726999999995,114.16726999999995,True
EVRG,2024-01-16,103.269,103.781,99.091184,99.091184,0.0,5.2229,9,52.86,61.6652,23.4445,3.9261,3.9124,9.695298,157.2248,15.722477,0.590514,114.813661,114.813661,11.54466099999999,115.44660999999991,True
EVRG,2024-01-17,102.224,102.749,98.894266,98.894266,0.0,5.2919,9,51.79,61.6652,22.5729,3.9975,3.9097,8.73972,141.7285,14.172854,0.571123,113.06712,113.06712,10.843119999999999,108.43119999999999,True
EVRG,2024-01-18,101.579,102.141,98.878923,98.878923,0.0,5.2878,9,50.89,61.6652,22.8202,4.0268,3.9069,8.359461,135.562,13.556203,0.557991,112.435126,112.435126,10.856126000000003,108.56126000000003,True
EVRG,2024-01-19,101.39,101.965,98.783085,98.783085,0.0,5.3195,9,50.44,61.6652,21.2592,4.059,3.9042,7.533637,122.17,12.216998,0.542504,111.000083,111.000083,9.610083000000003,96.10083000000003,True
EVRG,2024-01-22,101.0,101.588,98.860979,98.860979,0.0,5.3226,9,49.86,61.6652,21.6834,4.0371,3.896,7.358038,119.3224,11.932235,0.533025,110.793214,110.793214,9.793214000000006,97.93214000000006,True
EVRG,2024-01-23,100.8,101.4,98.83726,98.83726,0.0,5.3225,9,50.04,61.6652,22.8142,4.0487,3.8932,7.896817,128.0595,12.805952,0.543441,111.643212,111.643212,10.843212000000008,108.43212000000008,True
EVRG,2024-01-24,100.774,101.386,98.819043,98.819043,0.0,5.3168,9,49.35,61.6652,22.4205,4.0789,3.8905,7.394706,119.917,11.9917,0.529545,110.81074299999999,110.81074299999999,10.036742999999987,100.36742999999987,True
EVRG,2024-01-25,100.983,101.633,99.003103,99.003103,0.0,5.2615,9,50.08,61.6652,22.3847,4.0388,3.8877,7.7341,125.4208,12.54208,0.540977,111.545183,111.545183,10.56218299999999,105.6218299999999,True
EVRG,2024-01-26,101.0,101.663,99.004335,99.004335,0.0,5.2657,9,49.76,61.6652,22.7328,4.0524,3.885,7.703913,124.9313,12.493127,0.537716,111.497462,111.497462,10.497461999999999,104.97461999999999,True
EVRG,2024-01-29,100.919,101.594,99.15844,99.15844,0.0,5.246,9,50.6,61.6652,22.0457,3.9979,3.8768,7.826788,126.9239,12.69239,0.546282,111.85083,111.85083,10.931830000000005,109.31830000000005,True
EVRG,2024-01-30,101.237,101.912,99.101064,99.101064,0.0,5.2749,9,50.69,61.6652,22.2992,4.0082,3.8741,7.975314,129.3325,12.933247,0.5495,112.03431099999999,112.03431099999999,10.797310999999993,107.97310999999993,True
EVRG,2024-01-31,101.44,102.127,99.287334,99.287334,0.0,5.2201,9,50.77,61.6652,21.9494,3.9431,3.8713,7.826953,126.9266,12.692657,0.546561,111.979991,111.979991,10.539991,105.39991,True
EVRG,2024-02-01,101.874,102.599,99.521534,99.521534,0.0,5.1817,9,51.75,61.6652,22.6271,3.8463,3.8686,8.533098,138.3778,13.837784,0.563514,113.359318,113.359318,11.485318000000007,114.85318000000007,True
EVRG,2024-02-02,101.234,101.972,99.197467,99.197467,0.0,5.2737,9,50.7,61.6652,22.5623,3.9764,3.8658,8.041867,130.4117,13.041174,0.54959,112.238641,112.238641,11.004641000000007,110.04641000000007,True
EVRG,2024-02-05,100.84,101.59,98.855399,98.855399,0.0,5.3673,9,49.67,61.6652,23.0053,4.1013,3.8576,7.744811,125.5945,12.55945,0.537985,111.414849,111.414849,10.574849,105.74849,True
EVRG,2024-02-06,100.554,101.316,98.98845,98.98845,0.0,5.3285,9,49.66,61.6652,22.9161,4.0658,3.8549,7.673948,124.4453,12.444534,0.535909,111.432984,111.432984,10.878984000000003,108.78984000000003,True
EVRG,2024-02-07,100.478,101.253,98.980818,98.980818,0.0,5.333,9,49.38,61.6652,22.6538,4.0722,3.8522,7.423743,120.3879,12.038787,0.529272,111.019605,111.019605,10.541605000000004,105.41605000000004,True
EVRG,2024-02-08,99.689,100.501,98.83563,98.83563,0.0,5.3736,9,48.62,61.6652,25.3834,4.1201,3.8494,8.090673,131.2032,13.12032,0.53526,111.95595,111.95595,12.266950000000008,122.66950000000008,True
EVRG,2024-02-09,100.003,100.828,98.762024,98.762024,0.0,5.3974,9,49.08,61.6652,23.0028,4.1464,3.8467,7.441724,120.6795,12.067946,0.528351,110.82997,110.82997,10.826970000000003,108.26970000000003,True
EVRG,2024-02-12,100.009,100.847,98.770417,98.770417,0.0,5.4114,9,49.77,61.6652,22.1969,4.146,3.8385,7.482203,121.3359,12.13359,0.535266,110.904007,110.904007,10.895006999999993,108.95006999999993,True
EVRG,2024-02-13,99.45,100.3,98.361574,98.361574,0.0,5.5341,9,49.19,61.6652,22.9869,4.2838,3.8357,7.57133,122.7812,12.278123,0.534238,110.63969700000001,110.63969700000001,11.18969700000001,111.8969700000001,True
EVRG,2024-02-14,99.929,100.792,98.45806,98.45806,0.0,5.4944,9,49.19,61.6652,24.9493,4.2695,3.833,8.301382,134.6202,13.462019,0.545605,111.920079,111.920079,11.991079,119.91078999999999,True
EVRG,2024-02-15,100.159,101.071,98.603433,98.603433,0.0,5.4653,9,49.94,61.6652,22.4118,4.2493,3.8303,7.716595,125.1369,12.513694,0.542778,111.117127,111.117127,10.95812699999999,109.5812699999999,True
EVRG,2024-02-16,100.133,101.058,98.454052,98.454052,0.0,5.5012,9,50.03,61.6652,22.3585,4.2993,3.8275,7.776364,126.1062,12.610619,0.545664,111.064671,111.064671,10.931671000000009,109.31671000000009,True
EVRG,2024-02-20,100.25,101.188,98.596729,98.596729,0.0,5.4772,9,50.18,61.6652,22.8183,4.2829,3.8166,7.999396,129.723,12.972301,0.549749,111.56903,111.56903,11.319029999999998,113.19029999999998,True
EVRG,2024-02-21,100.327,101.277,98.540742,98.540742,0.0,5.5002,9,50.61,61.6652,22.4395,4.3141,3.8138,8.103829,131.4165,13.141655,0.556199,111.682397,111.682397,11.355396999999996,113.55396999999996,True
EVRG,2024-02-22,100.033,101.021,98.474395,98.474395,0.0,5.5222,9,50.26,61.6652,22.7425,4.3486,3.8111,8.051816,130.5731,13.057308,0.552658,111.53170300000001,111.53170300000001,11.498703000000006,114.98703000000006,True
EVRG,2024-02-23,100.066,101.066,98.508954,98.508954,0.0,5.5259,9,50.57,61.6652,22.4085,4.3216,3.8084,8.065272,130.7913,13.079129,0.555296,111.588083,111.588083,11.522082999999995,115.22082999999995,True
EVRG,2024-02-26,99.895,100.907,98.419932,98.419932,0.0,5.571,9,49.47,61.6652,22.0735,4.3413,3.8001,7.34178,119.0587,11.905871,0.53353,110.32580300000001,110.32580300000001,10.430803000000012,104.30803000000012,True
EVRG,2024-02-27,99.782,100.807,98.403756,98.403756,0.0,5.5715,9,50.2,61.6652,22.6971,4.361,3.7974,7.984088,129.4748,12.947476,0.551024,111.351232,111.351232,11.569232,115.69232,True
EVRG,2024-02-28,99.596,100.646,98.421203,98.421203,0.0,5.5759,9,49.79,61.6652,22.1304,4.3296,3.7947,7.517214,121.9037,12.190366,0.539139,110.611569,110.611569,11.015569,110.15568999999999,True
EVRG,2024-02-29,99.5,100.588,98.448236,98.448236,0.0,5.5775,9,49.54,61.6652,21.9904,4.3154,3.7919,7.312642,118.5862,11.858619,0.532942,110.306855,110.306855,10.806854999999999,108.06854999999999,True
EVRG,2024-03-01,99.153,100.253,98.682345,98.682345,0.0,5.5209,9,49.12,61.6652,21.92,4.2418,3.7892,7.0016,113.5421,11.354214,0.521717,110.036559,110.036559,10.883558999999991,108.83558999999991,True
EVRG,2024-03-04,99.622,100.735,98.670495,98.670495,0.0,5.5453,9,49.99,61.6652,21.7702,4.2679,3.781,7.413801,120.2266,12.022664,0.537766,110.69315900000001,110.69315900000001,11.071159000000009,110.71159000000009,True
EVRG,2024-03-05,99.746,100.871,98.826077,98.826077,0.0,5.5073,9,50.35,61.6652,22.6994,4.2141,3.7782,7.917863,128.4008,12.840081,0.547689,111.666158,111.666158,11.920158,119.20158,True
EVRG,2024-03-06,99.921,101.058,98.893833,98.893833,0.0,5.5044,9,50.68,61.6652,22.3111,4.1967,3.7755,7.927307,128.554,12.855396,0.55069,111.749229,111.749229,11.828228999999993,118.28228999999993,True
EVRG,2024-03-07,100.302,101.477,99.046601,99.046601,0.0,5.4662,9,51.36,61.6652,21.7402,4.164,3.7728,8.041416,130.4044,13.040442,0.558635,112.087043,112.087043,11.785042999999988,117.85042999999988,True
EVRG,2024-03-08,100.763,101.95,99.149486,99.149486,0.0,5.443,9,51.56,61.6652,22.2198,4.1466,3.77,8.311824,134.7895,13.478953,0.563672,112.628439,112.628439,11.865438999999995,118.65438999999995,True
EVRG,2024-03-11,100.8,102.0,99.142601,99.142601,0.0,5.4638,9,51.63,61.6652,21.9263,4.161,3.7618,8.232534,133.5037,13.350371,0.563621,112.492972,112.492972,11.692971999999997,116.92971999999997,True
EVRG,2024-03-12,100.638,101.851,99.030921,99.030921,0.0,5.4957,9,51.27,61.6652,21.8823,4.2199,3.7591,8.064052,130.7715,13.07715,0.558943,112.10807100000001,112.10807100000001,11.470071000000004,114.70071000000004,True
EVRG,2024-03-13,100.799,102.024,98.962993,98.962993,0.0,5.5201,9,51.44,61.6652,21.8542,4.2552,3.7563,8.166363,132.4306,13.243063,0.562918,112.20605599999999,112.20605599999999,11.407055999999983,114.07055999999983,True
EVRG,2024-03-14,100.611,101.874,98.752899,98.752899,0.0,5.5696,9,50.94,61.6652,21.823,4.3354,3.7536,7.942263,128.7965,12.879651,0.556439,111.63255,111.63255,11.02154999999999,110.2154999999999,True
EVRG,2024-03-15,100.745,102.02,98.710139,98.710139,0.0,5.5733,9,51.6,61.6652,21.8651,4.3737,3.7509,8.338709,135.2255,13.52255,0.569625,112.232689,112.232689,11.487688999999989,114.87688999999989,True
EVRG,2024-03-18,100.838,102.125,98.662546,98.662546,0.0,5.5984,9,51.76,61.6652,21.9134,4.4019,3.7426,8.449056,137.015,13.701496,0.573179,112.36404200000001,112.36404200000001,11.526042000000018,115.26042000000018,True
EVRG,2024-03-19,100.998,102.298,98.753658,98.753658,0.0,5.5849,9,52.2,61.6652,21.2057,4.3775,3.7399,8.394008,136.1223,13.612226,0.577186,112.365884,112.365884,11.36788399999999,113.6788399999999,True
EVRG,2024-03-20,101.072,102.385,98.908099,98.908099,0.0,5.524,9,51.77,61.6652,21.1315,4.3249,3.7372,8.08522,131.1148,13.111478,0.567078,112.01957700000001,112.01957700000001,10.94757700000001,109.4757700000001,True
EVRG,2024-03-21,100.861,102.211,98.990661,98.990661,0.0,5.5085,9,51.79,61.6652,20.4426,4.3235,3.7344,7.825634,126.9052,12.690518,0.564255,111.681179,111.681179,10.820178999999996,108.20178999999996,True
EVRG,2024-03-22,101.038,102.4,99.147497,99.147497,0.0,5.4693,9,51.63,61.6652,20.0628,4.279,3.7317,7.551498,122.4596,12.245963,0.557622,111.39346,111.39346,10.355460000000008,103.55460000000008,True
EVRG,2024-03-25,100.69,102.065,99.07931,99.07931,0.0,5.4988,9,51.42,61.6652,19.2139,4.2933,3.7235,7.101932,115.1692,11.516919,0.5493,110.59622900000001,110.59622900000001,9.90622900000001,99.0622900000001,True
EVRG,2024-03-26,100.591,101.978,99.057196,99.057196,0.0,5.5201,9,51.28,61.6652,21.0987,4.294,3.7207,7.751389,125.7012,12.570118,0.55585,111.62731400000001,111.62731400000001,11.036314000000019,110.36314000000019,True
EVRG,2024-03-28,101.826,103.263,99.142363,99.142363,0.0,5.5205,9,53.38,61.6652,19.146,4.2852,3.7153,8.138777,131.9833,13.198329,0.587736,112.340692,112.340692,10.51469200000001,105.14692000000011,True
EVRG,2024-04-02,101.467,102.93,98.840602,98.840602,0.0,5.5935,9,53.01,61.6652,19.6889,4.3995,3.7016,8.200852,132.9899,13.298993,0.585778,112.139595,112.139595,10.672595000000001,106.72595000000001,True
EVRG,2024-04-05,100.93,102.455,98.848001,98.848001,0.0,5.6022,9,52.2,61.6652,20.8629,4.4209,3.6934,8.204582,133.0504,13.305042,0.574969,112.153043,112.153043,11.22304299999999,112.2304299999999,True
EVRG,2024-04-08,101.179,102.716,98.813552,98.813552,0.0,5.6185,9,52.78,61.6652,20.9493,4.4657,3.6851,8.594048,139.3662,13.936624,0.587165,112.750176,112.750176,11.571175999999994,115.71175999999994,True
EVRG,2024-04-10,100.092,101.655,98.399354,98.399354,0.0,5.7491,9,51.68,61.6652,21.3447,4.6062,3.6797,8.222485,133.3408,13.334075,0.573152,111.733429,111.733429,11.641429000000002,116.41429000000002,True
EVRG,2024-04-11,99.8,101.4,98.321295,98.321295,0.0,5.7548,9,51.46,61.6652,21.3377,4.6368,3.6769,8.117452,131.6375,13.163748,0.570003,111.485043,111.485043,11.685043000000007,116.85043000000007,True
EVRG,2024-04-15,99.204,100.829,98.184615,98.184615,0.0,5.8091,9,50.39,61.6652,21.5974,4.6598,3.666,7.623685,123.6302,12.363025,0.551364,110.54764,110.54764,11.343640000000008,113.43640000000008,True
EVRG,2024-04-16,98.618,100.256,98.031305,98.031305,0.0,5.8508,9,49.56,61.6652,22.0166,4.7043,3.6632,7.354926,119.2719,11.927189,0.539229,109.958494,109.958494,11.340494000000007,113.40494000000007,True
EVRG,2024-04-17,99.247,100.897,98.141368,98.141368,0.0,5.8261,9,50.53,61.6652,21.1662,4.6635,3.6605,7.527653,122.0729,12.207293,0.551608,110.34866099999999,110.34866099999999,11.101660999999993,111.01660999999993,True
EVRG,2024-04-18,99.112,100.8,98.08068,98.08068,0.0,5.8448,9,50.96,61.6652,21.3686,4.6981,3.6578,7.861596,127.4884,12.748835,0.561868,110.829515,110.829515,11.717515000000006,117.17515000000006,True
EVRG,2024-04-19,99.6,101.3,98.112441,98.112441,0.0,5.8403,9,51.76,61.6652,21.0536,4.6926,3.655,8.17322,132.5418,13.254184,0.575145,111.366625,111.366625,11.766625000000005,117.66625000000005,True
EVRG,2024-04-23,100.171,101.896,98.347056,98.347056,0.0,5.7851,9,52.25,61.6652,20.7641,4.6664,3.6441,8.290453,134.443,13.444296,0.581647,111.79135199999999,111.79135199999999,11.620351999999983,116.20351999999983,True
EVRG,2024-04-24,100.154,101.891,98.288344,98.288344,0.0,5.8109,9,52.48,61.6652,19.8558,4.6801,3.6413,8.080594,131.0398,13.103976,0.583354,111.39232,111.39232,11.238320000000002,112.38320000000002,True
EVRG,2024-04-25,99.898,101.673,98.174801,98.174801,0.0,5.8439,9,52.42,61.6652,20.4827,4.732,3.6386,8.320287,134.9268,13.492677,0.585948,111.667478,111.667478,11.769478000000007,117.69478000000007,True
EVRG,2024-04-26,100.002,101.789,98.258262,98.258262,0.0,5.8239,9,51.69,61.6652,20.8463,4.7297,3.6359,8.045323,130.4678,13.046779,0.573253,111.305041,111.305041,11.303041000000007,113.03041000000007,True
EVRG,2024-04-29,100.318,102.118,98.383983,98.383983,0.0,5.8091,9,52.75,61.6652,20.4766,4.703,3.6277,8.453897,137.0935,13.709347,0.590435,112.09333,112.09333,11.775329999999997,117.75329999999997,True
EVRG,2024-04-30,100.375,102.187,98.255797,98.255797,0.0,5.8548,9,52.45,61.6652,19.8073,4.7493,3.6249,8.067825,130.8327,13.08327,0.584263,111.339067,111.339067,10.964067,109.64067,True
EVRG,2024-05-01,100.649,102.474,98.3518,98.3518,0.0,5.8284,9,52.94,61.6652,20.5659,4.7029,3.6222,8.597027,139.4145,13.941454,0.594018,112.29325399999999,112.29325399999999,11.64425399999999,116.4425399999999,True
EVRG,2024-05-02,100.993,102.855,98.605643,98.605643,0.0,5.7641,9,53.55,61.6652,20.0876,4.6451,3.6194,8.733958,141.6351,14.16351,0.602087,112.769153,112.769153,11.776153000000008,117.76153000000008,True
EVRG,2024-05-03,101.381,103.256,98.891581,98.891581,0.0,5.6924,9,54.1,61.6652,19.582,4.5669,3.6167,8.803415,142.7615,14.276146,0.608481,113.167727,113.167727,11.786726999999999,117.86726999999999,True
EVRG,2024-05-06,101.18,103.068,99.017208,99.017208,0.0,5.6726,9,53.96,61.6652,18.9716,4.5502,3.6085,8.435977,136.8029,13.680286,0.603463,112.69749399999999,112.69749399999999,11.517493999999985,115.17493999999985,True
EVRG,2024-05-08,101.689,103.601,99.009704,99.009704,0.0,5.6943,9,54.57,61.6652,19.5129,4.5515,3.603,9.027921,146.4022,14.640218,0.616062,113.649922,113.649922,11.96092200000001,119.60922000000011,True
EVRG,2024-05-09,102.424,104.374,99.058988,99.058988,0.0,5.6894,9,55.72,61.6652,18.6899,4.53,3.6003,9.399924,152.4348,15.24348,0.636306,114.302468,114.302468,11.878467999999998,118.78467999999998,True
EVRG,2024-05-10,102.366,104.329,98.975066,98.975066,0.0,5.7224,9,55.42,61.6652,18.7329,4.5618,3.5975,9.250642,150.014,15.001396,0.63165,113.976462,113.976462,11.610461999999998,116.10461999999998,True
EVRG,2024-05-14,102.273,104.26,99.096174,99.096174,0.0,5.712,9,55.3,61.6652,18.9357,4.5311,3.5866,9.202873,149.2393,14.923931,0.62776,114.020105,114.020105,11.747105000000005,117.47105000000005,True
EVRG,2024-05-15,102.676,104.676,99.361125,99.361125,0.0,5.6351,9,55.64,61.6652,18.5402,4.4497,3.5838,9.178949,148.8513,14.885135,0.630879,114.24626,114.24626,11.570260000000005,115.70260000000005,True
EVRG,2024-05-16,102.953,104.991,99.349742,99.349742,0.0,5.6489,9,55.64,61.6652,19.28,4.4678,3.5811,9.483098,153.7836,15.37836,0.631781,114.728102,114.728102,11.775102000000004,117.75102000000004,True
EVRG,2024-05-17,102.829,104.879,99.285202,99.285202,0.0,5.6693,9,55.11,61.6652,19.5931,4.4936,3.5784,9.292751,150.6968,15.069683,0.622985,114.354885,114.354885,11.525885000000002,115.25885000000002,True
EVRG,2024-05-20,102.678,104.741,99.295483,99.295483,0.0,5.6797,9,55.09,61.6652,19.1817,4.5145,3.5702,9.117205,147.8501,14.785006,0.622521,114.080489,114.080489,11.402489000000003,114.02489000000003,True
EVRG,2024-05-21,103.011,105.086,99.313304,99.313304,0.0,5.6795,9,55.63,61.6652,16.1089,4.5033,3.5674,8.216458,133.243,13.324301,0.632421,112.63760500000001,112.63760500000001,9.626605000000012,96.26605000000012,True
EVRG,2024-05-22,102.538,104.625,99.268486,99.268486,0.0,5.7004,9,54.84,61.6652,18.1976,4.5225,3.5647,8.56135,138.836,13.883598,0.61661,113.152084,113.152084,10.614084000000005,106.14084000000005,True
EVRG,2024-05-23,101.661,103.799,99.104546,99.104546,0.0,5.7509,9,53.41,61.6652,19.5389,4.5811,3.5619,8.24411,133.6914,13.369144,0.592463,112.47369,112.47369,10.812690000000003,108.12690000000003,True
EVRG,2024-05-24,101.406,103.556,99.061321,99.061321,0.0,5.7624,9,53.43,61.6652,19.2469,4.6003,3.5592,8.14862,132.1429,13.214291,0.592655,112.27561200000001,112.27561200000001,10.869612000000004,108.69612000000004,True
EVRG,2024-05-28,101.029,103.179,99.050622,99.050622,0.0,5.7798,9,53.26,61.6652,20.7209,4.6335,3.5483,8.638442,140.0862,14.008616,0.594031,113.05923800000001,113.05923800000001,12.030238000000011,120.30238000000011,True
EVRG,2024-05-29,100.365,102.528,98.894115,98.894115,0.0,5.8112,9,52.57,61.6652,19.0035,4.6912,3.5455,7.61748,123.5296,12.352963,0.577239,111.247078,111.247078,10.882078000000007,108.82078000000007,True
EVRG,2024-05-30,100.75,102.925,99.036797,99.036797,0.0,5.7721,9,53.29,61.6652,18.8187,4.6591,3.5428,7.917302,128.3917,12.839173,0.590078,111.87597000000001,111.87597000000001,11.12597000000001,111.2597000000001,True
EVRG,2024-05-31,101.326,103.526,99.164737,99.164737,0.0,5.742,9,54.66,61.6652,19.0445,4.6167,3.54,8.815958,142.9649,14.296487,0.616323,113.461224,113.461224,12.135224000000008,121.35224000000008,True
EVRG,2024-06-03,101.799,104.012,99.429017,99.429017,0.0,5.6938,9,54.29,61.6652,18.7357,4.5332,3.5318,8.367949,135.6997,13.569968,0.604861,112.998985,112.998985,11.199984999999998,111.99984999999998,True
EVRG,2024-06-04,102.228,104.453,99.588215,99.588215,0.0,5.665,9,54.58,61.6652,18.6022,4.4647,3.5291,8.431444,136.7294,13.672935,0.607731,113.26115,113.26115,11.033150000000006,110.33150000000006,True
EVRG,2024-06-05,101.731,103.969,99.736882,99.736882,0.0,5.6304,9,53.81,61.6652,18.965,4.4203,3.5264,8.051412,130.5665,13.056652,0.590953,112.793534,112.793534,11.062534,110.62534,True
EVRG,2024-06-06,101.417,103.667,99.787876,99.787876,0.0,5.6248,9,53.41,61.6652,18.7391,4.398,3.5236,7.697997,124.8353,12.483534,0.581069,112.27141,112.27141,10.854410000000001,108.54410000000001,True
EVRG,2024-06-07,100.955,103.242,99.488574,99.488574,0.0,5.7148,9,52.96,61.6652,21.276,4.5116,3.5209,8.515117,138.0862,13.808624,0.58445,113.297198,113.297198,12.342197999999996,123.42197999999996,True
EVRG,2024-06-10,100.724,103.024,99.388792,99.388792,0.0,5.7442,9,53.05,61.6652,19.9425,4.56,3.5127,8.060613,130.7157,13.071574,0.582971,112.460366,112.460366,11.73636599999999,117.3636599999999,True
EVRG,2024-06-11,100.949,103.262,99.539453,99.539453,0.0,5.7148,9,53.28,61.6652,18.4088,4.5143,3.5099,7.569771,122.756,12.275595,0.581207,111.81504799999999,111.81504799999999,10.866047999999992,108.66047999999992,True
EVRG,2024-06-12,101.184,103.509,99.761843,99.761843,0.0,5.6568,9,53.12,61.6652,19.932,4.4453,3.5072,7.992042,129.6037,12.960375,0.579792,112.722218,112.722218,11.538218,115.38218,True
EVRG,2024-06-13,100.764,103.102,99.933897,99.933897,0.0,5.6163,9,52.96,61.6652,17.7136,4.3728,3.5044,7.002408,113.5553,11.355525,0.565967,111.289422,111.289422,10.525422000000006,105.25422000000006,True
EVRG,2024-06-14,100.933,100.958,99.959326,99.959326,0.0,5.6198,9,52.74,61.6652,17.7009,4.3487,3.5017,6.851671,111.1108,11.111081,0.55982,111.070407,111.070407,10.137406999999996,101.37406999999996,True
EVRG,2024-06-17,101.222,101.259,97.556471,97.581471,0.025,5.6331,8,52.62,61.6652,19.0542,4.3948,3.4935,7.322567,118.7471,11.874714,0.563955,109.431185,109.456185,8.209185000000005,82.09185000000005,True
EVRG,2024-06-21,101.05,101.163,97.587937,97.662937,0.075,5.6273,8,52.66,61.6652,24.1059,4.3764,3.4825,9.259245,150.1535,15.015347,0.583375,112.603284,112.678284,11.553284000000005,115.53284000000005,True
EVRG,2024-06-24,101.343,101.468,97.614095,97.726595,0.1125,5.6201,8,53.37,61.6652,23.2852,4.3794,3.4743,9.351558,151.6505,15.165048,0.591953,112.779143,112.891643,11.436143000000001,114.36143000000001,True
EVRG,2024-06-25,100.894,101.031,97.576293,97.701293,0.125,5.6393,8,52.87,61.6652,19.1393,4.3721,3.4716,7.428505,120.4651,12.046509,0.567313,109.62280200000001,109.74780200000001,8.728802000000002,87.28802000000002,True
EVRG,2024-06-26,100.721,100.871,97.438568,97.576068,0.1375,5.6751,8,52.83,61.6652,20.8402,4.4292,3.4689,8.081855,131.0602,13.106022,0.574648,110.54459,110.68209,9.823589999999996,98.23589999999996,True
EVRG,2024-06-27,101.172,101.334,97.480458,97.630458,0.15,5.6566,8,53.25,61.6652,21.2025,4.4161,3.4661,8.467798,137.3189,13.73189,0.583404,111.21234799999999,111.362348,10.040347999999994,100.40347999999994,True
EVRG,2024-06-28,101.093,101.293,97.412247,97.574747,0.1625,5.6723,8,52.97,61.6652,19.8598,4.44,3.4634,7.788421,126.3017,12.630171,0.573966,110.042418,110.20491799999999,8.949417999999994,89.49417999999994,True
EVRG,2024-07-01,100.598,100.811,97.294265,97.494265,0.2,5.6847,8,52.71,61.6652,22.6714,4.513,3.4552,8.767661,142.1816,14.218165,0.581451,111.51243,111.71243,10.914429999999996,109.14429999999996,True
EVRG,2024-07-02,100.976,101.201,97.397893,97.610393,0.2125,5.6508,8,52.79,61.6652,20.6427,4.489,3.4524,7.996538,129.6767,12.967665,0.574352,110.365558,110.578058,9.389557999999994,93.89557999999994,True
EVRG,2024-07-03,100.973,101.223,97.572972,97.797972,0.225,5.5978,8,52.46,61.6652,19.3158,4.4407,3.4497,7.280995,118.073,11.807298,0.560816,109.38027,109.60526999999999,8.407269999999997,84.07269999999997,True
EVRG,2024-07-05,100.753,101.04,97.843495,98.093495,0.25,5.5245,8,52.82,61.6652,18.9465,4.3505,3.4442,7.256763,117.68,11.768002,0.563101,109.611497,109.861497,8.858497,88.58497,True
EVRG,2024-07-09,101.196,101.508,97.845208,98.145208,0.3,5.5416,8,53.24,61.6652,19.9095,4.3412,3.4333,7.815451,126.74,12.674004,0.574159,110.519212,110.819212,9.323211999999998,93.23211999999998,True
EVRG,2024-07-10,101.511,101.836,97.866133,98.178633,0.3125,5.5272,8,53.68,61.6652,21.7616,4.3351,3.4305,8.808478,142.8436,14.284356,0.588636,112.15048900000001,112.46298900000001,10.639489000000012,106.39489000000012,True
EVRG,2024-07-11,102.32,102.657,98.147674,98.472674,0.325,5.4325,8,54.64,61.6652,21.7268,4.2415,3.4278,9.295727,150.7451,15.074508,0.602501,113.22218199999999,113.54718199999999,10.902181999999996,109.02181999999996,True
EVRG,2024-07-12,103.098,103.473,98.320986,98.658486,0.3375,5.3758,8,55.05,61.6652,14.0414,4.1942,3.4251,6.457558,104.7196,10.471963,0.595868,108.79294900000001,109.13044900000001,5.694949000000008,56.94949000000008,True
EVRG,2024-07-15,102.397,102.785,98.293436,98.668436,0.375,5.3789,8,54.12,61.6652,18.9776,4.1951,3.4168,7.830233,126.9798,12.697976,0.582792,110.991412,111.366412,8.594411999999991,85.94411999999991,True
EVRG,2024-07-16,102.446,102.846,98.39904,98.78654,0.3875,5.3553,8,54.77,61.6652,18.3076,4.1597,3.4141,7.92557,128.5258,12.852579,0.593147,111.251619,111.63911900000001,8.805619000000007,88.05619000000007,True
EVRG,2024-07-17,103.181,103.593,98.419264,98.819264,0.4,5.3594,8,55.27,61.6652,18.3625,4.1427,3.4114,8.234283,133.5321,13.353207,0.602896,111.772471,112.172471,8.591470999999999,85.91470999999999,True
EVRG,2024-07-18,103.261,103.685,98.339335,98.751835,0.4125,5.3821,8,55.12,61.6652,19.1665,4.1701,3.4086,8.478744,137.4964,13.74964,0.602213,112.088975,112.501475,8.82797500000001,88.27975000000009,True
EVRG,2024-07-19,102.958,103.42,98.241454,98.666454,0.425,5.4077,8,55.37,61.6652,19.9495,4.2037,3.4059,8.961951,145.3324,14.533238,0.609583,112.774692,113.199692,9.816692000000003,98.16692000000003,True
EVRG,2024-07-23,103.004,103.492,98.250195,98.725195,0.475,5.4043,8,55.22,61.6652,18.8197,4.2027,3.3949,8.400961,136.235,13.623503,0.604093,111.873698,112.348698,8.869698,88.69698,True
EVRG,2024-07-25,103.764,104.276,98.216664,98.716664,0.5,5.4061,8,56.33,61.6652,18.9961,4.1955,3.3895,9.131522,148.0822,14.808224,0.625668,113.02488799999999,113.52488799999999,9.260887999999994,92.60887999999994,True
EVRG,2024-07-26,104.318,104.868,98.373894,98.886394,0.5125,5.3599,8,56.75,61.6652,15.1649,4.1426,3.3867,7.837739,127.1015,12.710148,0.633641,111.08404200000001,111.59654200000001,6.766042000000013,67.66042000000013,True
EVRG,2024-07-29,104.595,105.158,98.442106,98.992106,0.55,5.3545,8,57.21,61.6652,21.5254,4.12,3.3785,10.567175,171.3637,17.136365,0.639786,115.578471,116.12847099999999,10.983470999999994,109.83470999999994,True
EVRG,2024-07-30,104.7,105.275,98.485768,99.048268,0.5625,5.3411,8,57.71,61.6652,18.6553,4.0955,3.3758,9.730552,157.7965,15.779647,0.647677,114.26541499999999,114.82791499999999,9.565414999999987,95.65414999999987,True
EVRG,2024-07-31,105.062,105.637,98.666488,99.241488,0.575,5.2801,8,58.0,61.6652,16.5109,4.0405,3.373,9.016778,146.2215,14.622149,0.654205,113.288637,113.863637,8.226636999999997,82.26636999999997,True
EVRG,2024-08-01,105.936,106.524,98.872235,99.447235,0.575,5.2138,8,59.75,61.6652,18.6662,3.9259,3.3703,10.946027,177.5073,17.750734,0.678344,116.62296900000001,117.19796900000001,10.686969000000005,106.86969000000005,True
EVRG,2024-08-02,107.802,108.427,99.364577,99.952077,0.5875,5.044,8,60.16,61.6652,18.0908,3.6918,3.3676,10.753984,174.3931,17.439306,0.678632,116.803883,117.391383,9.001882999999992,90.01882999999992,True
EVRG,2024-08-05,106.766,107.403,99.326361,99.951361,0.625,5.0859,8,58.52,61.6652,23.1265,3.6436,3.3593,11.614254,188.3437,18.83437,0.646377,118.160731,118.785731,11.394730999999993,113.94730999999993,True
EVRG,2024-08-06,107.38,108.03,99.24199,99.87949,0.6375,5.1199,8,58.78,61.6652,23.2297,3.7219,3.3566,11.889209,192.8025,19.280255,0.652512,118.522245,119.159745,11.142245000000003,111.42245000000003,True
EVRG,2024-08-07,106.99,107.652,99.136509,99.786509,0.65,5.1114,8,59.03,61.6652,20.3062,3.7697,3.3539,10.925179,177.1693,17.716926,0.657794,116.853435,117.50343500000001,9.86343500000001,98.6343500000001,True
EVRG,2024-08-08,107.126,107.801,99.086972,99.749472,0.6625,5.1302,8,59.0,61.6652,22.4231,3.8066,3.3511,11.77604,190.9673,19.096733,0.657855,118.183705,118.846205,11.057704999999999,110.57704999999999,True
EVRG,2024-08-09,106.955,107.667,99.133196,99.808196,0.675,5.122,8,58.69,61.6652,19.9876,3.8009,3.3484,10.588316,171.7065,17.170649,0.653035,116.303845,116.97884499999999,9.348844999999997,93.48844999999997,True
EVRG,2024-08-12,106.687,107.412,99.214471,99.926971,0.7125,5.1075,8,58.52,61.6652,20.1357,3.7635,3.3402,10.481259,169.9704,16.997038,0.648494,116.211509,116.92400900000001,9.524509000000009,95.24509000000009,True
EVRG,2024-08-13,107.176,107.914,99.444155,100.169155,0.725,5.0284,8,58.82,61.6652,20.0761,3.6965,3.3374,10.58887,171.7155,17.171548,0.651336,116.615703,117.34070299999999,9.439702999999994,94.39702999999994,True
EVRG,2024-08-14,107.35,108.1,99.553599,100.291099,0.7375,5.0094,8,59.13,61.6652,19.6368,3.679,3.3347,10.596746,171.8432,17.18432,0.656266,116.737919,117.475419,9.38791900000001,93.87919000000011,True
EVRG,2024-08-15,106.651,107.413,99.380878,100.130878,0.75,5.07,8,58.6,61.6652,17.6641,3.7771,3.332,9.542297,154.7436,15.474361,0.652118,114.855239,115.605239,8.204239000000001,82.04239000000001,True
EVRG,2024-08-19,107.084,107.896,99.45666,100.25666,0.8,5.0412,8,58.93,61.6652,18.0292,3.7623,3.321,9.872182,160.0932,16.009322,0.656943,115.465982,116.265982,8.381981999999994,83.81981999999994,True
EVRG,2024-08-20,106.964,107.789,99.535758,100.348258,0.8125,5.0076,8,57.85,61.6652,22.2275,3.716,3.3183,10.782129,174.8495,17.484947,0.635841,117.02070499999999,117.83320499999999,10.056704999999994,100.56704999999994,True
EVRG,2024-08-21,106.974,107.812,99.728115,100.553115,0.825,4.9491,8,58.34,61.6652,20.3442,3.6611,3.3155,10.297351,166.988,16.698803,0.641043,116.426918,117.251918,9.452917999999997,94.52917999999997,True
EVRG,2024-08-22,106.957,107.807,99.600847,100.438347,0.8375,4.9968,8,58.38,61.6652,16.2893,3.7139,3.3128,8.743018,141.782,14.178203,0.646632,113.77905,114.61655,6.822050000000004,68.22050000000004,True
EVRG,2024-08-23,107.054,107.941,99.784715,100.634715,0.85,4.9229,8,58.53,61.6652,19.1466,3.6626,3.3101,9.933294,161.0843,16.108426,0.644409,115.89314100000001,116.74314100000001,8.839141000000012,88.39141000000012,True
EVRG,2024-08-26,107.76,108.66,99.788293,100.675793,0.8875,4.9357,8,59.27,61.6652,19.0369,3.661,3.3018,10.361566,168.0294,16.802937,0.657542,116.59123,117.47873,8.83122999999999,88.31229999999991,True
EVRG,2024-08-28,107.393,108.318,99.813927,100.726427,0.9125,4.9233,8,58.77,61.6652,18.8255,3.6528,3.2964,9.925692,160.961,16.096098,0.648148,115.910025,116.822525,8.517025000000004,85.17025000000004,True
EVRG,2024-08-29,107.202,108.14,99.750305,100.675305,0.925,4.9432,8,58.71,61.6652,17.427,3.6745,3.2936,9.342596,151.5051,15.150515,0.649208,114.90082,115.82582,7.698819999999998,76.98819999999998,True
EVRG,2024-08-30,107.257,108.232,99.704454,100.641954,0.9375,4.9452,8,59.14,61.6652,17.6788,3.7008,3.2909,9.750353,158.1176,15.811758,0.658136,115.516212,116.453712,8.259211999999991,82.59211999999991,True
EVRG,2024-09-03,108.033,109.021,99.715734,100.690734,0.975,4.9459,8,59.7,61.6652,18.7128,3.6571,3.2799,10.467173,169.742,16.974196,0.664842,116.68993,117.66493,8.656930000000003,86.56930000000003,True
EVRG,2024-09-04,108.487,109.487,99.959235,100.946735,0.9875,4.8439,8,60.21,61.6652,18.2621,3.5654,3.2772,10.53312,170.8114,17.08114,0.671654,117.04037500000001,118.02787500000001,8.553375000000017,85.53375000000017,True
EVRG,2024-09-05,108.63,109.643,100.099198,101.099198,1.0,4.8048,8,60.42,61.6652,18.607,3.5276,3.2745,10.76489,174.5699,17.456991,0.673268,117.556189,118.556189,8.926189000000008,89.26189000000008,True
EVRG,2024-09-06,108.648,109.698,100.231758,101.244258,1.0125,4.7425,8,59.76,61.6652,19.5427,3.4735,3.2717,10.643328,172.5986,17.259859,0.658222,117.49161699999999,118.504117,8.843616999999995,88.43616999999995,True
EVRG,2024-09-09,108.855,109.918,100.326479,101.376479,1.05,4.7294,8,60.44,61.6652,19.0099,3.4504,3.2635,10.838091,175.757,17.575698,0.669818,117.90217700000001,118.952177,9.047177000000005,90.47177000000005,True
EVRG,2024-09-10,108.81,109.885,100.438104,101.500604,1.0625,4.6896,8,60.4,61.6652,18.1393,3.3927,3.2608,10.405786,168.7465,16.874648,0.668715,117.31275199999999,118.37525199999999,8.502751999999987,85.02751999999987,True
EVRG,2024-09-11,108.365,109.452,100.406028,101.481028,1.075,4.72,8,60.08,61.6652,18.8739,3.4025,3.258,10.490518,170.1205,17.012054,0.661826,117.418082,118.493082,9.053082000000003,90.53082000000003,True
EVRG,2024-09-12,108.567,109.667,100.433885,101.521385,1.0875,4.691,8,60.36,61.6652,18.8698,3.4139,3.2553,10.677235,173.1485,17.314846,0.667143,117.748731,118.83623100000001,9.181731000000013,91.81731000000013,True
EVRG,2024-09-13,109.597,110.735,100.596278,101.696278,1.1,4.6266,8,61.06,61.6652,18.5282,3.3693,3.2526,10.951124,177.59,17.758999,0.678671,118.355277,119.455277,8.758277000000007,87.58277000000007,True
EVRG,2024-09-16,110.028,111.178,100.686683,101.824183,1.1375,4.5889,8,62.01,61.6652,18.509,3.3386,3.2444,11.540055,187.1405,18.714045,0.693874,119.400728,120.538228,9.372727999999995,93.72727999999995,True
EVRG,2024-09-17,110.189,111.352,100.694308,101.844308,1.15,4.5925,8,61.91,61.6652,16.6155,3.3557,3.2416,10.743434,174.222,17.422197,0.700189,118.116505,119.26650500000001,7.927505000000011,79.2750500000001,True
EVRG,2024-09-18,110.082,111.257,100.649784,101.812284,1.1625,4.5882,8,61.55,61.6652,17.536,3.3817,3.2389,10.867331,176.2312,17.623116,0.690629,118.27289999999999,119.43539999999999,8.1909,81.90899999999999,True
EVRG,2024-09-20,109.914,111.139,100.710117,101.897617,1.1875,4.5469,8,61.65,61.6652,12.5371,3.3822,3.2334,9.019014,146.2578,14.625775,0.724216,115.335892,116.523392,5.421892,54.21892,True
EVRG,2024-09-23,110.275,111.512,100.711386,101.936386,1.225,4.5391,8,62.0,61.6652,17.7521,3.3917,3.2252,11.251448,182.4602,18.246024,0.697767,118.95741000000001,120.18241,8.682410000000004,86.82410000000004,True
EVRG,2024-09-25,109.75,111.013,100.688436,101.938436,1.25,4.5357,8,61.75,61.6652,18.2816,3.3999,3.2197,11.271899,182.7919,18.279187,0.691687,118.967623,120.217623,9.217623000000003,92.17623000000003,True
EVRG,2024-09-26,110.007,111.282,100.565691,101.828191,1.2625,4.5864,8,61.53,61.6652,18.218,3.4412,3.217,11.132746,180.5353,18.053529,0.689402,118.61922,119.88172,8.612219999999994,86.12219999999994,True
EVRG,2024-09-27,110.001,111.313,100.691588,101.966588,1.275,4.5345,8,61.94,61.6652,18.7905,3.4084,3.2142,11.604057,188.1784,18.817836,0.693372,119.509424,120.784424,9.50842399999999,95.08423999999991,True
EVRG,2024-09-30,110.147,111.472,100.517291,101.829791,1.3125,4.6017,8,62.01,61.6652,19.9455,3.4673,3.206,12.144166,196.9371,19.693709,0.692881,120.211,121.5235,10.063999999999993,100.63999999999993,True
EVRG,2024-10-01,109.883,111.22,100.571206,101.896206,1.325,4.5835,8,61.64,61.6652,18.3142,3.4385,3.2033,11.209695,181.7831,18.178314,0.690569,118.74952,120.07452,8.866520000000008,88.66520000000008,True
EVRG,2024-10-02,109.619,110.969,100.569356,101.906856,1.3375,4.5709,8,61.27,61.6652,16.2648,3.4597,3.2005,10.189763,165.2433,16.524331,0.692266,117.093687,118.43118700000001,7.474687000000003,74.74687000000003,True
EVRG,2024-10-03,109.089,110.452,100.420051,101.770051,1.35,4.6157,8,60.77,61.6652,17.2484,3.5213,3.1978,10.293955,166.9329,16.693295,0.680815,117.113346,118.463346,8.024346000000008,80.24346000000008,True
EVRG,2024-10-04,108.516,109.916,100.037734,101.400234,1.3625,4.7434,8,60.33,61.6652,24.355,3.6937,3.1951,12.930721,209.6923,20.969233,0.669002,121.006967,122.369467,12.490966999999998,124.90966999999998,True
EVRG,2024-10-07,107.765,109.178,99.775897,101.175897,1.4,4.8201,8,59.59,61.6652,19.5404,3.7856,3.1869,10.630686,172.3936,17.239358,0.662786,117.015255,118.415255,9.250254999999996,92.50254999999996,True
EVRG,2024-10-08,107.93,109.355,99.736439,101.148939,1.4125,4.8162,8,59.86,61.6652,15.8979,3.8003,3.1841,9.409523,152.5905,15.259047,0.677593,114.995486,116.407986,7.065485999999993,70.65485999999993,True
EVRG,2024-10-09,108.008,109.446,99.654511,101.079511,1.425,4.847,8,59.57,61.6652,15.9788,3.839,3.1814,9.275339,150.4145,15.041446,0.672578,114.69595699999999,116.12095699999999,6.687956999999997,66.87956999999997,True
EVRG,2024-10-10,107.546,108.996,99.662296,101.099796,1.4375,4.8266,8,59.06,61.6652,16.7493,3.8472,3.1786,9.229079,149.6643,14.966429,0.65974,114.628725,116.066225,7.082724999999996,70.82724999999996,True
EVRG,2024-10-11,107.2,108.7,99.723923,101.173923,1.45,4.8061,8,59.34,61.6652,20.7889,3.8257,3.1759,10.962209,177.7698,17.776975,0.658193,117.500898,118.95089800000001,10.300898000000004,103.00898000000004,True
EVRG,2024-10-14,107.655,109.155,99.724378,101.211878,1.4875,4.8069,8,59.73,61.6652,13.6698,3.8258,3.1677,8.460645,137.2029,13.720289,0.686375,113.444667,114.93216699999999,5.789666999999994,57.89666999999994,True
EVRG,2024-10-15,108.538,110.051,99.807323,101.307323,1.5,4.7844,8,60.34,61.6652,18.6005,3.8065,3.165,10.735222,174.0888,17.40888,0.677898,117.216203,118.716203,8.678202999999996,86.78202999999996,True
EVRG,2024-10-16,108.923,110.448,99.84851,101.36101,1.5125,4.7751,8,61.15,61.6652,17.6049,3.7918,3.1622,10.875619,176.3656,17.636556,0.695325,117.485066,118.997566,8.562066000000002,85.62066000000002,True
EVRG,2024-10-18,108.996,110.571,99.724857,101.262357,1.5375,4.8091,8,61.12,61.6652,19.2752,3.826,3.1567,11.512857,186.6994,18.669939,0.69018,118.394796,119.932296,9.398796000000004,93.98796000000004,True
EVRG,2024-10-21,108.9,110.488,99.476078,101.051078,1.575,4.8936,8,61.2,61.6652,17.5166,3.8946,3.1485,10.947764,177.5355,17.75355,0.699798,117.229628,118.80462800000001,8.329628,83.29628,True
EVRG,2024-10-24,109.363,110.988,99.288992,100.901492,1.6125,4.9375,8,61.64,61.6652,17.9501,3.9529,3.1403,11.44674,185.6272,18.562721,0.707708,117.85171299999999,119.46421299999999,8.48871299999999,84.8871299999999,True
EVRG,2024-10-25,108.61,110.272,99.251364,100.876364,1.625,4.9541,8,60.77,61.6652,16.0282,3.9865,3.1376,10.165783,164.8544,16.485443,0.701468,115.736807,117.361807,7.1268069999999994,71.26807,True
EVRG,2024-10-28,108.662,110.337,99.167296,100.829796,1.6625,4.9696,8,60.97,61.6652,17.669,4.0181,3.1294,10.928431,177.222,17.7222,0.698583,116.889496,118.55199599999999,8.227495999999988,82.27495999999988,True
EVRG,2024-10-29,107.87,109.558,99.158126,100.833126,1.675,4.9617,8,59.91,61.6652,19.6372,4.0222,3.1266,10.958208,177.7049,17.770488,0.673832,116.928614,118.603614,9.058613999999992,90.58613999999992,True
EVRG,2024-10-30,107.758,109.458,99.116428,100.803928,1.6875,4.9724,8,60.06,61.6652,19.1041,4.0476,3.1239,10.872614,176.3168,17.631683,0.678323,116.748111,118.435611,8.990110999999999,89.90110999999999,True
EVRG,2024-10-31,108.107,109.807,98.999996,100.699996,1.7,5.0018,8,60.44,61.6652,17.1929,4.0553,3.1211,10.407583,168.7756,16.877561,0.691505,115.877557,117.577557,7.770556999999997,77.70556999999997,True
EVRG,2024-11-01,107.533,109.27,98.894522,100.594522,1.7,5.0194,8,59.58,61.6652,17.9527,4.1094,3.1184,10.155553,164.6885,16.468855,0.674264,115.363377,117.063377,7.830376999999999,78.30376999999999,True
EVRG,2024-11-04,107.5,109.25,98.960533,100.698033,1.7375,4.9988,8,59.79,61.6652,18.6103,4.0865,3.1102,10.506978,170.3875,17.038746,0.675418,115.999279,117.736779,8.499279000000001,84.99279000000001,True
EVRG,2024-11-05,108.568,110.331,99.024921,100.774921,1.75,4.9778,8,61.06,61.6652,19.3001,4.0835,3.1075,11.612962,188.3228,18.832276,0.695802,117.85719700000001,119.60719700000001,9.289197000000016,92.89197000000016,True
EVRG,2024-11-06,108.6,110.375,98.900667,100.663167,1.7625,5.0107,8,61.05,61.6652,17.9443,4.1695,3.1047,11.176875,181.2509,18.125091,0.703285,117.025758,118.788258,8.425758000000002,84.25758000000002,True
EVRG,2024-11-07,108.425,110.213,99.085881,100.860881,1.775,4.9439,8,61.41,61.6652,17.268,4.1228,3.102,11.11902,180.3127,18.03127,0.711342,117.117151,118.89215100000001,8.69215100000001,86.9215100000001,True
EVRG,2024-11-08,109.394,111.232,99.091566,100.879066,1.7875,4.956,8,62.51,61.6652,17.4363,4.1304,3.0992,11.989004,194.4209,19.442089,0.729912,118.533655,120.32115499999999,9.13965499999999,91.3965499999999,True
EVRG,2024-11-11,110.487,112.324,99.093848,100.918848,1.825,4.9564,8,63.28,61.6652,18.2169,4.1305,3.091,12.827512,208.0186,20.801863,0.737919,119.89571099999999,121.720711,9.408710999999997,94.08710999999997,True
EVRG,2024-11-12,110.86,112.71,98.844651,100.682151,1.8375,5.0343,8,63.68,61.6652,17.904,4.2219,3.0883,13.103939,212.5013,21.250135,0.748966,120.094786,121.932286,9.234786,92.34786,True
EVRG,2024-11-13,110.65,112.513,98.804919,100.654919,1.85,5.0243,8,63.38,61.6652,18.584,4.218,3.0856,13.112704,212.6435,21.264348,0.740013,120.069267,121.91926699999999,9.41926699999999,94.19266999999991,True
EVRG,2024-11-14,109.23,111.105,98.713681,100.576181,1.8625,5.0726,8,62.8,61.6652,17.2941,4.241,3.0828,12.231587,198.3548,19.835475,0.738872,118.549156,120.411656,9.319155999999992,93.19155999999992,True
EVRG,2024-11-15,110.588,112.501,98.70495,100.57995,1.875,5.0641,8,63.76,61.6652,17.2074,4.2352,3.0801,12.910727,209.3681,20.936809,0.755159,119.641759,121.516759,9.053759,90.53759,True
EVRG,2024-11-18,110.765,112.69,98.778068,100.690568,1.9125,5.0486,8,63.87,61.6652,17.6355,4.2193,3.0719,13.10709,212.5524,21.255244,0.75329,120.03331200000001,121.945812,9.268312000000009,92.68312000000009,True
EVRG,2024-11-20,110.731,112.681,98.796547,100.734047,1.9375,5.0667,8,64.37,61.6652,18.2398,4.2022,3.0664,13.663596,221.5771,22.157706,0.756544,120.95425300000001,122.89175300000001,10.223253000000014,102.23253000000014,True
EVRG,2024-11-21,111.697,113.659,98.703379,100.653379,1.95,5.0948,8,64.56,61.6652,18.0787,4.2371,3.0637,13.779364,223.4544,22.345444,0.761534,121.048823,122.998823,9.351822999999996,93.51822999999996,True
EVRG,2024-11-22,112.088,114.088,98.663957,100.626457,1.9625,5.1115,8,64.26,61.6652,18.1888,4.2519,3.0609,13.602725,220.59,22.058995,0.756538,120.72295199999999,122.685452,8.634951999999998,86.34951999999998,True
EVRG,2024-11-25,112.15,114.163,98.882239,100.882239,2.0,5.0537,8,64.49,61.6652,17.5515,4.1718,3.0527,13.442863,217.9975,21.799754,0.76192,120.681993,122.681993,8.531993,85.31993,True
EVRG,2024-11-26,112.123,114.148,98.852499,100.864999,2.0125,5.0636,8,64.84,61.6652,15.1067,4.1731,3.05,12.865036,208.6271,20.862714,0.789212,119.71521299999999,121.727713,7.592212999999987,75.92212999999987,True
EVRG,2024-11-27,112.677,114.727,98.955002,100.980002,2.025,5.0274,8,65.0,61.6652,18.1842,4.1357,3.0472,13.993285,226.9235,22.69235,0.764248,121.647352,123.672352,8.970351999999991,89.70351999999991,True
EVRG,2024-12-03,111.099,113.211,99.133,101.233,2.1,4.9599,8,63.25,61.6652,17.337,4.0923,3.0308,12.301152,199.4829,19.948286,0.739977,119.08128599999999,121.18128599999999,7.982285999999988,79.82285999999988,True
EVRG,2024-12-04,110.701,112.826,99.219739,101.332239,2.1125,4.9208,8,63.3,61.6652,18.7858,4.061,3.0281,12.821233,207.9168,20.79168,0.731473,120.011419,122.123919,9.31041900000001,93.1041900000001,True
EVRG,2024-12-05,111.022,113.159,99.219912,101.344912,2.125,4.9299,8,63.32,61.6652,19.4175,4.0508,3.0253,13.048951,211.6096,21.160962,0.728357,120.38087399999999,122.50587399999999,9.358873999999986,93.58873999999986,True
EVRG,2024-12-11,109.697,111.909,99.258831,101.458831,2.2,4.887,8,62.27,61.6652,16.5581,4.0798,3.0089,11.224063,182.0161,18.201615,0.726694,117.460446,119.66044600000001,7.763446000000002,77.63446000000002,True
EVRG,2024-12-12,109.609,111.834,99.139575,101.352075,2.2125,4.9243,8,62.12,61.6652,19.2136,4.1149,3.0062,12.104192,196.2888,19.628884,0.71166,118.768459,120.980959,9.159458999999998,91.59458999999998,True
EVRG,2024-12-13,109.65,109.663,98.98853,101.21353,2.225,4.9579,8,61.91,61.6652,14.0096,4.1727,3.0034,10.138192,164.407,16.440701,0.742785,115.429231,117.654231,5.779230999999996,57.79230999999996,True
EVRG,2024-12-16,109.048,109.073,98.969897,98.982397,0.0125,4.963,7,61.42,61.6652,17.1414,4.1808,2.9952,10.882455,176.4764,17.647642,0.710686,116.61753900000001,116.63003900000001,7.569539000000006,75.69539000000006,True
EVRG,2024-12-17,108.715,108.753,98.92912,98.95412,0.025,4.9779,7,61.5,61.6652,17.8407,4.1864,2.9925,11.1895,181.4557,18.145565,0.70886,117.074685,117.09968500000001,8.359684999999999,83.59684999999999,True
EVRG,2024-12-18,108.617,108.667,98.72035,98.75785,0.0375,5.0407,7,60.5,61.6652,20.766,4.266,2.9897,11.660461,189.093,18.909303,0.684293,117.62965299999999,117.66715299999998,9.012652999999986,90.12652999999986,True
EVRG,2024-12-19,108.164,108.226,98.553376,98.603376,0.05,5.0785,7,60.53,61.6652,19.9753,4.3007,2.987,11.411669,185.0585,18.505847,0.687548,117.059223,117.109223,8.895223000000001,88.95223000000001,True
EVRG,2024-12-31,108.579,108.792,98.654761,98.854761,0.2,5.013,7,61.55,61.6652,21.1689,4.2535,2.9541,12.406593,201.1928,20.119275,0.698748,118.774036,118.974036,10.195036000000002,101.95036000000002,True
EVRG,2025-01-02,108.824,109.049,98.697405,98.909905,0.2125,5.0087,7,61.64,61.6652,16.7233,4.2425,2.9487,10.830674,175.6367,17.563671,0.717844,116.261076,116.47357600000001,7.437076000000005,74.37076000000005,True
EVRG,2025-01-03,108.889,109.151,98.641453,98.866453,0.225,5.0268,7,61.55,61.6652,17.6272,4.2645,2.9459,11.107473,180.1255,18.012545,0.71188,116.653998,116.878998,7.764998000000006,77.64998000000006,True
EVRG,2025-01-06,107.487,107.762,98.600313,98.862813,0.2625,5.037,7,60.27,61.6652,17.9548,4.2718,2.9377,10.34358,167.7377,16.773771,0.686125,115.374084,115.636584,7.8870840000000015,78.87084000000002,True
EVRG,2025-01-07,107.604,107.891,98.529499,98.804499,0.275,5.0605,7,60.54,61.6652,19.8913,4.2996,2.935,11.254251,182.5057,18.250568,0.686047,116.780067,117.05506700000001,9.176067000000003,91.76067000000003,True
EVRG,2025-01-08,107.786,108.086,98.569616,98.857116,0.2875,5.0408,7,60.91,61.6652,18.0452,4.2949,2.9322,10.818582,175.4406,17.544062,0.69852,116.113678,116.40117799999999,8.327677999999992,83.27677999999992,True
EVRG,2025-01-10,106.846,107.196,98.34349,98.65599,0.3125,5.11,7,59.9,61.6652,18.7017,4.3839,2.9268,10.440073,169.3025,16.930249,0.680032,115.273739,115.586239,8.427739000000003,84.27739000000003,True
EVRG,2025-01-13,106.637,106.999,98.241441,98.591441,0.35,5.1383,7,60.67,61.6652,18.801,4.4155,2.9185,11.00629,178.4846,17.84846,0.694633,116.089901,116.43990099999999,9.452900999999997,94.52900999999997,True
EVRG,2025-01-14,108.072,108.447,98.268362,98.630862,0.3625,5.1287,7,61.21,61.6652,16.7177,4.4056,2.9158,10.611728,172.0862,17.208615,0.713896,115.476977,115.839477,7.404977000000002,74.04977000000002,True
EVRG,2025-01-15,108.6,108.988,98.54022,98.91522,0.375,5.05,7,61.68,61.6652,15.8652,4.3097,2.9131,10.536207,170.8615,17.086146,0.72527,115.626366,116.001366,7.02636600000001,70.2636600000001,True
EVRG,2025-01-16,109.626,110.026,98.668692,99.056192,0.3875,5.0199,7,62.93,61.6652,17.7655,4.2595,2.9103,12.085907,195.9923,19.599232,0.734024,118.267924,118.655424,8.641923999999989,86.41923999999989,True
EVRG,2025-01-17,110.157,110.607,98.648014,99.048014,0.4,5.0403,7,63.16,61.6652,16.6395,4.2673,2.9076,11.866437,192.4333,19.243326,0.745613,117.89134,118.29134,7.734340000000003,77.34340000000003,True
EVRG,2025-01-21,110.664,111.126,98.699034,99.149034,0.45,5.0174,7,63.63,61.6652,17.7661,4.2594,2.8966,12.573309,203.8963,20.389633,0.745479,119.088667,119.538667,8.424667,84.24667,True
EVRG,2025-01-22,109.646,110.121,98.671568,99.134068,0.4625,5.0286,7,62.87,61.6652,17.5243,4.2705,2.8939,11.925814,193.3962,19.339615,0.734332,118.01118299999999,118.473683,8.365182999999988,83.65182999999988,True
EVRG,2025-01-24,110.555,111.08,98.681821,99.169321,0.4875,5.009,7,63.52,61.6652,16.8904,4.2782,2.8884,12.186426,197.6224,19.762239,0.749988,118.44406000000001,118.93156,7.889060000000001,78.8906,True
EVRG,2025-01-27,111.217,111.754,98.827181,99.352181,0.525,4.9689,7,64.23,61.6652,16.7865,4.2121,2.8802,12.593918,204.2305,20.423054,0.760844,119.250235,119.77523500000001,8.033235000000005,80.33235000000005,True
EVRG,2025-01-29,110.103,110.665,98.814161,99.364161,0.55,4.9836,7,63.02,61.6652,16.017,4.2175,2.8747,11.414696,185.1076,18.510756,0.745174,117.324917,117.874917,7.221917000000005,72.21917000000005,True
EVRG,2025-01-30,110.77,111.345,98.878853,99.441353,0.5625,4.969,7,64.25,61.6652,14.7468,4.1922,2.872,11.886264,192.7548,19.275478,0.779052,118.15433100000001,118.71683100000001,7.384331000000017,73.84331000000017,True
EVRG,2025-01-31,110.972,111.572,98.790051,99.365051,0.575,4.9839,7,64.17,61.6652,13.3746,4.2226,2.8693,11.413231,185.0838,18.50838,0.794484,117.29843100000001,117.87343100000001,6.326431000000014,63.264310000000144,True
EVRG,2025-02-03,111.55,112.162,98.74148,99.34148,0.6,5.0232,7,64.87,61.6652,15.4857,4.2269,2.8611,12.608757,204.4712,20.447116,0.783872,119.18859599999999,119.78859599999998,7.638595999999993,76.38595999999993,True
EVRG,2025-02-04,111.213,111.838,98.823238,99.435738,0.6125,4.9954,7,64.31,61.6652,15.8125,4.2052,2.8583,12.263614,198.8741,19.887413,0.769821,118.710651,119.323151,7.497651000000005,74.97651000000005,True
EVRG,2025-02-06,111.621,112.271,98.8675,99.505,0.6375,4.9943,7,65.52,61.6652,16.2962,4.1678,2.8528,13.300364,215.6867,21.568668,0.784818,120.43616800000001,121.07366800000001,8.815168000000014,88.15168000000014,True
EVRG,2025-02-10,112.543,113.243,98.700691,99.388191,0.6875,5.0575,7,65.8,61.6652,14.7796,4.235,2.8419,13.105919,212.5335,21.253345,0.806557,119.954036,120.641536,7.411035999999996,74.11035999999996,True
EVRG,2025-02-11,112.8,113.513,98.670727,99.370727,0.7,5.0655,7,66.22,61.6652,16.653,4.2575,2.8392,14.042109,227.7153,22.771527,0.794644,121.44225399999999,122.142254,8.642253999999994,86.42253999999994,True
EVRG,2025-02-12,113.128,113.853,98.532337,99.244837,0.7125,5.1003,7,66.43,61.6652,15.3268,4.3337,2.8364,13.884048,225.152,22.515205,0.813374,121.04754199999999,121.760042,7.919541999999993,79.19541999999993,True
EVRG,2025-02-13,113.64,114.378,98.664439,99.389439,0.725,5.0596,7,66.89,61.6652,16.2636,4.2914,2.8337,14.487522,234.9384,23.493836,0.80924,122.158275,122.883275,8.518275000000003,85.18275000000003,True
EVRG,2025-02-14,114.034,114.822,98.781153,99.518653,0.7375,5.017,7,66.66,61.6652,16.3962,4.2456,2.8309,14.28375,231.6339,23.163387,0.803176,121.94454,122.68204,7.9105399999999975,79.10539999999997,True
EVRG,2025-02-18,113.897,114.697,98.720634,99.508134,0.7875,5.0316,7,67.07,61.6652,13.7845,4.2818,2.82,13.861016,224.7786,22.477856,0.84094,121.19849,121.98599,7.301490000000001,73.01490000000001,True
EVRG,2025-02-19,114.217,115.03,98.773292,99.573292,0.8,5.0123,7,67.26,61.6652,14.0074,4.2613,2.8172,14.048762,227.8232,22.782316,0.840361,121.555608,122.355608,7.338608000000008,73.38608000000008,True
EVRG,2025-02-20,114.189,115.014,98.789789,99.602289,0.8125,5.0085,7,67.25,61.6652,16.9964,4.245,2.8145,14.903339,241.6815,24.168149,0.805871,122.957938,123.770438,8.768938000000006,87.68938000000006,True
EVRG,2025-02-24,115.462,116.337,98.976265,99.838765,0.8625,4.9537,7,68.39,61.6652,17.9758,4.1517,2.8036,15.992632,259.3461,25.934611,0.810318,124.910876,125.773376,9.448875999999998,94.48875999999998,True
EVRG,2025-02-26,116.588,117.488,99.192426,100.079926,0.8875,4.9054,7,69.1,61.6652,18.4758,4.0346,2.7981,16.57271,268.753,26.875302,0.812472,126.067728,126.955228,9.479728000000009,94.79728000000009,True
EVRG,2025-02-27,116.088,117.001,99.157817,100.057817,0.9,4.9165,7,68.56,61.6652,18.5102,4.0387,2.7953,16.152225,261.9342,26.193417,0.805127,125.35123399999999,126.251234,9.263233999999997,92.63233999999997,True
EVRG,2025-02-28,116.52,117.495,99.209168,100.121668,0.9125,4.9072,7,68.91,61.6652,17.3193,3.9881,2.7926,15.990147,259.3058,25.930581,0.819346,125.13974900000001,126.052249,8.619749000000013,86.19749000000013,True
EVRG,2025-03-04,115.396,116.396,99.318417,100.305917,0.9875,4.878,7,67.7,61.6652,17.8725,3.9352,2.7817,15.117085,245.1477,24.514771,0.795894,123.83318799999999,124.82068799999999,8.437187999999992,84.37187999999992,True
EVRG,2025-03-05,114.418,115.431,99.296255,100.296255,1.0,4.8718,7,66.97,61.6652,18.8835,3.9752,2.7789,14.902788,241.6726,24.167256,0.778866,123.463511,124.463511,9.04551099999999,90.4551099999999,True
EVRG,2025-03-06,113.285,114.31,99.273372,100.285872,1.0125,4.8646,7,65.73,61.6652,19.0598,3.9655,2.7762,13.963959,226.4479,22.644794,0.759931,121.918166,122.930666,8.633166000000003,86.33166000000003,True
EVRG,2025-03-10,113.112,114.187,99.327877,100.390377,1.0625,4.8544,7,65.06,61.6652,21.7295,3.9041,2.7652,14.331099,232.4017,23.24017,0.734443,122.568047,123.630547,9.456047000000012,94.56047000000012,True
EVRG,2025-03-11,113.692,114.779,99.210307,100.285307,1.075,4.9128,7,65.59,61.6652,19.8974,3.9211,2.7625,14.073278,228.2207,22.822072,0.751343,122.03237899999999,123.107379,8.340378999999999,83.40378999999999,True
EVRG,2025-03-12,114.85,115.95,99.111153,100.198653,1.0875,4.9466,7,66.3,61.6652,18.5312,3.9617,2.7598,14.193884,230.1765,23.017654,0.771239,122.128807,123.216307,7.2788070000000005,72.78807,True
EVRG,2025-03-13,115.174,116.287,99.117323,100.217323,1.1,4.9482,7,66.61,61.6652,19.1951,3.9294,2.757,14.617543,237.0468,23.704684,0.770237,122.822007,123.922007,7.648006999999993,76.48006999999993,True
EVRG,2025-03-14,115.934,117.084,99.118102,100.230602,1.1125,4.9497,7,67.45,61.6652,22.7576,3.9693,2.7543,16.506555,267.6802,26.768021,0.762522,125.886123,126.998623,9.952123,99.52123,True
EVRG,2025-03-17,116.076,117.238,99.082869,100.232869,1.15,4.9668,7,67.64,61.6652,23.6435,3.9945,2.7461,16.958435,275.0082,27.500815,0.761366,126.583684,127.73368400000001,10.507684000000012,105.07684000000012,True
EVRG,2025-03-18,115.632,116.807,99.102113,100.264613,1.1625,4.972,7,67.1,61.6652,16.789,3.9864,2.7433,14.253285,231.1398,23.113983,0.79768,122.21609600000001,123.378596,6.584096000000002,65.84096000000002,True
EVRG,2025-03-19,116.306,117.493,99.25649,100.43149,1.175,4.9055,7,67.76,61.6652,17.3786,3.9543,2.7406,14.922787,241.9969,24.199687,0.80117,123.456177,124.631177,7.150176999999999,71.50177,True
EVRG,2025-03-20,116.628,117.828,99.30153,100.48903,1.1875,4.8904,7,67.97,61.6652,20.3154,3.9262,2.7379,16.004491,259.5384,25.953843,0.780921,125.25537299999999,126.44287299999999,8.627372999999992,86.27372999999992,True
EVRG,2025-03-21,116.0,117.238,99.331367,100.531367,1.2,4.8729,7,67.45,61.6652,20.1749,3.9147,2.7351,15.530739,251.8558,25.185579,0.774716,124.516946,125.71694600000001,8.516946000000004,85.16946000000004,True
EVRG,2025-03-24,116.226,117.476,99.206238,100.443738,1.2375,4.9277,7,67.51,61.6652,15.9978,3.9763,2.7269,14.283419,231.6285,23.162848,0.811408,122.369086,123.606586,6.143085999999997,61.43085999999997,True
EVRG,2025-03-25,114.689,115.952,99.22756,100.47756,1.25,4.9148,7,66.17,61.6652,19.2855,3.9682,2.7242,14.253997,231.1514,23.115136,0.763988,122.34269599999999,123.59269599999999,7.6536959999999965,76.53695999999997,True
EVRG,2025-03-26,115.772,117.047,99.16909,100.43159,1.2625,4.938,7,67.33,61.6652,20.0467,3.9824,2.7214,15.425383,250.1473,25.014727,0.775421,124.183817,125.44631700000001,8.411817,84.11816999999999,True
EVRG,2025-03-27,115.72,117.008,99.130762,100.405762,1.275,4.9497,7,67.32,61.6652,18.3136,3.9887,2.7187,14.851814,240.8459,24.084592,0.787625,123.215354,124.49035400000001,7.495354000000006,74.95354000000006,True
EVRG,2025-03-31,117.553,118.878,99.317774,100.642774,1.325,4.8875,7,68.95,61.6652,18.8948,3.8771,2.7077,16.178825,262.3655,26.236553,0.8026,125.554327,126.879327,8.001327000000003,80.01327000000003,True
EVRG,2025-04-02,117.972,119.322,99.393942,100.731442,1.3375,4.8627,7,69.43,61.6652,17.2033,3.8615,2.7023,16.011925,259.659,25.965898,0.823612,125.35983999999999,126.69734,7.387839999999997,73.87839999999997,True
EVRG,2025-04-03,118.019,119.381,99.492262,100.842262,1.35,4.8395,7,69.21,61.6652,18.0541,3.7306,2.6995,15.935176,258.4144,25.841438,0.809731,125.3337,126.68369999999999,7.314699999999988,73.14699999999988,True
EVRG,2025-04-04,115.775,117.175,99.469176,100.831676,1.3625,4.8409,7,66.18,61.6652,21.0979,3.6706,2.6968,14.511791,235.3319,23.533191,0.746172,123.002367,124.364867,7.227367000000001,72.27367000000001,True
EVRG,2025-04-07,113.357,114.77,99.189447,100.589447,1.4,4.9685,7,64.36,61.6652,22.9193,3.716,2.6886,13.881276,225.1071,22.51071,0.714314,121.700157,123.10015700000001,8.343157000000005,83.43157000000005,True
EVRG,2025-04-08,113.048,114.473,99.043404,100.455904,1.4125,4.9958,7,64.51,61.6652,23.3652,3.7484,2.6858,14.168707,229.7683,22.976825,0.715889,122.020229,123.432729,8.972228999999999,89.72228999999999,True
EVRG,2025-04-09,113.916,115.354,98.88474,100.30974,1.425,5.0766,7,65.17,61.6652,21.9354,3.884,2.6831,14.24072,230.9361,23.093606,0.733104,121.97834599999999,123.40334599999998,8.062345999999991,80.62345999999991,True
EVRG,2025-04-10,114.426,115.876,98.842387,100.279887,1.4375,5.0635,7,65.48,61.6652,22.4894,3.8836,2.6804,14.650855,237.5871,23.758706,0.735235,122.601093,124.038593,8.175093000000004,81.75093000000004,True
EVRG,2025-04-11,115.685,117.173,98.687749,100.137749,1.45,5.1157,7,66.52,61.6652,20.7596,3.9593,2.6776,14.885517,241.3925,24.139248,0.75928,122.82699699999999,124.276997,7.141996999999989,71.41996999999989,True
EVRG,2025-04-15,117.054,118.566,98.995428,100.495428,1.5,5.0322,7,67.87,61.6652,19.1915,3.8508,2.6667,15.29129,247.9727,24.797273,0.784671,123.79270100000001,125.29270100000001,6.738701000000006,67.38701000000006,True
EVRG,2025-04-16,117.45,118.975,99.144502,100.657002,1.5125,4.9732,7,67.43,61.6652,17.1216,3.7889,2.6639,14.210355,230.4436,23.044364,0.793422,122.188866,123.70136600000001,4.738866000000002,47.388660000000016,True
EVRG,2025-04-17,117.764,119.339,99.171156,100.696156,1.525,4.9627,7,68.37,61.6652,18.6615,3.8081,2.6612,15.453889,250.6095,25.060953,0.794553,124.232109,125.757109,6.468108999999998,64.68108999999998,True
EVRG,2025-04-21,115.983,117.571,99.120284,100.695284,1.575,4.9805,7,66.95,61.6652,19.5479,3.8012,2.6502,14.595533,236.6899,23.668992,0.767984,122.789276,124.364276,6.806275999999997,68.06275999999997,True
EVRG,2025-04-22,117.375,118.975,99.14141,100.72891,1.5875,4.9808,7,68.36,61.6652,17.9979,3.8124,2.6475,15.20289,246.5392,24.653919,0.799955,123.795329,125.382829,6.420328999999995,64.20328999999995,True
EVRG,2025-04-23,117.011,118.623,99.180914,100.780914,1.6,4.9684,7,68.11,61.6652,16.4027,3.836,2.6448,14.525919,235.561,23.556102,0.812024,122.737016,124.33701599999999,5.726016000000001,57.26016000000001,True
EVRG,2025-04-24,117.282,118.907,99.338171,100.950671,1.6125,4.9028,7,68.28,61.6652,20.1094,3.7904,2.642,15.785742,255.9911,25.599106,0.782167,124.937277,126.54977699999999,7.655276999999998,76.55276999999998,True
EVRG,2025-04-25,117.14,118.802,99.466113,101.091113,1.625,4.8568,7,67.88,61.6652,16.0971,3.7568,2.6393,14.150957,229.4804,22.948041,0.809451,122.41415400000001,124.03915400000001,5.27415400000001,52.7415400000001,True
EVRG,2025-04-28,118.253,119.928,99.580556,101.243056,1.6625,4.8245,7,69.02,61.6652,18.5969,3.6988,2.6311,15.749868,255.4093,25.540931,0.8013,125.121487,126.783987,6.868487000000002,68.68487000000002,True
EVRG,2025-04-29,118.447,120.135,99.659485,101.334485,1.675,4.8022,7,68.91,61.6652,17.4256,3.6554,2.6283,15.238894,247.123,24.712305,0.809142,124.37179,126.04679,5.9247900000000016,59.247900000000016,True
EVRG,2025-04-30,118.1,119.8,99.691421,101.378921,1.6875,4.7897,7,69.1,61.6652,19.4227,3.6121,2.6256,15.975821,259.0735,25.90735,0.793715,125.598771,127.286271,7.498771000000005,74.98771000000005,True
EVRG,2025-05-01,117.95,119.662,99.55154,101.25154,1.7,4.8527,7,68.43,61.6652,16.9824,3.6709,2.6229,14.726232,238.8094,23.880941,0.80661,123.432481,125.132481,5.482480999999993,54.82480999999993,True
EVRG,2025-05-05,118.64,120.402,99.350643,101.100643,1.75,4.926,7,69.46,61.6652,18.0668,3.7973,2.6119,15.988043,259.2717,25.92717,0.814203,125.27781300000001,127.02781300000001,6.637813000000008,66.37813000000008,True
EVRG,2025-05-06,118.499,120.274,99.409343,101.171843,1.7625,4.8969,7,69.25,61.6652,16.8013,3.773,2.6092,15.417559,250.0204,25.002039,0.822508,124.411382,126.173882,5.912382000000008,59.12382000000008,True
EVRG,2025-05-07,118.84,120.627,99.45077,101.22577,1.775,4.8944,7,69.64,61.6652,14.962,3.755,2.6064,15.216185,246.7548,24.675478,0.847676,124.126248,125.90124800000001,5.2862480000000005,52.862480000000005,True
EVRG,2025-05-08,115.392,117.192,99.325354,101.112854,1.7875,4.9368,7,66.56,61.6652,17.6785,3.8391,2.6037,13.601172,220.5648,22.056476,0.775953,121.38183000000001,123.16933,5.989830000000012,59.89830000000012,True
EVRG,2025-05-09,115.127,116.964,99.296471,101.096471,1.8,4.9416,7,66.59,61.6652,19.0086,3.8521,2.601,14.058293,227.9777,22.797772,0.766988,122.09424299999999,123.89424299999999,6.967242999999996,69.67242999999996,True
EVRG,2025-05-12,114.046,115.896,99.232989,101.070489,1.8375,4.9606,7,65.35,61.6652,18.797,3.9307,2.5927,13.081068,212.1305,21.213045,0.751496,120.446034,122.283534,6.400033999999991,64.00033999999991,True
EVRG,2025-05-13,113.13,114.992,99.21497,101.06497,1.85,4.9492,7,64.76,61.6652,17.3218,3.9696,2.59,12.186917,197.6304,19.763036,0.752586,118.978006,120.82800599999999,5.848005999999998,58.48005999999998,True
EVRG,2025-05-14,112.447,114.322,99.128397,100.990897,1.8625,4.978,7,64.06,61.6652,18.6386,4.0075,2.5873,12.150122,197.0337,19.703367,0.732626,118.831764,120.694264,6.384764000000004,63.84764000000004,True
EVRG,2025-05-15,113.541,115.428,99.261149,101.136149,1.875,4.9284,7,65.7,61.6652,13.9636,3.9507,2.5845,11.842459,192.0444,19.204441,0.801321,118.46559,120.34059,4.924590000000009,49.24590000000009,True
EVRG,2025-05-16,115.358,117.283,99.302734,101.190234,1.8875,4.9295,7,66.93,61.6652,17.2553,3.9424,2.5818,13.806401,223.8929,22.389288,0.787766,121.69202200000001,123.57952200000001,6.3340220000000045,63.340220000000045,True
EVRG,2025-05-19,115.131,117.068,99.321901,101.246901,1.925,4.9175,7,67.12,61.6652,16.2014,3.9454,2.5736,13.614646,220.7833,22.078327,0.80074,121.400228,123.325228,6.269227999999998,62.69227999999999,True
EVRG,2025-05-20,115.26,117.21,99.341842,101.279342,1.9375,4.9056,7,67.48,61.6652,16.5716,3.9474,2.5708,14.007895,227.1604,22.716042,0.802828,122.057884,123.995384,6.797883999999996,67.97883999999996,True
EVRG,2025-05-21,114.012,115.974,99.206564,101.156564,1.95,4.9522,7,66.31,61.6652,16.8547,3.9866,2.5681,13.200246,214.0631,21.406312,0.782465,120.612876,122.562876,6.6008759999999995,66.00876,True
EVRG,2025-05-22,113.587,115.562,99.217182,101.179682,1.9625,4.9487,7,65.92,61.6652,18.4237,3.9824,2.5654,13.375666,216.9078,21.690782,0.763814,120.90796399999999,122.870464,7.320963999999989,73.2096399999999,True
EVRG,2025-05-23,114.111,116.136,99.210263,101.185263,1.975,4.9589,7,65.8,61.6652,15.9264,3.9755,2.5626,12.483836,202.4454,20.244538,0.782112,119.454801,121.429801,5.343800999999999,53.43800999999999,True
EVRG,2025-05-27,114.652,116.69,99.346646,101.371646,2.025,4.9244,7,66.23,61.6652,13.1682,3.9369,2.5517,11.949737,193.7841,19.378411,0.82109,118.725057,120.75005700000001,4.073057000000006,40.73057000000006,True
EVRG,2025-05-28,114.136,116.186,99.321235,101.358735,2.0375,4.9358,7,65.83,61.6652,16.1699,3.9582,2.5489,12.531079,203.2115,20.32115,0.779606,119.642385,121.679885,5.506385000000009,55.06385000000009,True
EVRG,2025-05-29,114.408,116.47,99.36848,101.41848,2.05,4.9166,7,66.23,61.6652,18.2152,3.928,2.5462,13.451033,218.13,21.813003,0.768331,121.181483,123.231483,6.773482999999999,67.73482999999999,True
EVRG,2025-05-30,114.25,116.338,99.453195,101.515695,2.0625,4.8814,7,66.41,61.6652,16.7785,3.9015,2.5435,13.108601,212.5769,21.257694,0.782066,120.710889,122.773389,6.4608889999999946,64.60888999999995,True
EVRG,2025-06-02,114.745,116.845,99.41613,101.50363,2.0875,4.8987,7,66.495,61.6652,16.3236,3.9183,2.5352,13.031503,211.3267,21.132667,0.78804,120.548797,122.636297,5.803796999999989,58.03796999999989,True
EVRG,2025-06-03,114.107,116.22,99.433405,101.533405,2.1,4.8838,7,66.01,61.6652,15.7681,3.9315,2.5325,12.483389,202.4381,20.243813,0.78553,119.677218,121.77721799999999,5.570217999999997,55.70217999999997,True
EVRG,2025-06-04,113.15,115.275,99.559127,101.671627,2.1125,4.8342,7,65.05,61.6652,16.7445,3.8668,2.5298,11.956687,193.8968,19.389682,0.758279,118.94880900000001,121.06130900000001,5.798809000000006,57.98809000000006,True
EVRG,2025-06-05,112.908,115.045,99.487635,101.612635,2.125,4.8577,7,65.07,61.6652,18.0938,3.8885,2.527,12.430924,201.5873,20.158732,0.749062,119.646367,121.771367,6.738366999999997,67.38366999999997,True
EVRG,2025-06-06,112.998,115.173,99.352135,101.489635,2.1375,4.9098,7,65.24,61.6652,18.2506,3.9784,2.5243,12.681337,205.6482,20.564817,0.753376,119.91695200000001,122.05445200000001,6.918952000000004,69.18952000000004,True
EVRG,2025-06-09,115.445,117.632,99.376612,101.551612,2.175,4.8976,7,67.32,61.6652,17.8187,3.9788,2.5161,14.153623,229.5236,22.952364,0.789167,122.328976,124.503976,6.883976000000004,68.83976000000004,True
EVRG,2025-06-11,115.706,117.918,99.493093,101.693093,2.2,4.8418,7,67.51,61.6652,17.7341,3.9286,2.5106,14.213057,230.4875,23.048746,0.791464,122.54183900000001,124.74183900000001,6.835839000000007,68.35839000000007,True
EVRG,2025-06-12,115.894,118.119,99.593827,101.806327,2.2125,4.8121,7,67.93,61.6652,17.4183,3.8841,2.5079,14.394394,233.4281,23.342813,0.79959,122.93664000000001,125.14914000000002,7.042640000000006,70.42640000000006,True
EVRG,2025-06-13,116.096,116.108,99.514653,101.739653,2.225,4.8368,7,67.985,61.6652,18.5043,3.9095,2.5051,14.791871,239.8738,23.987385,0.791605,123.502038,125.727038,7.406037999999995,74.06037999999995,True
EVRG,2025-06-16,116.362,116.387,99.482294,99.494794,0.0125,4.8437,6,67.21,61.6652,17.7327,3.9344,2.4969,13.946475,226.1644,22.616441,0.786861,122.09873499999999,122.111235,5.736734999999996,57.36734999999996,True
EVRG,2025-06-17,114.681,114.719,99.516821,99.541821,0.025,4.8416,6,66.74,61.6652,18.7022,3.9086,2.4942,13.849926,224.5987,22.459871,0.771385,121.97669199999999,122.00169199999999,7.295691999999988,72.95691999999988,True
EVRG,2025-06-18,114.561,114.624,99.5291,99.5666,0.0375,4.8309,6,66.79,61.6652,18.5625,3.9036,2.4914,13.832914,224.3228,22.432284,0.772999,121.961384,121.99888399999999,7.400383999999988,74.00383999999988,True
EVRG,2025-06-20,114.563,114.663,99.574924,99.637424,0.0625,4.8123,6,67.19,61.6652,15.7791,3.8836,2.486,13.258051,215.0005,21.500052,0.803807,121.07497599999999,121.13747599999999,6.51197599999999,65.1197599999999,True
EVRG,2025-06-23,115.982,116.094,99.662108,99.762108,0.1,4.7757,6,68.47,61.6652,18.0073,3.8353,2.4778,14.870973,241.1566,24.115662,0.801043,123.77777,123.87777,7.7957700000000045,77.95770000000005,True
EVRG,2025-06-24,116.892,117.017,99.79799,99.91049,0.1125,4.7304,6,68.78,61.6652,19.2667,3.7945,2.475,15.457912,250.6748,25.067477,0.794038,124.865467,124.97796699999999,7.973466999999999,79.73467,True
EVRG,2025-06-26,116.348,116.498,99.889504,100.027004,0.1375,4.6944,6,68.46,61.6652,16.0959,3.7338,2.4695,14.171743,229.8175,22.981749,0.817022,122.871253,123.008753,6.523252999999997,65.23252999999997,True
EVRG,2025-06-27,117.058,117.245,99.884719,100.034719,0.15,4.6965,6,68.31,61.6652,14.5955,3.7459,2.4668,13.64771,221.3195,22.131945,0.832034,122.016664,122.16666400000001,4.958663999999999,49.58663999999999,True
EVRG,2025-06-30,116.981,117.181,99.988211,100.175711,0.1875,4.6613,6,68.93,61.6652,17.6109,3.7193,2.4586,14.945527,242.3656,24.236564,0.80866,124.22477500000001,124.41227500000001,7.243775000000014,72.43775000000014,True
EVRG,2025-07-01,117.848,118.061,99.950598,100.150598,0.2,4.6781,6,69.46,61.6652,17.0259,3.746,2.4559,15.244555,247.2149,24.721486,0.821927,124.672084,124.872084,6.824083999999999,68.24083999999999,True
EVRG,2025-07-02,117.315,117.54,99.950976,100.163476,0.2125,4.6669,6,68.98,61.6652,14.4014,3.7664,2.4531,14.153447,229.5208,22.95208,0.845278,122.90305599999999,123.115556,5.588055999999995,55.880559999999946,True
EVRG,2025-07-07,117.691,117.979,99.762845,100.037845,0.275,4.7502,6,69.3,61.6652,13.7925,3.8607,2.4394,14.342309,232.5835,23.258349,0.860894,123.021194,123.296194,5.330193999999992,53.30193999999992,True
EVRG,2025-07-08,116.806,117.106,99.72123,100.00873,0.2875,4.7709,6,68.68,61.6652,15.2641,3.8794,2.4367,14.203665,230.3352,23.033515,0.832967,122.75474500000001,123.04224500000001,5.948745000000017,59.487450000000166,True
EVRG,2025-07-09,116.893,117.206,99.77242,100.07242,0.3,4.7479,6,68.81,61.6652,16.431,3.8364,2.4339,14.573836,236.3381,23.633807,0.820998,123.406227,123.706227,6.5132270000000005,65.13227,True
EVRG,2025-07-10,117.0,117.325,99.795833,100.108333,0.3125,4.7412,6,69.415,61.6652,17.4285,3.8357,2.4312,15.346741,248.872,24.887195,0.819505,124.68302800000001,124.99552800000001,7.683028000000007,76.83028000000007,True
EVRG,2025-07-11,117.053,117.415,99.722512,100.047512,0.325,4.759,6,68.96,61.6652,19.7752,3.8696,2.4285,15.701551,254.6258,25.462578,0.794126,125.18509,125.51009,8.132090000000005,81.32090000000005,True
EVRG,2025-07-14,116.289,116.664,99.718394,100.080894,0.3625,4.7673,6,68.5,61.6652,16.985,3.8715,2.4203,14.468035,234.6223,23.462233,0.811917,123.180627,123.543127,6.891627,68.91627,True
EVRG,2025-07-15,115.77,116.157,99.645131,100.020131,0.375,4.794,6,67.73,61.6652,19.1773,3.9151,2.4175,14.570866,236.2899,23.62899,0.782017,123.27412100000001,123.64912100000001,7.504121000000012,75.04121000000012,True
EVRG,2025-07-17,115.722,116.134,99.726373,100.126373,0.4,4.7608,6,67.84,61.6652,16.7477,3.8884,2.412,13.874135,224.9913,22.499129,0.80411,122.22550199999999,122.625502,6.5035019999999975,65.03501999999997,True
EVRG,2025-07-21,117.478,117.941,99.866058,100.316058,0.45,4.7143,6,69.06,61.6652,15.7785,3.8242,2.4011,14.513501,235.3596,23.535964,0.831159,123.40202199999999,123.85202199999999,5.924021999999994,59.24021999999994,True
EVRG,2025-07-22,117.992,118.467,99.901113,100.363613,0.4625,4.7068,6,69.78,61.6652,15.8313,3.7978,2.3984,15.098434,244.8453,24.484527,0.840288,124.38564,124.84814,6.393639999999991,63.93639999999991,True
EVRG,2025-07-23,118.26,118.748,99.883337,100.358337,0.475,4.7117,6,69.55,61.6652,16.2563,3.8261,2.3956,15.040286,243.9023,24.39023,0.83293,124.273567,124.748567,6.013566999999995,60.13566999999995,True
EVRG,2025-07-24,117.879,118.379,99.805658,100.293158,0.4875,4.7386,6,69.77,61.6652,15.7544,3.8621,2.3929,15.12308,245.2449,24.524493,0.842554,124.330151,124.817651,6.451150999999996,64.51150999999996,True
EVRG,2025-07-25,117.473,118.01,99.841159,100.341159,0.5,4.7262,6,69.8,61.6652,15.3217,3.8557,2.3901,15.022717,243.6174,24.361739,0.848024,124.202898,124.702898,6.729898000000006,67.29898000000006,True
EVRG,2025-07-28,116.433,116.983,99.812129,100.349629,0.5375,4.7339,6,68.36,61.6652,17.0807,3.8694,2.3819,14.283366,231.6276,23.162763,0.808528,122.974892,123.51239199999999,6.54189199999999,65.4189199999999,True
EVRG,2025-07-29,117.445,118.008,99.874708,100.424708,0.55,4.7123,6,69.71,61.6652,13.9654,3.8304,2.3792,14.552313,235.989,23.598904,0.864131,123.473612,124.023612,6.02861200000001,60.286120000000096,True
EVRG,2025-07-30,118.494,119.069,99.799442,100.361942,0.5625,4.7498,6,70.16,61.6652,12.9905,3.8749,2.3765,14.773841,239.5815,23.958147,0.88544,123.757589,124.320089,5.263588999999996,52.63588999999996,True
EVRG,2025-07-31,119.046,119.621,99.763446,100.338446,0.575,4.7437,6,70.8,61.6652,16.6453,3.8866,2.3737,16.197814,262.6735,26.267346,0.847224,126.030792,126.60579200000001,6.984791999999999,69.84791999999999,True
EVRG,2025-08-01,119.778,120.39,100.038662,100.613662,0.575,4.5838,6,71.55,61.6652,15.7972,3.7279,2.371,16.439744,266.5968,26.659675,0.863654,126.69833700000001,127.27333700000001,6.9203370000000035,69.20337000000004,True
EVRG,2025-08-04,122.165,122.79,100.149016,100.761516,0.6125,4.545,6,73.12,61.6652,17.7498,3.6764,2.3628,18.200304,295.147,29.514705,0.859751,129.663721,130.27622100000002,7.498721000000003,74.98721000000003,True
EVRG,2025-08-05,121.953,122.591,100.137603,100.762603,0.625,4.5863,6,73.04,61.6652,13.2193,3.6797,2.36,17.145845,278.0473,27.804732,0.913442,127.942335,128.567335,5.989334999999997,59.89334999999997,True
EVRG,2025-08-06,122.369,123.019,100.172304,100.809804,0.6375,4.5682,6,73.25,61.6652,16.1645,3.6738,2.3573,17.928417,290.738,29.073797,0.877813,129.246101,129.883601,6.87710100000001,68.7710100000001,True
EVRG,2025-08-07,122.64,123.302,100.157107,100.807107,0.65,4.5733,6,72.87,61.6652,15.1057,3.6907,2.3546,17.369886,281.6805,28.168049,0.886573,128.325156,128.975156,5.685155999999992,56.85155999999992,True
EVRG,2025-08-08,121.219,121.919,100.098661,100.761161,0.6625,4.5959,6,72.42,61.6652,16.1765,3.7178,2.3518,17.234845,279.4906,27.949059,0.869298,128.04772,128.71022,6.828720000000004,68.28720000000004,True
EVRG,2025-08-11,121.126,121.839,100.09385,100.79385,0.7,4.6021,6,72.42,61.6652,15.6243,3.7196,2.3436,17.091933,277.173,27.717304,0.875708,127.811154,128.511154,6.685153999999997,66.85153999999997,True
EVRG,2025-08-12,121.255,121.98,100.140081,100.852581,0.7125,4.5648,6,72.63,61.6652,14.4403,3.7089,2.3409,17.00179,275.7112,27.571122,0.892901,127.711203,128.423703,6.456203000000002,64.56203000000002,True
EVRG,2025-08-13,121.987,122.725,100.262131,100.987131,0.725,4.5111,6,73.27,61.6652,16.4505,3.6621,2.3381,17.950746,291.1001,29.110006,0.874764,129.372137,130.097137,7.3851370000000145,73.85137000000014,True
EVRG,2025-08-14,121.572,122.322,100.218698,100.956198,0.7375,4.5381,6,72.81,61.6652,17.6596,3.6917,2.3354,17.853735,289.5269,28.952687,0.857797,129.17138500000001,129.90888500000003,7.599385000000012,75.99385000000012,True
EVRG,2025-08-18,119.886,120.686,100.183764,100.971264,0.7875,4.5518,6,71.43,61.6652,16.7803,3.7276,2.3244,16.466664,267.0333,26.70333,0.851038,126.88709399999999,127.67459399999998,7.001093999999995,70.01093999999995,True
EVRG,2025-08-19,121.051,121.864,100.181327,100.981327,0.8,4.5543,6,72.5,61.6652,16.224,3.7085,2.3217,17.231143,279.4306,27.943056,0.869699,128.124383,128.924383,7.073382999999993,70.73382999999993,True
EVRG,2025-08-20,121.186,122.011,100.200606,101.013106,0.8125,4.5542,6,72.6,61.6652,16.2526,3.6889,2.319,17.297921,280.5135,28.051347,0.87015,128.251953,129.064453,7.065952999999979,70.65952999999979,True
EVRG,2025-08-21,120.618,121.456,100.116058,100.941058,0.825,4.5952,6,72.54,61.6652,17.7668,3.7283,2.3162,17.631589,285.9244,28.592443,0.854689,128.70850099999998,129.53350099999997,8.090500999999989,80.90500999999989,True
EVRG,2025-08-25,120.633,121.521,100.255403,101.130403,0.875,4.5244,6,71.65,61.6652,14.5392,3.6727,2.3053,16.029913,259.9507,25.995069,0.879216,126.250472,127.125472,5.6174720000000065,56.174720000000065,True
EVRG,2025-08-26,120.659,121.559,100.301588,101.189088,0.8875,4.5037,6,71.76,61.6652,15.5394,3.6408,2.3025,16.306439,264.435,26.4435,0.867606,126.745088,127.632588,6.0860879999999895,60.860879999999895,True
EVRG,2025-08-27,121.141,122.054,100.334315,101.234315,0.9,4.4928,6,72.06,61.6652,16.7376,3.615,2.2998,16.810727,272.6128,27.261284,0.85741,127.595599,128.495599,6.454599000000002,64.54599000000002,True
EVRG,2025-08-28,120.241,121.166,100.350649,101.263149,0.9125,4.4964,6,71.21,61.6652,16.9717,3.6065,2.2971,16.140337,261.7414,26.174139,0.843551,126.524788,127.437288,6.283788000000001,62.83788000000001,True
EVRG,2025-08-29,120.3,121.263,100.333713,101.258713,0.925,4.5019,6,71.26,61.6652,16.9263,3.5944,2.2943,16.150405,261.9047,26.190466,0.8445,126.524179,127.449179,6.224179000000007,62.241790000000066,True
EVRG,2025-09-02,119.5,120.475,100.252495,101.214995,0.9625,4.5152,6,71.27,61.6652,17.4159,3.6236,2.2834,16.290923,264.1834,26.418338,0.840052,126.67083299999999,127.633333,7.170832999999988,71.70832999999988,True
EVRG,2025-09-03,120.144,121.131,100.341399,101.316399,0.975,4.4655,6,71.39,61.6652,16.8917,3.5917,2.2806,16.210975,262.8869,26.28869,0.846721,126.630089,127.60508899999999,6.486088999999993,64.86088999999993,True
EVRG,2025-09-04,119.961,120.961,100.454828,101.442328,0.9875,4.4229,6,71.58,61.6652,15.449,3.5572,2.2779,15.980405,259.1478,25.914784,0.864881,126.369612,127.357112,6.408612000000005,64.08612000000005,True
EVRG,2025-09-05,120.249,121.286,100.603616,101.603616,1.0,4.3384,6,71.6,61.6652,16.81,3.4872,2.2752,16.243434,263.4133,26.341328,0.848397,126.944944,127.944944,6.695944000000011,66.95944000000011,True
EVRG,2025-09-08,118.936,119.986,100.631542,101.669042,1.0375,4.3233,6,70.77,61.6652,16.6394,3.463,2.2669,15.466845,250.8196,25.081963,0.838164,125.713505,126.75100499999999,6.777504999999991,67.77504999999991,True
EVRG,2025-09-09,119.89,120.952,100.583557,101.633557,1.05,4.3581,6,71.1,61.6652,17.0737,3.4848,2.2642,15.87101,257.3738,25.737382,0.838562,126.320939,127.37093899999999,6.430938999999995,64.30938999999995,True
EVRG,2025-09-10,119.809,120.884,100.610865,101.673365,1.0625,4.3387,6,71.61,61.6652,15.3839,3.4818,2.2615,15.87412,257.4243,25.742425,0.86455,126.35329,127.41579,6.544290000000004,65.44290000000004,True
EVRG,2025-09-11,120.737,121.825,100.666497,101.741497,1.075,4.3011,6,72.3,61.6652,14.493,3.4755,2.2587,16.269308,263.8329,26.383285,0.884445,127.04978200000001,128.124782,6.312782000000013,63.12782000000013,True
EVRG,2025-09-16,119.929,121.079,100.670066,101.807566,1.1375,4.2862,6,71.35,61.6652,17.7522,3.4825,2.245,16.209681,262.8659,26.286591,0.834987,126.956657,128.094157,7.027657000000005,70.27657000000005,True
EVRG,2025-09-18,119.871,121.046,100.617537,101.780037,1.1625,4.2844,6,71.28,61.6652,18.1657,3.5282,2.2396,16.29501,264.2497,26.424966,0.83093,127.042503,128.205003,7.171503000000001,71.71503000000001,True
EVRG,2025-09-23,121.1,122.337,100.556035,101.781035,1.225,4.3068,6,73.29,61.6652,18.2526,3.5464,2.2259,17.986387,291.678,29.167804,0.855372,129.723839,130.948839,8.623839000000004,86.23839000000004,True
EVRG,2025-09-24,122.314,123.564,100.496895,101.734395,1.2375,4.3325,6,73.71,61.6652,17.9614,3.5649,2.2231,18.294381,296.6727,29.667266,0.863085,130.164161,131.40166100000002,7.850161000000014,78.50161000000014,True
EVRG,2025-09-25,122.75,124.013,100.37846,101.62846,1.25,4.3913,6,73.51,61.6652,18.005,3.612,2.2204,18.170678,294.6666,29.466661,0.861378,129.845121,131.095121,7.095121000000006,70.95121000000006,True
EVRG,2025-09-29,123.995,125.308,100.427254,101.727254,1.3,4.3526,6,75.06,61.6652,17.0594,3.608,2.2094,19.272811,312.5395,31.253947,0.888146,131.68120100000002,132.98120100000003,7.686201000000011,76.86201000000011,True
EVRG,2025-09-30,125.412,126.737,100.429161,101.741661,1.3125,4.3462,6,76.02,61.6652,16.6525,3.5971,2.2067,20.03398,324.883,32.488304,0.901429,132.917465,134.229965,7.505464999999987,75.05464999999987,True
EVRG,2025-10-02,125.268,126.618,100.566812,101.904312,1.3375,4.3071,6,76.09,61.6652,17.1747,3.5379,2.2012,20.120296,326.2828,32.628279,0.895899,133.195091,134.532591,7.92709099999999,79.2709099999999,True
EVRG,2025-10-07,128.247,129.66,100.516409,101.916409,1.4,4.3329,6,77.69,61.6652,17.017,3.5609,2.1875,21.53578,349.2371,34.923714,0.911665,135.440123,136.840123,7.193122999999986,71.93122999999986,True
EVRG,2025-10-08,128.421,129.846,100.503917,101.916417,1.4125,4.3397,6,77.83,61.6652,17.1447,3.5667,2.1848,21.686406,351.6798,35.167977,0.911623,135.671894,137.084394,7.250894000000017,72.50894000000017,True
EVRG,2025-10-09,126.883,128.32,100.444428,101.869428,1.425,4.3655,6,76.69,61.6652,17.532,3.5759,2.1821,20.726751,336.1174,33.611744,0.898359,134.056172,135.48117200000002,7.173172000000008,71.73172000000008,True
EVRG,2025-10-10,127.758,129.246,100.479277,101.916777,1.4375,4.343,6,77.47,61.6652,18.2099,3.5187,2.1793,21.499014,348.6409,34.864092,0.897543,135.343369,136.780869,7.585369,75.85369,True
EVRG,2025-10-13,128.05,129.538,100.477439,101.952439,1.475,4.3432,6,77.49,61.6652,19.1977,3.5188,2.1711,21.692202,351.7738,35.177376,0.888972,135.654815,137.129815,7.604815000000002,76.04815000000002,True
EVRG,2025-10-14,128.954,130.454,100.580397,102.067897,1.4875,4.3132,6,78.09,61.6652,17.5818,3.4765,2.1684,21.867797,354.6213,35.462132,0.90835,136.042529,137.530029,7.088528999999994,70.88528999999994,True
EVRG,2025-10-15,129.777,131.289,100.57942,102.07942,1.5,4.3205,6,78.65,61.6652,18.8368,3.4863,2.1656,22.62281,366.8651,36.686506,0.900934,137.265926,138.765926,7.488926000000021,74.8892600000002,True
EVRG,2025-10-16,128.789,130.314,100.651738,102.164238,1.5125,4.2789,6,77.5,61.6652,19.1014,3.4303,2.1629,21.570511,349.8003,34.980034,0.888719,135.631772,137.144272,6.842772000000025,68.42772000000025,True
EVRG,2025-10-17,128.021,129.584,100.646251,102.171251,1.525,4.2814,6,77.98,61.6652,18.4651,3.4427,2.1602,21.883714,354.8794,35.487943,0.898538,136.134194,137.659194,8.113194000000021,81.13194000000021,True
EVRG,2025-10-20,129.774,131.349,100.673231,102.235731,1.5625,4.268,6,78.65,61.6652,18.0212,3.4381,2.152,22.37811,362.8969,36.289686,0.908323,136.962917,138.525417,7.1889170000000036,71.88917000000004,True
EVRG,2025-10-21,129.301,130.888,100.673039,102.248039,1.575,4.2772,6,78.12,61.6652,18.1314,3.4273,2.1492,21.901638,355.1701,35.51701,0.902837,136.190049,137.76504899999998,6.889049,68.89049,True
EVRG,2025-10-22,129.938,131.538,100.66754,102.25504,1.5875,4.2808,6,78.73,61.6652,18.4668,3.4196,2.1465,22.504223,364.942,36.494198,0.904493,137.161738,138.74923800000002,7.223738000000026,72.23738000000026,True
EVRG,2025-10-24,129.135,130.785,100.670102,102.282602,1.6125,4.2751,6,77.96,61.6652,20.8707,3.4577,2.141,22.349718,362.4364,36.243643,0.877612,136.913745,138.52624500000002,7.778745000000015,77.78745000000015,True
EVRG,2025-10-28,128.343,130.018,100.652586,102.315086,1.6625,4.2857,6,77.68,61.6652,18.7492,3.4648,2.13,21.615461,350.5293,35.052928,0.89432,135.705514,137.368014,7.362514000000004,73.62514000000004,True
EVRG,2025-10-29,127.476,129.163,100.509845,102.184845,1.675,4.359,6,76.94,61.6652,19.0243,3.5464,2.1273,21.077867,341.8113,34.181133,0.886982,134.690978,136.365978,7.214978000000002,72.14978000000002,True
EVRG,2025-10-30,128.709,130.409,100.405725,102.093225,1.6875,4.397,6,77.75,61.6652,19.0642,3.5795,2.1246,21.84336,354.225,35.422504,0.893769,135.82822900000002,137.51572900000002,7.1192290000000185,71.19229000000018,True
EVRG,2025-10-31,127.276,129.001,100.3492,102.0492,1.7,4.4134,6,76.81,61.6652,19.2996,3.5821,2.1218,21.050045,341.3602,34.136016,0.883591,134.48521599999998,136.18521599999997,7.209215999999984,72.09215999999984,True
EVRG,2025-11-03,128.64,130.377,100.263108,101.988108,1.725,4.4622,6,77.27,61.6652,18.5144,3.5917,2.1136,21.285413,345.177,34.517703,0.895176,134.780811,136.505811,6.140811000000014,61.408110000000136,True
EVRG,2025-11-05,127.172,128.935,100.26667,102.01667,1.75,4.4575,6,76.77,61.6652,19.1584,3.6098,2.1081,20.972444,340.1017,34.010173,0.885282,134.276843,136.026843,7.104843000000017,71.04843000000017,True
EVRG,2025-11-07,125.221,127.033,100.347548,102.122548,1.775,4.407,6,75.59,61.6652,19.3911,3.5485,2.1027,19.929519,323.189,32.318904,0.870407,132.666452,134.441452,7.445451999999989,74.45451999999989,True
EVRG,2025-11-10,126.554,128.392,100.329123,102.141623,1.8125,4.4272,6,76.57,61.6652,18.5451,3.5669,2.0945,20.583304,333.7912,33.379121,0.889006,133.70824399999998,135.52074399999998,7.154243999999977,71.54243999999977,True
EVRG,2025-11-11,126.897,128.735,100.328777,102.153777,1.825,4.4273,6,76.99,61.6652,18.4267,3.5669,2.0917,20.933669,339.4729,33.947293,0.893658,134.27607,136.10107,7.379069999999999,73.79069999999999,True
EVRG,2025-11-12,126.077,127.927,100.344995,102.182495,1.8375,4.423,6,77.34,61.6652,17.949,3.5482,2.089,21.13325,342.7095,34.270947,0.900913,134.615942,136.453442,8.538941999999992,85.38941999999992,True
EVRG,2025-11-13,126.147,128.01,100.285121,102.135121,1.85,4.4612,6,76.34,61.6652,19.5703,3.5685,2.0862,20.595257,333.985,33.398505,0.876837,133.683626,135.533626,7.536625999999998,75.36625999999998,True
EVRG,2025-11-17,126.5,128.413,100.244923,102.144923,1.9,4.4746,6,77.12,61.6652,19.0655,3.5891,2.0753,21.155177,343.065,34.306504,0.889578,134.551427,136.451427,8.05142699999999,80.5142699999999,True
EVRG,2025-11-18,126.619,128.544,100.268546,102.181046,1.9125,4.454,6,76.73,61.6652,20.1345,3.5671,2.0726,21.025981,340.9699,34.096992,0.875633,134.36553800000002,136.278038,7.746538000000015,77.46538000000015,True
EVRG,2025-11-26,128.125,130.163,100.514638,102.527138,2.0125,4.346,6,77.11,61.6652,17.8492,3.4663,2.0507,20.726826,336.1186,33.611864,0.899489,134.12650200000002,136.139002,6.001502000000016,60.01502000000016,True
EVRG,2025-12-01,126.327,128.414,100.43821,102.51321,2.075,4.3619,6,75.52,61.6652,19.3713,3.516,2.037,19.654645,318.7315,31.873152,0.870532,132.311362,134.386362,5.984362000000004,59.843620000000044,True
EVRG,2025-12-02,124.628,126.728,100.473645,102.561145,2.0875,4.3359,6,74.53,61.6652,18.1813,3.5074,2.0342,18.50877,300.1493,30.014932,0.871572,130.48857700000002,132.57607700000003,5.860577000000021,58.605770000000206,True
EVRG,2025-12-03,124.475,126.588,100.52571,102.62571,2.1,4.3146,6,74.29,61.6652,18.1434,3.4794,2.0315,18.258788,296.0955,29.609545,0.868856,130.135255,132.235255,5.6602550000000065,56.602550000000065,True
EVRG,2025-12-04,123.626,125.751,100.492154,102.604654,2.1125,4.3301,6,73.81,61.6652,19.0645,3.5069,2.0287,18.075064,293.1161,29.311608,0.85506,129.803762,131.91626200000002,6.177762000000001,61.77762000000001,True
EVRG,2025-12-05,123.439,125.601,100.463714,102.588714,2.125,4.335,6,73.28,61.6652,17.8205,3.5321,2.026,17.345633,281.2872,28.128719,0.861544,128.592433,130.717433,5.153433000000007,51.53433000000007,True
EVRG,2025-12-09,122.868,125.056,100.372421,102.547421,2.175,4.3752,6,73.5,61.6652,18.712,3.58,2.0151,17.755192,287.9288,28.792884,0.85631,129.165305,131.340305,6.297304999999994,62.973049999999944,True
EVRG,2025-12-10,123.282,125.482,100.452987,102.640487,2.1875,4.3099,6,73.51,61.6652,19.272,3.5478,2.0123,17.857259,289.584,28.958402,0.850781,129.41138899999999,131.59888899999999,6.129388999999989,61.29388999999989,True
EVRG,2025-12-12,123.232,123.232,100.454506,102.667006,2.2125,4.3004,6,73.8,61.6652,19.3659,3.5269,2.0068,18.095987,293.4554,29.345538,0.85286,129.80004399999999,132.012544,6.568043999999986,65.68043999999986,True
EVRG,2025-12-16,122.83,122.855,100.512105,100.524605,0.0125,4.2843,5,73.28,61.6652,18.3694,3.4841,1.9959,17.348,281.3256,28.132558,0.85568,128.644663,128.657163,5.81466300000001,58.1466300000001,True
EVRG,2025-12-17,123.403,123.441,100.523409,100.548409,0.025,4.2783,5,73.59,61.6652,18.7035,3.4775,1.9932,17.679551,286.7022,28.670221,0.855972,129.19363,129.21863000000002,5.790630000000007,57.90630000000007,True
EVRG,2025-12-18,123.036,123.086,100.561367,100.598867,0.0375,4.2571,5,73.29,61.6652,18.6522,3.4567,1.9904,17.38272,281.8886,28.188862,0.852697,128.750229,128.78772899999998,5.714228999999989,57.14228999999989,True
EVRG,2025-12-23,121.849,121.961,100.485662,100.585662,0.1,4.2922,5,72.57,61.6652,17.7806,3.5055,1.9767,16.568861,268.6906,26.86906,0.853682,127.35472200000001,127.454722,5.505722000000006,55.05722000000006,True
EVRG,2025-12-30,122.618,122.818,100.580721,100.768221,0.1875,4.2304,5,73.2,61.6652,18.2166,3.4609,1.9576,17.12208,277.6619,27.766192,0.856403,128.346913,128.534413,5.728913000000006,57.28913000000006,True
EVRG,2026-01-02,122.675,122.925,100.515887,100.728387,0.2125,4.2562,5,73.08,61.6652,18.4702,3.4859,1.9493,17.076728,276.9265,27.692647,0.853066,128.20853400000001,128.42103400000002,5.533534000000017,55.33534000000017,True
EVRG,2026-01-06,122.361,122.636,100.560769,100.823269,0.2625,4.2375,5,73.1,61.6652,18.6314,3.469,1.9384,17.086842,277.0905,27.709049,0.851636,128.269818,128.53231799999998,5.908817999999982,59.088179999999824,True
EVRG,2026-01-07,121.757,122.045,100.55761,100.83261,0.275,4.2456,5,72.51,61.6652,18.9764,3.46,1.9357,16.642704,269.8881,26.988807,0.841371,127.54641699999999,127.821417,5.789416999999986,57.89416999999986,True
EVRG,2026-01-08,122.386,122.686,100.520514,100.808014,0.2875,4.2583,5,72.94,61.6652,19.4078,3.4803,1.9329,17.12306,277.6778,27.767782,0.842999,128.288296,128.575796,5.902296000000007,59.02296000000007,True
EVRG,2026-01-09,122.24,122.577,100.493826,100.793826,0.3,4.2708,5,72.82,61.6652,20.4003,3.5047,1.9302,17.27875,280.2026,28.020258,0.833446,128.514084,128.814084,6.274084000000002,62.74084000000002,True
EVRG,2026-01-12,122.684,123.034,100.462717,100.800217,0.3375,4.2853,5,73.36,61.6652,18.9641,3.5208,1.922,17.387941,281.9733,28.197329,0.85268,128.660046,128.997546,5.976045999999997,59.760459999999966,True
EVRG,2026-01-13,123.38,123.742,100.48921,100.83921,0.35,4.2673,5,73.93,61.6652,18.0626,3.5157,1.9192,17.664428,286.457,28.645697,0.868198,129.134907,129.484907,5.754907000000003,57.54907000000003,True
EVRG,2026-01-15,125.551,125.938,100.472259,100.847259,0.375,4.2823,5,75.78,61.6652,18.5785,3.5341,1.9138,19.378774,314.2578,31.425782,0.884185,131.898041,132.273041,6.347041000000004,63.470410000000044,True
EVRG,2026-01-20,126.505,126.955,100.389714,100.827214,0.4375,4.2949,5,76.13,61.6652,18.7122,3.5898,1.9001,19.734512,320.0267,32.002669,0.887185,132.392383,132.829883,5.887383,58.87383,True
EVRG,2026-01-21,127.436,127.899,100.450191,100.900191,0.45,4.2684,5,76.91,61.6652,18.8999,3.575,1.8973,20.452566,331.6711,33.167109,0.892267,133.6173,134.0673,6.181299999999993,61.81299999999993,True
EVRG,2026-01-22,126.635,127.11,100.450894,100.913394,0.4625,4.2615,5,76.23,61.6652,18.9475,3.5845,1.8946,19.849684,321.8944,32.189438,0.885985,132.640332,133.102832,6.005331999999996,60.05331999999996,True
EVRG,2026-01-26,126.901,127.426,100.436879,100.949379,0.5125,4.2701,5,76.59,61.6652,17.4423,3.5707,1.8836,19.855576,321.9899,32.198994,0.903885,132.635873,133.148373,5.734873000000007,57.348730000000074,True
EVRG,2026-01-27,127.707,128.244,100.468618,100.993618,0.525,4.245,5,77.09,61.6652,18.3014,3.5626,1.8809,20.448674,331.608,33.160796,0.899733,133.629414,134.154414,5.922414000000003,59.224140000000034,True
EVRG,2026-01-29,126.731,127.294,100.467439,101.017439,0.55,4.251,5,76.37,61.6652,18.3878,3.5521,1.8754,19.791359,320.9486,32.094855,0.892344,132.562294,133.11229400000002,5.831294000000014,58.31294000000014,True
EVRG,2026-01-30,127.257,127.844,100.50183,101.06433,0.5625,4.2259,5,76.73,61.6652,18.7281,3.5323,1.8727,20.154043,326.8301,32.683006,0.892194,133.184836,133.747336,5.927835999999985,59.27835999999985,True
EVRG,2026-02-02,125.999,126.599,100.48293,101.07043,0.5875,4.2403,5,75.96,61.6652,17.2936,3.5519,1.8645,19.192782,311.2417,31.124167,0.899639,131.607097,132.19459700000002,5.608097000000015,56.08097000000015,True
EVRG,2026-02-05,128.615,129.253,100.546999,101.171999,0.625,4.1932,5,77.57,61.6652,18.9648,3.4841,1.8563,20.867505,338.4,33.839998,0.897205,134.386997,135.011997,5.771996999999999,57.71996999999999,True
EVRG,2026-02-06,127.272,127.947,100.542627,101.180127,0.6375,4.2072,5,76.75,61.6652,17.6946,3.4857,1.8535,19.889086,322.5333,32.253334,0.902355,132.795961,133.433461,5.523961,55.23961,True
EVRG,2026-02-09,127.37,128.058,100.556715,101.231715,0.675,4.197,5,77.15,61.6652,18.2486,3.4761,1.8453,20.320533,329.53,32.952996,0.900525,133.50971099999998,134.184711,6.139710999999977,61.39710999999977,True
EVRG,2026-02-10,129.964,130.664,100.574621,101.262121,0.6875,4.1868,5,78.75,61.6652,18.8587,3.4453,1.8426,21.837346,354.1275,35.412751,0.908433,135.987372,136.674872,6.023371999999995,60.23371999999995,True
EVRG,2026-02-11,130.148,130.861,100.546364,101.246364,0.7,4.2153,5,79.31,61.6652,18.0723,3.4806,1.8398,22.238897,360.6393,36.063929,0.920993,136.610293,137.310293,6.462293000000017,64.62293000000017,True
EVRG,2026-02-12,132.977,133.702,100.562687,101.275187,0.7125,4.2137,5,80.69,61.6652,17.2216,3.4504,1.8371,23.366087,378.9185,37.891849,0.938246,138.454536,139.167036,5.477535999999986,54.775359999999864,True
EVRG,2026-02-17,133.785,134.573,100.562973,101.337973,0.775,4.2368,5,81.51,61.6652,18.9398,3.4267,1.8234,24.322583,394.4296,39.442961,0.928076,140.005934,140.780934,6.220934,62.20934,True
EVRG,2026-02-18,132.41,133.21,100.567439,101.354939,0.7875,4.2325,5,80.4,61.6652,17.0687,3.4436,1.8207,23.027371,373.4257,37.342566,0.938127,137.91000499999998,138.69750499999998,5.500004999999987,55.000049999999874,True
EVRG,2026-02-19,130.663,131.476,100.551825,101.351825,0.8,4.2407,5,79.53,61.6652,16.962,3.4523,1.8179,22.203211,360.0606,36.00606,0.933126,136.557885,137.357885,5.894884999999988,58.94884999999988,True
EVRG,2026-02-20,131.989,132.838,100.532208,101.344708,0.8125,4.2553,5,80.26,61.6652,17.7636,3.4631,1.8152,23.000726,372.9936,37.299358,0.930807,137.831566,138.644066,5.842566000000005,58.42566000000005,True
EVRG,2026-02-25,135.544,136.432,100.496878,101.371878,0.875,4.281,5,82.8,61.6652,16.8731,3.4613,1.8015,25.248533,409.4454,40.944536,0.954341,141.441414,142.316414,5.897413999999998,58.97413999999998,True
EVRG,2026-02-26,135.916,136.816,100.471439,101.358939,0.8875,4.2952,5,82.99,61.6652,18.7762,3.4459,1.7988,25.629454,415.6226,41.56226,0.939916,142.033699,142.921199,6.117699000000016,61.17699000000016,True
EVRG,2026-02-27,136.73,137.693,100.501984,101.401984,0.9,4.2824,5,83.66,61.6652,19.2545,3.4072,1.796,26.278938,426.155,42.615502,0.939582,143.11748599999999,144.017486,6.387485999999996,63.87485999999995,True
EVRG,2026-03-04,137.717,138.717,100.473113,101.460613,0.9875,4.333,5,84.32,61.6652,19.8739,3.4289,1.7823,26.968849,437.343,43.734304,0.938824,144.207417,145.194917,6.4904169999999795,64.9041699999998,True
