ticker,date,market_clean_price,market_dirty_price,clean_floor,dirty_floor,accrued_interest,n_cashflows,effective_discount_rate,premium_to_floor
VTR,2023-06-12,101.422,101.433,95.170613,95.170613,0.0,7,6.0589,6.2514
VTR,2023-06-13,101.384,101.405,95.023848,95.023848,0.0,7,6.0967,6.3602
VTR,2023-06-14,101.693,101.725,94.901008,94.901008,0.0,7,6.1385,6.792
VTR,2023-06-15,101.358,101.431,95.152405,95.152405,0.0,7,6.0562,6.2056
VTR,2023-06-16,101.478,101.561,95.111192,95.111192,0.0,7,6.076,6.3668
VTR,2023-06-20,101.014,101.107,95.16115,95.16115,0.0,7,6.0789,5.8528
VTR,2023-06-21,100.396,100.5,95.179366,95.179366,0.0,7,6.0905,5.2166
VTR,2023-06-22,99.978,100.113,95.070915,95.070915,0.0,7,6.1259,4.9071
VTR,2023-06-23,99.95,100.096,95.064894,95.064894,0.0,7,6.1279,4.8851
VTR,2023-06-26,100.975,101.131,95.137907,95.137907,0.0,7,6.1321,5.8371
VTR,2023-06-27,101.423,101.59,95.067557,95.067557,0.0,7,6.1688,6.3554
VTR,2023-06-28,101.423,101.6,95.165326,95.165326,0.0,7,6.1519,6.2577
VTR,2023-06-29,101.45,101.658,94.933632,94.933632,0.0,7,6.2226,6.5164
VTR,2023-06-30,102.098,102.327,94.999842,94.999842,0.0,7,6.1982,7.0982
VTR,2023-07-03,102.853,103.093,94.929077,94.929077,0.0,7,6.2253,7.9239
VTR,2023-07-05,103.543,103.793,94.837037,94.837037,0.0,7,6.2528,8.706
VTR,2023-07-06,102.702,102.983,94.620856,94.620856,0.0,7,6.3258,8.0811
VTR,2023-07-07,102.42,102.712,94.682445,94.682445,0.0,7,6.299,7.7376
VTR,2023-07-10,102.503,102.805,94.9041,94.9041,0.0,7,6.2512,7.5989
VTR,2023-07-11,103.018,103.33,94.990971,94.990971,0.0,7,6.2385,8.027
VTR,2023-07-12,102.73,103.053,95.329587,95.329587,0.0,7,6.1328,7.4004
VTR,2023-07-13,103.353,103.707,95.636361,95.636361,0.0,7,6.0333,7.7166
VTR,2023-07-14,102.672,103.036,95.513462,95.513462,0.0,7,6.0824,7.1585
VTR,2023-07-18,102.541,102.926,95.588681,95.588681,0.0,7,6.0973,6.9523
VTR,2023-07-19,103.072,103.468,95.636447,95.636447,0.0,7,6.08,7.4356
VTR,2023-07-20,104.237,104.664,95.516188,95.516188,0.0,7,6.1177,8.7208
VTR,2023-07-21,104.268,104.705,95.502067,95.502067,0.0,7,6.1129,8.7659
VTR,2023-07-24,104.123,104.571,95.465687,95.465687,0.0,7,6.1522,8.6573
VTR,2023-07-25,103.929,104.387,95.39591,95.39591,0.0,7,6.18,8.5331
VTR,2023-07-26,104.05,104.519,95.525632,95.525632,0.0,7,6.1366,8.5244
VTR,2023-07-27,102.5,103.0,95.371033,95.371033,0.0,7,6.1764,7.129
VTR,2023-07-31,103.063,103.573,95.614841,95.614841,0.0,7,6.1133,7.4482
VTR,2023-08-01,103.25,103.771,95.458673,95.458673,0.0,7,6.1648,7.7913
VTR,2023-08-02,102.864,103.395,95.422455,95.422455,0.0,7,6.1809,7.4415
VTR,2023-08-03,102.5,103.063,95.341398,95.341398,0.0,7,6.2118,7.1586
VTR,2023-08-04,99.994,100.567,95.622335,95.622335,0.0,7,6.1117,4.3717
VTR,2023-08-07,99.979,100.562,95.697655,95.697655,0.0,7,6.11,4.2813
VTR,2023-08-08,100.712,101.305,95.790961,95.790961,0.0,7,6.0994,4.921
VTR,2023-08-09,99.746,100.35,95.764679,95.764679,0.0,7,6.1271,3.9813
VTR,2023-08-10,99.085,99.72,95.670014,95.670014,0.0,7,6.1415,3.415
VTR,2023-08-11,98.417,99.063,95.553426,95.553426,0.0,7,6.1784,2.8636
VTR,2023-08-14,98.198,98.854,95.459214,95.459214,0.0,7,6.2246,2.7388
VTR,2023-08-15,97.983,98.65,95.420951,95.420951,0.0,7,6.2389,2.562
VTR,2023-08-16,97.694,98.371,95.322511,95.322511,0.0,7,6.2731,2.3715
VTR,2023-08-17,98.153,98.861,95.285583,95.285583,0.0,7,6.2885,2.8674
VTR,2023-08-18,97.926,98.645,95.367163,95.367163,0.0,7,6.2695,2.5588
VTR,2023-08-22,98.106,98.845,95.264276,95.264276,0.0,7,6.3229,2.8417
VTR,2023-08-23,99.049,99.799,95.528649,95.528649,0.0,7,6.2433,3.5204
VTR,2023-08-24,99.407,100.188,95.4976,95.4976,0.0,7,6.2702,3.9094
VTR,2023-08-25,98.701,99.493,95.450313,95.450313,0.0,7,6.2984,3.2507
VTR,2023-08-28,98.993,99.795,95.55002,95.55002,0.0,7,6.2884,3.443
VTR,2023-08-29,99.081,99.894,95.757526,95.757526,0.0,7,6.2154,3.3235
VTR,2023-08-30,99.75,100.563,95.798493,95.798493,0.0,7,6.2138,3.9515
VTR,2023-09-01,99.318,100.183,95.804805,95.804805,0.0,7,6.2043,3.5132
VTR,2023-09-05,98.69,99.565,95.690794,95.690794,0.0,7,6.2752,2.9992
VTR,2023-09-06,98.843,99.728,95.55012,95.55012,0.0,7,6.3166,3.2929
VTR,2023-09-08,98.495,99.422,95.7027,95.7027,0.0,7,6.2698,2.7923
VTR,2023-09-11,98.599,99.537,95.723679,95.723679,0.0,7,6.281,2.8753
VTR,2023-09-12,99.252,100.2,95.673514,95.673514,0.0,7,6.3131,3.5785
VTR,2023-09-13,98.664,99.623,95.717592,95.717592,0.0,7,6.297,2.9464
VTR,2023-09-14,99.79,100.78,95.737619,95.737619,0.0,7,6.2986,4.0524
VTR,2023-09-15,99.6,100.6,95.688649,95.688649,0.0,7,6.307,3.9114
VTR,2023-09-19,98.92,99.941,95.62712,95.62712,0.0,7,6.3462,3.2929
VTR,2023-09-20,99.01,100.041,95.655269,95.655269,0.0,7,6.3489,3.3547
VTR,2023-09-21,98.374,99.436,95.531928,95.531928,0.0,7,6.3756,2.8421
VTR,2023-09-22,97.954,99.027,95.614754,95.614754,0.0,7,6.354,2.3392
VTR,2023-09-25,97.973,99.057,95.60472,95.60472,0.0,7,6.3645,2.3683
VTR,2023-09-26,97.212,98.306,95.589131,95.589131,0.0,7,6.3805,1.6229
VTR,2023-09-27,97.249,98.353,95.470691,95.470691,0.0,7,6.433,1.7783
VTR,2023-09-28,97.795,98.93,95.546626,95.546626,0.0,7,6.4164,2.2484
VTR,2023-09-29,98.205,99.35,95.592894,95.592894,0.0,7,6.4066,2.6121
VTR,2023-10-02,97.777,98.933,95.477597,95.477597,0.0,7,6.4726,2.2994
VTR,2023-10-03,96.737,97.904,95.298492,95.298492,0.0,7,6.5279,1.4385
VTR,2023-10-04,97.171,98.348,95.456659,95.456659,0.0,7,6.4652,1.7143
VTR,2023-10-05,96.75,97.969,95.538125,95.538125,0.0,7,6.434,1.2119
VTR,2023-10-10,98.075,99.315,95.843207,95.843207,0.0,7,6.3491,2.2318
VTR,2023-10-11,99.125,100.375,95.915272,95.915272,0.0,7,6.3487,3.2097
VTR,2023-10-12,98.797,100.079,95.796634,95.796634,0.0,7,6.393,3.0004
VTR,2023-10-13,99.714,101.006,95.829514,95.829514,0.0,7,6.386,3.8845
VTR,2023-10-17,99.325,100.638,95.58689,95.58689,0.0,7,6.4968,3.7381
VTR,2023-10-18,99.065,100.387,95.449547,95.449547,0.0,7,6.5413,3.6155
VTR,2023-10-19,98.95,100.304,95.403853,95.403853,0.0,7,6.5473,3.5461
VTR,2023-10-20,98.0,99.365,95.527232,95.527232,0.0,7,6.5111,2.4728
VTR,2023-10-23,97.823,99.198,95.699272,95.699272,0.0,7,6.4801,2.1237
VTR,2023-10-24,98.481,99.866,95.764195,95.764195,0.0,7,6.4734,2.7168
VTR,2023-10-25,98.481,99.877,95.683406,95.683406,0.0,7,6.4986,2.7976
VTR,2023-10-26,98.261,99.688,95.790513,95.790513,0.0,7,6.4679,2.4705
VTR,2023-10-27,97.4,98.838,95.867011,95.867011,0.0,7,6.4527,1.533
VTR,2023-11-01,98.684,100.142,96.050936,96.050936,0.0,7,6.4195,2.6331
VTR,2023-11-02,99.679,101.169,96.223898,96.223898,0.0,7,6.3695,3.4551
VTR,2023-11-03,100.646,102.146,96.478174,96.478174,0.0,7,6.2671,4.1678
VTR,2023-11-06,99.908,101.418,96.405636,96.405636,0.0,7,6.3217,3.5024
VTR,2023-11-08,99.877,101.408,96.501735,96.501735,0.0,7,6.3107,3.3753
VTR,2023-11-09,98.163,99.726,96.342072,96.342072,0.0,7,6.3635,1.8209
VTR,2023-11-13,98.474,100.057,96.384047,96.384047,0.0,7,6.354,2.09
VTR,2023-11-14,101.302,102.896,96.806006,96.806006,0.0,7,6.1806,4.496
VTR,2023-11-15,100.537,102.141,96.771407,96.771407,0.0,7,6.2096,3.7656
VTR,2023-11-16,100.946,102.581,96.91988,96.91988,0.0,7,6.1556,4.0261
VTR,2023-11-17,100.831,102.476,96.987053,96.987053,0.0,7,6.1328,3.8439
VTR,2023-11-22,100.481,102.19,97.131646,97.131646,0.0,7,6.1094,3.3494
VTR,2023-11-24,101.318,103.037,97.076198,97.076198,0.0,7,6.1292,4.2418
VTR,2023-11-27,101.069,102.798,97.228834,97.228834,0.0,7,6.0977,3.8402
VTR,2023-11-28,101.673,103.413,97.40763,97.40763,0.0,7,6.0293,4.2654
VTR,2023-11-29,101.684,101.684,97.641137,97.641137,0.0,7,5.9311,4.0429
VTR,2023-11-30,102.214,102.245,97.648089,97.648089,0.0,7,5.9242,4.5659
VTR,2023-12-04,103.042,103.094,95.96271,95.99396,0.03125,6,5.8319,7.0793
VTR,2023-12-05,102.672,102.734,96.064316,96.105982,0.041667,6,5.7994,6.6077
VTR,2023-12-06,102.096,102.169,96.109766,96.161849,0.052083,6,5.7972,5.9862
VTR,2023-12-07,102.343,102.447,96.134975,96.197475,0.0625,6,5.7804,6.208
VTR,2023-12-08,102.375,102.49,95.979246,96.052162,0.072917,6,5.8497,6.3958
VTR,2023-12-11,101.837,101.962,95.933841,96.038008,0.104167,6,5.8658,5.9032
VTR,2023-12-12,102.526,102.661,95.961815,96.076398,0.114583,6,5.8591,6.5642
VTR,2023-12-13,102.799,102.945,96.374839,96.499839,0.125,6,5.6426,6.4242
VTR,2023-12-14,105.79,105.967,96.658652,96.794069,0.135417,6,5.562,9.1313
VTR,2023-12-15,105.625,105.813,96.646025,96.791859,0.145833,6,5.5868,8.979
VTR,2023-12-18,104.51,104.708,96.593481,96.770565,0.177083,6,5.6143,7.9165
VTR,2023-12-19,105.516,105.724,96.614578,96.802078,0.1875,6,5.5935,8.9014
VTR,2023-12-20,104.091,104.31,96.693512,96.891429,0.197917,6,5.5642,7.3975
VTR,2023-12-21,104.678,104.939,96.751286,96.959619,0.208333,6,5.5327,7.9267
VTR,2023-12-22,105.441,105.712,96.828081,97.046831,0.21875,6,5.4947,8.6129
VTR,2023-12-27,106.315,106.607,97.00062,97.271453,0.270833,6,5.4354,9.3144
VTR,2024-01-02,106.05,106.394,96.832418,97.155335,0.322917,6,5.5031,9.2176
VTR,2024-01-04,105.26,105.645,96.690104,97.033854,0.34375,6,5.5741,8.5699
VTR,2024-01-05,104.422,104.818,96.655852,97.010019,0.354167,6,5.5763,7.7661
VTR,2024-01-08,104.651,105.058,96.721107,97.106524,0.385417,6,5.5602,7.9299
VTR,2024-01-09,104.041,104.458,96.796438,97.192271,0.395833,6,5.5233,7.2446
VTR,2024-01-10,104.022,104.449,96.814278,97.220528,0.40625,6,5.5149,7.2077
VTR,2024-01-11,104.176,104.645,96.987475,97.404142,0.416667,6,5.4282,7.1885
VTR,2024-01-16,104.998,105.487,97.072081,97.540831,0.46875,6,5.4045,7.9259
VTR,2024-01-17,103.962,104.462,96.954815,97.433982,0.479167,6,5.4774,7.0072
VTR,2024-01-18,103.625,104.156,96.95248,97.442063,0.489583,6,5.4659,6.6725
VTR,2024-01-19,103.467,104.009,96.890826,97.390826,0.5,6,5.497,6.5762
VTR,2024-01-22,104.3,104.852,96.908067,97.439317,0.53125,6,5.5082,7.3919
VTR,2024-01-25,103.322,103.926,96.99616,97.55866,0.5625,6,5.4293,6.3258
VTR,2024-01-26,104.438,105.052,96.996044,97.568961,0.572917,6,5.4338,7.442
VTR,2024-01-30,103.406,104.031,97.003583,97.618166,0.614583,6,5.4556,6.4024
VTR,2024-01-31,102.946,103.582,97.086464,97.711464,0.625,6,5.4014,5.8595
VTR,2024-02-02,102.48,103.157,97.010855,97.646272,0.635417,6,5.4655,5.4691
VTR,2024-02-07,101.534,102.243,96.868846,97.556346,0.6875,6,5.5097,4.6652
VTR,2024-02-08,102.145,102.884,96.789303,97.487219,0.697917,6,5.5461,5.3557
VTR,2024-02-09,102.064,102.814,96.743978,97.452311,0.708333,6,5.5684,5.32
VTR,2024-02-14,102.419,103.2,96.545701,97.306117,0.760417,6,5.6557,5.8733
VTR,2024-02-15,101.179,102.002,96.622467,97.393301,0.770833,6,5.6327,4.5565
VTR,2024-02-16,100.712,101.546,96.530363,97.311613,0.78125,6,5.6605,4.1816
VTR,2024-02-21,100.882,101.736,96.562067,97.3954,0.833333,6,5.6616,4.3199
VTR,2024-02-22,100.759,101.644,96.514094,97.357844,0.84375,6,5.682,4.2449
VTR,2024-02-23,100.674,101.57,96.508533,97.362699,0.854167,6,5.6913,4.1655
VTR,2024-02-26,100.182,101.088,96.431406,97.316822,0.885417,6,5.739,3.7506
VTR,2024-02-27,99.947,100.864,96.418904,97.314737,0.895833,6,5.7343,3.5281
VTR,2024-02-28,99.5,100.438,96.419896,97.326146,0.90625,6,5.7418,3.0801
VTR,2024-02-29,99.189,100.158,96.424783,97.341449,0.916667,6,5.7466,2.7642
VTR,2024-03-04,100.106,101.095,96.525139,97.493889,0.96875,6,5.7227,3.5809
VTR,2024-03-06,99.75,100.76,96.613828,97.603411,0.989583,6,5.693,3.1362
VTR,2024-03-07,100.198,101.24,96.691256,97.691256,1.0,6,5.6574,3.5067
VTR,2024-03-08,100.402,101.454,96.745697,97.756113,1.010417,6,5.6365,3.6563
VTR,2024-03-11,101.023,102.086,96.723482,97.765148,1.041667,6,5.6607,4.2995
VTR,2024-03-12,100.976,102.049,96.65841,97.710493,1.052083,6,5.6885,4.3176
VTR,2024-03-13,100.311,101.394,96.619332,97.681832,1.0625,6,5.7121,3.6917
VTR,2024-03-19,100.113,101.259,96.502993,97.627993,1.125,6,5.7612,3.61
VTR,2024-03-20,99.7,100.856,96.593518,97.728934,1.135417,6,5.6908,3.1065
VTR,2024-03-21,100.301,101.489,96.63867,97.784503,1.145833,6,5.6786,3.6623
VTR,2024-03-25,99.6,100.808,96.665734,97.853234,1.1875,6,5.6694,2.9343
VTR,2024-03-26,99.273,100.491,96.644367,97.842284,1.197917,6,5.6963,2.6286
VTR,2024-03-27,99.997,101.247,96.708398,97.916731,1.208333,6,5.6762,3.2886
VTR,2024-04-02,99.525,100.806,96.505259,97.765676,1.260417,6,5.757,3.0197
VTR,2024-04-08,99.7,101.044,96.483512,97.806429,1.322917,6,5.7757,3.2165
VTR,2024-04-10,98.896,100.26,96.240992,97.584742,1.34375,6,5.8998,2.655
VTR,2024-04-11,99.436,100.831,96.19698,97.551147,1.354167,6,5.8918,3.239
VTR,2024-04-16,98.297,99.724,96.034565,97.440815,1.40625,6,5.9757,2.2624
VTR,2024-04-18,98.75,100.219,96.05241,97.479493,1.427083,6,5.9698,2.6976
VTR,2024-04-19,99.136,100.616,96.064218,97.501718,1.4375,6,5.9659,3.0718
VTR,2024-04-22,98.663,100.152,96.102672,97.571422,1.46875,6,5.9549,2.5603
VTR,2024-04-23,99.803,101.303,96.185476,97.664643,1.479167,6,5.9114,3.6175
VTR,2024-04-24,99.49,101.0,96.156156,97.645739,1.489583,6,5.9384,3.3338
VTR,2024-04-25,98.997,100.539,96.096713,97.596713,1.5,6,5.9664,2.9003
VTR,2024-04-30,99.75,101.323,96.111321,97.663404,1.552083,6,5.9842,3.6387
VTR,2024-05-02,101.246,102.86,96.287344,97.860261,1.572917,6,5.9014,4.9587
VTR,2024-05-06,102.084,103.719,96.488243,98.102827,1.614583,6,5.8231,5.5958
VTR,2024-05-07,102.109,103.755,96.486561,98.111561,1.625,6,5.8436,5.6224
VTR,2024-05-08,102.322,103.979,96.469059,98.104476,1.635417,6,5.8504,5.8529
VTR,2024-05-09,102.55,104.238,96.488922,98.134755,1.645833,6,5.8492,6.0611
VTR,2024-05-10,102.7,104.398,96.440081,98.096331,1.65625,6,5.8828,6.2599
VTR,2024-05-14,102.9,104.619,96.484519,98.182436,1.697917,6,5.878,6.4155
VTR,2024-05-15,103.021,104.75,96.615008,98.323341,1.708333,6,5.804,6.406
VTR,2024-05-20,103.424,105.205,96.560928,98.321344,1.760417,6,5.848,6.8631
VTR,2024-05-23,101.95,103.794,96.43922,98.230886,1.791667,6,5.9157,5.5108
VTR,2024-05-28,101.738,103.592,96.396312,98.240062,1.84375,6,5.9368,5.3417
VTR,2024-05-29,101.715,103.58,96.329527,98.183694,1.854167,6,5.954,5.3855
VTR,2024-05-30,102.487,104.362,96.406983,98.271566,1.864583,6,5.9167,6.08
VTR,2024-05-31,103.764,103.785,96.462598,98.337598,1.875,6,5.8936,7.3014
VTR,2024-06-03,103.473,103.504,96.582081,96.602914,0.020833,5,5.8302,6.8909
VTR,2024-06-04,103.203,103.244,96.643451,96.674701,0.03125,5,5.8101,6.5595
VTR,2024-06-05,103.5,103.552,96.709063,96.75073,0.041667,5,5.7803,6.7909
VTR,2024-06-06,103.565,103.627,96.724659,96.776742,0.052083,5,5.7778,6.8403
VTR,2024-06-07,103.1,103.194,96.568731,96.631231,0.0625,5,5.8612,6.5313
VTR,2024-06-11,103.402,103.516,96.585293,96.689459,0.104167,5,5.8601,6.8167
VTR,2024-06-12,103.243,103.368,96.688863,96.803446,0.114583,5,5.8077,6.5541
VTR,2024-06-14,104.359,104.526,96.759429,96.894846,0.135417,5,5.7804,7.5996
VTR,2024-06-17,104.125,104.302,96.674756,96.841422,0.166667,5,5.8393,7.4502
VTR,2024-06-18,104.409,104.607,96.725916,96.902999,0.177083,5,5.8158,7.6831
VTR,2024-06-20,104.326,104.534,96.696649,96.894566,0.197917,5,5.8386,7.6294
VTR,2024-06-21,104.3,104.54,96.699892,96.908225,0.208333,5,5.8355,7.6001
VTR,2024-06-24,104.908,105.158,96.721629,96.961213,0.239583,5,5.8282,8.1864
VTR,2024-06-25,104.289,104.55,96.697126,96.947126,0.25,5,5.8518,7.5919
VTR,2024-06-26,103.521,103.791,96.638512,96.898929,0.260417,5,5.88,6.8825
VTR,2024-06-27,103.846,104.127,96.667653,96.938486,0.270833,5,5.8578,7.1783
VTR,2024-06-28,104.875,105.188,96.64802,96.92927,0.28125,5,5.8682,8.227
VTR,2024-07-01,105.47,105.793,96.629243,96.941743,0.3125,5,5.8602,8.8408
VTR,2024-07-02,106.086,106.419,96.693382,97.016298,0.322917,5,5.8266,9.3926
VTR,2024-07-08,106.2,106.596,96.946835,97.332252,0.385417,5,5.7186,9.2532
VTR,2024-07-10,106.083,106.5,96.937512,97.343762,0.40625,5,5.7247,9.1455
VTR,2024-07-16,107.322,107.801,97.250149,97.718899,0.46875,5,5.557,10.0719
VTR,2024-07-17,107.701,108.19,97.253169,97.732336,0.479167,5,5.569,10.4478
VTR,2024-07-23,107.833,108.385,97.201207,97.742874,0.541667,5,5.6043,10.6318
VTR,2024-07-26,107.875,108.479,97.282636,97.855552,0.572917,5,5.5572,10.5924
VTR,2024-07-31,109.09,109.715,97.414751,98.039751,0.625,5,5.4932,11.6752
VTR,2024-08-01,109.349,109.984,97.525471,98.150471,0.625,5,5.4252,11.8235
VTR,2024-08-02,111.751,112.417,97.794433,98.429849,0.635417,5,5.2513,13.9566
VTR,2024-08-05,111.549,112.226,97.750935,98.417601,0.666667,5,5.3158,13.7981
VTR,2024-08-06,112.4,113.088,97.712303,98.389386,0.677083,5,5.355,14.6877
VTR,2024-08-07,113.549,114.247,97.709402,98.396902,0.6875,5,5.3131,15.8396
VTR,2024-08-12,114.134,114.884,97.740812,98.480395,0.739583,5,5.3259,16.3932
VTR,2024-08-13,114.465,115.226,97.863728,98.613728,0.75,5,5.2449,16.6013
VTR,2024-08-14,114.24,115.011,97.902455,98.662872,0.760417,5,5.2393,16.3375
VTR,2024-08-15,112.477,113.258,97.812516,98.583349,0.770833,5,5.302,14.6645
VTR,2024-08-16,112.85,113.663,97.83954,98.62079,0.78125,5,5.2665,15.0105
VTR,2024-08-20,113.25,114.083,97.909052,98.731968,0.822917,5,5.2299,15.3409
VTR,2024-08-21,113.65,114.494,98.008288,98.841621,0.833333,5,5.1765,15.6417
VTR,2024-08-22,113.69,114.545,97.941431,98.785181,0.84375,5,5.2284,15.7486
VTR,2024-08-23,114.668,115.553,98.055162,98.909328,0.854167,5,5.1451,16.6128
VTR,2024-08-26,114.87,115.766,98.049903,98.93532,0.885417,5,5.1692,16.8201
VTR,2024-08-27,115.38,116.287,98.077804,98.973637,0.895833,5,5.1477,17.3022
VTR,2024-08-28,116.703,117.619,98.079878,98.986128,0.90625,5,5.1549,18.6231
VTR,2024-08-29,116.968,117.895,98.052109,98.968776,0.916667,5,5.1739,18.9159
VTR,2024-08-30,118.045,119.004,98.04915,98.976233,0.927083,5,5.1656,19.9959
VTR,2024-09-03,118.223,119.192,98.050702,99.009035,0.958333,5,5.1693,20.1723
VTR,2024-09-04,119.38,120.359,98.201774,99.170524,0.96875,5,5.0509,21.1782
VTR,2024-09-05,119.493,120.483,98.267235,99.246401,0.979167,5,5.0185,21.2258
VTR,2024-09-06,119.746,120.767,98.361711,99.351294,0.989583,5,4.9422,21.3843
VTR,2024-09-09,121.574,122.605,98.395582,99.416416,1.020833,5,4.9449,23.1784
VTR,2024-09-10,122.0,123.042,98.458129,99.489379,1.03125,5,4.9035,23.5419
VTR,2024-09-11,123.224,124.276,98.415584,99.457251,1.041667,5,4.9496,24.8084
VTR,2024-09-12,122.798,123.86,98.459756,99.511839,1.052083,5,4.9052,24.3382
VTR,2024-09-13,123.018,124.111,98.563951,99.626451,1.0625,5,4.8337,24.454
VTR,2024-09-16,123.375,124.479,98.62853,99.72228,1.09375,5,4.7911,24.7465
VTR,2024-09-17,122.376,123.49,98.629852,99.734018,1.104167,5,4.8007,23.7461
VTR,2024-09-18,122.174,123.299,98.642994,99.757578,1.114583,5,4.7821,23.531
VTR,2024-09-19,122.123,123.258,98.69542,99.82042,1.125,5,4.7364,23.4276
VTR,2024-09-20,119.557,120.724,98.719772,99.855189,1.135417,5,4.7265,20.8372
VTR,2024-09-23,121.486,122.663,98.740438,99.907105,1.166667,5,4.7143,22.7456
VTR,2024-09-24,122.049,123.237,98.805883,99.982967,1.177083,5,4.67,23.2431
VTR,2024-09-25,122.902,124.1,98.755333,99.942833,1.1875,5,4.7039,24.1467
VTR,2024-09-26,121.455,122.663,98.681528,99.879444,1.197917,5,4.7624,22.7735
VTR,2024-09-27,121.695,122.934,98.758797,99.967131,1.208333,5,4.7026,22.9362
VTR,2024-09-30,121.772,123.022,98.662245,99.901828,1.239583,5,4.7768,23.1098
VTR,2024-10-01,122.198,123.458,98.687434,99.937434,1.25,5,4.758,23.5106
VTR,2024-10-02,121.938,123.208,98.708213,99.96863,1.260417,5,4.7347,23.2298
VTR,2024-10-03,121.243,122.524,98.644676,99.915509,1.270833,5,4.7751,22.5983
VTR,2024-10-04,119.59,120.903,98.456714,99.737964,1.28125,5,4.9005,21.1333
VTR,2024-10-07,120.307,121.63,98.346796,99.659296,1.3125,5,4.9653,21.9602
VTR,2024-10-08,119.876,121.21,98.353542,99.676458,1.322917,5,4.9464,21.5225
VTR,2024-10-09,119.41,120.754,98.311361,99.644694,1.333333,5,4.9793,21.0986
VTR,2024-10-10,118.127,119.481,98.344412,99.688162,1.34375,5,4.9441,19.7826
VTR,2024-10-11,119.975,121.371,98.378961,99.733128,1.354167,5,4.925,21.596
VTR,2024-10-14,120.809,122.205,98.384178,99.769595,1.385417,5,4.9262,22.4248
VTR,2024-10-15,122.138,123.544,98.417694,99.813528,1.395833,5,4.9083,23.7203
VTR,2024-10-21,122.434,123.902,98.277018,99.735352,1.458333,5,5.0134,24.157
VTR,2024-10-22,122.258,123.737,98.260338,99.729088,1.46875,5,5.0192,23.9977
VTR,2024-10-23,124.369,125.859,98.227164,99.706331,1.479167,5,5.0434,26.1418
VTR,2024-10-24,124.583,126.083,98.226495,99.716078,1.489583,5,5.0395,26.3565
VTR,2024-10-25,124.594,126.125,98.205724,99.705724,1.5,5,5.059,26.3883
VTR,2024-10-28,123.148,124.689,98.194419,99.725669,1.53125,5,5.0623,24.9536
VTR,2024-10-29,124.883,126.435,98.210495,99.752161,1.541667,5,5.0447,26.6725
VTR,2024-10-31,125.686,127.249,98.147849,99.710349,1.5625,5,5.075,27.5382
VTR,2024-11-05,122.483,124.097,98.212592,99.816759,1.604167,5,5.0335,24.2704
VTR,2024-11-07,122.389,124.025,98.27116,99.89616,1.625,5,4.9894,24.1178
VTR,2024-11-11,123.0,124.677,98.260652,99.927318,1.666667,5,5.013,24.7393
VTR,2024-11-12,122.97,124.658,98.158122,99.835206,1.677083,5,5.0815,24.8119
VTR,2024-11-13,123.351,125.049,98.182481,99.869981,1.6875,5,5.0509,25.1685
VTR,2024-11-14,121.278,122.986,98.114432,99.812349,1.697917,5,5.1119,23.1636
VTR,2024-11-18,121.287,123.037,98.161102,99.900686,1.739583,5,5.0856,23.1259
VTR,2024-11-20,121.685,123.456,98.135819,99.896236,1.760417,5,5.1241,23.5492
VTR,2024-11-22,121.2,123.013,98.079849,99.861099,1.78125,5,5.164,23.1202
VTR,2024-11-25,120.741,122.564,98.160004,99.972504,1.8125,5,5.1211,22.581
VTR,2024-11-26,121.831,123.664,98.149592,99.972509,1.822917,5,5.1293,23.6814
VTR,2024-11-27,122.668,124.522,98.200714,100.034048,1.833333,5,5.0926,24.4673
VTR,2024-12-02,119.572,119.593,98.290828,98.301244,0.010417,4,5.0336,21.2812
VTR,2024-12-03,120.272,120.303,98.312573,98.333406,0.020833,4,5.0162,21.9594
VTR,2024-12-04,118.874,118.916,98.37132,98.40257,0.03125,4,4.9715,20.5027
VTR,2024-12-05,119.2,119.252,98.358733,98.4004,0.041667,4,4.9872,20.8413
VTR,2024-12-06,118.036,118.119,98.418688,98.470771,0.052083,4,4.9403,19.6173
VTR,2024-12-09,117.191,117.285,98.421831,98.505165,0.083333,4,4.9451,18.7692
VTR,2024-12-10,117.156,117.26,98.420099,98.513849,0.09375,4,4.9483,18.7359
VTR,2024-12-11,116.105,116.219,98.447486,98.551653,0.104167,4,4.9238,17.6575
VTR,2024-12-12,116.44,116.565,98.404573,98.519156,0.114583,4,4.9575,18.0354
VTR,2024-12-18,116.25,116.438,98.285452,98.462535,0.177083,4,5.0488,17.9645
VTR,2024-12-19,113.909,114.107,98.257938,98.445438,0.1875,4,5.0605,15.6511
VTR,2024-12-20,114.504,114.733,98.285088,98.483005,0.197917,4,5.0442,16.2189
VTR,2024-12-23,114.108,114.348,98.309677,98.538843,0.229167,4,5.02,15.7983
VTR,2024-12-27,113.968,114.27,98.363686,98.634519,0.270833,4,4.9829,15.6043
VTR,2024-12-30,113.262,113.575,98.413036,98.715119,0.302083,4,4.9574,14.849
VTR,2024-12-31,113.35,113.673,98.390148,98.702648,0.3125,4,4.9664,14.9599
VTR,2025-01-02,112.685,113.018,98.407201,98.730118,0.322917,4,4.9699,14.2778
VTR,2025-01-06,111.339,111.714,98.391328,98.755911,0.364583,4,4.9889,12.9477
VTR,2025-01-07,111.639,112.025,98.367339,98.742339,0.375,4,5.01,13.2717
VTR,2025-01-08,112.961,113.357,98.399814,98.78523,0.385417,4,4.9853,14.5612
VTR,2025-01-10,111.814,112.251,98.332458,98.738708,0.40625,4,5.0375,13.4815
VTR,2025-01-13,112.409,112.857,98.317094,98.754594,0.4375,4,5.0522,14.0919
VTR,2025-01-14,112.27,112.728,98.332644,98.78056,0.447917,4,5.043,13.9374
VTR,2025-01-15,113.008,113.477,98.414668,98.873001,0.458333,4,4.9905,14.5933
VTR,2025-01-16,113.335,113.814,98.440058,98.908808,0.46875,4,4.9801,14.8949
VTR,2025-01-17,113.729,114.25,98.407122,98.886289,0.479167,4,5.0136,15.3219
VTR,2025-01-21,115.233,115.764,98.453415,98.974248,0.520833,4,4.9829,16.7796
VTR,2025-01-22,113.599,114.14,98.442267,98.973517,0.53125,4,4.9945,15.1567
VTR,2025-01-23,114.45,115.002,98.465929,99.007596,0.541667,4,4.973,15.9841
VTR,2025-01-24,116.335,116.918,98.48738,99.039464,0.552083,4,4.957,17.8476
VTR,2025-01-29,115.221,115.835,98.513749,99.117916,0.604167,4,4.9566,16.7073
VTR,2025-01-30,115.25,115.875,98.525961,99.140544,0.614583,4,4.9527,16.724
VTR,2025-01-31,115.809,116.455,98.510176,99.135176,0.625,4,4.9517,17.2988
VTR,2025-02-03,116.828,117.485,98.468832,99.114665,0.645833,4,5.0063,18.3592
VTR,2025-02-04,115.5,116.167,98.50314,99.15939,0.65625,4,4.9816,16.9969
VTR,2025-02-05,116.443,117.12,98.518997,99.185664,0.666667,4,4.9757,17.924
VTR,2025-02-06,116.197,116.885,98.497774,99.174857,0.677083,4,4.9945,17.6992
VTR,2025-02-12,114.75,115.5,98.413072,99.152655,0.739583,4,5.0724,16.3369
VTR,2025-02-13,121.018,121.778,98.455674,99.205674,0.75,4,5.0426,22.5623
VTR,2025-02-14,124.274,125.076,98.50834,99.268757,0.760417,4,5.0011,25.7657
VTR,2025-02-18,125.517,126.33,98.51336,99.315443,0.802083,4,5.0044,27.0036
VTR,2025-02-19,124.125,124.948,98.538345,99.350845,0.8125,4,4.9865,25.5867
VTR,2025-02-20,124.681,125.514,98.544016,99.366933,0.822917,4,4.9849,26.137
VTR,2025-02-24,126.399,127.274,98.605655,99.470238,0.864583,4,4.9475,27.7933
VTR,2025-02-25,126.773,127.659,98.630985,99.505985,0.875,4,4.9329,28.142
VTR,2025-02-26,127.241,128.136,98.635773,99.52119,0.885417,4,4.9355,28.6052
VTR,2025-02-28,127.919,128.877,98.632293,99.538543,0.90625,4,4.9453,29.2867
VTR,2025-03-03,130.345,131.314,98.685992,99.644326,0.958333,4,4.9117,31.659
VTR,2025-03-04,129.763,130.742,98.670852,99.639602,0.96875,4,4.93,31.0921
VTR,2025-03-05,129.5,130.49,98.694459,99.673626,0.979167,4,4.9086,30.8055
VTR,2025-03-10,126.311,127.352,98.733409,99.764659,1.03125,4,4.8854,27.5776
VTR,2025-03-11,125.099,126.151,98.658265,99.699931,1.041667,4,4.9573,26.4407
VTR,2025-03-12,124.968,126.03,98.628431,99.680514,1.052083,4,4.985,26.3396
VTR,2025-03-14,125.422,126.526,98.625729,99.698646,1.072917,4,4.994,26.7963
VTR,2025-03-17,128.23,129.344,98.613642,99.717809,1.104167,4,5.0131,29.6164
VTR,2025-03-18,127.57,128.695,98.598855,99.713438,1.114583,4,5.0316,28.9711
VTR,2025-03-19,127.05,128.185,98.681254,99.806254,1.125,4,4.9588,28.3687
VTR,2025-03-21,125.754,126.931,98.726153,99.871987,1.145833,4,4.9227,27.0278
VTR,2025-03-25,127.004,128.201,98.690706,99.878206,1.1875,4,4.9656,28.3133
VTR,2025-03-26,127.26,128.468,98.66838,99.866297,1.197917,4,4.9887,28.5916
VTR,2025-03-28,127.643,128.893,98.713225,99.931975,1.21875,4,4.9531,28.9298
VTR,2025-03-31,129.046,130.296,98.712938,99.962938,1.25,4,4.9506,30.3331
VTR,2025-04-01,129.324,130.584,98.722916,99.972916,1.25,4,4.9553,30.6011
VTR,2025-04-02,129.26,130.531,98.756555,100.016972,1.260417,4,4.9246,30.5034
VTR,2025-04-04,123.9,125.213,98.781018,100.062268,1.28125,4,4.907,25.119
VTR,2025-04-07,122.068,123.391,98.637901,99.950401,1.3125,4,5.0516,23.4301
VTR,2025-04-08,123.324,124.657,98.642443,99.96536,1.322917,4,5.0458,24.6816
VTR,2025-04-09,123.948,125.292,98.542251,99.875585,1.333333,4,5.1464,25.4057
VTR,2025-04-10,124.462,125.816,98.589052,99.932802,1.34375,4,5.101,25.8729
VTR,2025-04-11,125.07,126.456,98.547568,99.901735,1.354167,4,5.1422,26.5224
VTR,2025-04-14,127.85,129.246,98.604842,99.990259,1.385417,4,5.0999,29.2452
VTR,2025-04-15,128.465,129.871,98.607794,100.003627,1.395833,4,5.103,29.8572
VTR,2025-04-16,127.785,129.202,98.671618,100.077868,1.40625,4,5.0449,29.1134
VTR,2025-04-17,128.505,129.963,98.684976,100.101643,1.416667,4,5.0351,29.82
VTR,2025-04-22,129.079,130.558,98.675078,100.143828,1.46875,4,5.0605,30.4039
VTR,2025-04-23,129.691,131.181,98.687124,100.16629,1.479167,4,5.0522,31.0039
VTR,2025-04-24,129.437,130.937,98.759514,100.249097,1.489583,4,4.9842,30.6775
VTR,2025-04-29,129.696,131.248,98.84722,100.388887,1.541667,4,4.9143,30.8488
VTR,2025-05-01,125.269,126.842,98.796214,100.358714,1.5625,4,4.9706,26.4728
VTR,2025-05-02,126.234,127.838,98.755703,100.32862,1.572917,4,5.0133,27.4783
VTR,2025-05-05,126.283,127.898,98.744345,100.348512,1.604167,4,5.033,27.5387
VTR,2025-05-07,125.99,127.626,98.772772,100.397772,1.625,4,5.011,27.2172
VTR,2025-05-08,125.374,127.02,98.743188,100.378605,1.635417,4,5.0432,26.6308
VTR,2025-05-12,124.233,125.92,98.747648,100.424731,1.677083,4,5.0502,25.4854
VTR,2025-05-13,122.038,123.736,98.780878,100.468378,1.6875,4,5.0184,23.2571
VTR,2025-05-14,122.34,124.049,98.763579,100.461496,1.697917,4,5.0389,23.5764
VTR,2025-05-15,123.279,124.998,98.809293,100.517626,1.708333,4,4.9954,24.4697
VTR,2025-05-16,124.543,126.293,98.792983,100.511733,1.71875,4,5.0161,25.75
VTR,2025-05-20,123.288,125.059,98.836543,100.596959,1.760417,4,4.9831,24.4515
VTR,2025-05-21,121.29,123.072,98.804591,100.575424,1.770833,4,5.0193,22.4854
VTR,2025-05-28,121.761,123.615,98.813674,100.657424,1.84375,4,5.0329,22.9473
VTR,2025-05-29,121.578,123.442,98.83515,100.689316,1.854167,4,5.0133,22.7429
VTR,2025-06-03,120.074,120.105,98.883715,98.904549,0.020833,3,4.974,21.1903
VTR,2025-06-04,120.117,120.158,98.929887,98.961137,0.03125,3,4.9273,21.1871
VTR,2025-06-05,120.508,120.56,98.918741,98.960408,0.041667,3,4.9424,21.5893
VTR,2025-06-09,119.061,119.154,98.901722,98.985056,0.083333,3,4.9735,20.1593
VTR,2025-06-12,120.25,120.375,98.983307,99.09789,0.114583,3,4.8932,21.2667
VTR,2025-06-18,118.966,119.163,98.968973,99.146056,0.177083,3,4.9277,19.997
VTR,2025-06-23,119.652,119.891,99.029846,99.259013,0.229167,3,4.8746,20.6222
VTR,2025-06-24,119.46,119.71,99.055107,99.29469,0.239583,3,4.8489,20.4049
VTR,2025-06-25,119.88,120.14,99.063966,99.313966,0.25,3,4.8418,20.816
VTR,2025-06-27,119.66,119.962,99.088375,99.359208,0.270833,3,4.8198,20.5716
VTR,2025-06-30,118.329,118.641,99.115964,99.418047,0.302083,3,4.7968,19.213
VTR,2025-07-01,119.098,119.421,99.104283,99.416783,0.3125,3,4.8133,19.9937
VTR,2025-07-02,117.875,118.208,99.12891,99.451827,0.322917,3,4.7876,18.7461
VTR,2025-07-03,119.61,119.985,99.084782,99.418115,0.333333,3,4.8421,20.5252
VTR,2025-07-08,118.269,118.665,99.054638,99.440055,0.385417,3,4.8936,19.2144
VTR,2025-07-09,118.259,118.665,99.078154,99.473988,0.395833,3,4.8689,19.1808
VTR,2025-07-10,119.152,119.569,99.082717,99.488967,0.40625,3,4.8667,20.0693
VTR,2025-07-14,121.826,122.284,99.081355,99.529272,0.447917,3,4.8815,22.7446
VTR,2025-07-15,121.477,121.945,99.068292,99.526625,0.458333,3,4.9007,22.4087
VTR,2025-07-16,121.52,121.999,99.104551,99.573301,0.46875,3,4.86,22.4154
VTR,2025-07-17,121.914,122.403,99.098083,99.577249,0.479167,3,4.8712,22.8159
VTR,2025-07-18,122.881,123.401,99.131793,99.621376,0.489583,3,4.8333,23.7492
VTR,2025-07-21,123.869,124.4,99.131881,99.652715,0.520833,3,4.843,24.7371
VTR,2025-07-22,123.829,124.371,99.133266,99.664516,0.53125,3,4.8446,24.6957
VTR,2025-07-23,124.12,124.672,99.135062,99.676729,0.541667,3,4.8457,24.9849
VTR,2025-07-24,124.779,125.342,99.125078,99.677161,0.552083,3,4.8615,25.6539
VTR,2025-07-29,123.675,124.29,99.156967,99.761134,0.604167,3,4.8384,24.518
VTR,2025-07-30,123.402,124.027,99.127707,99.74229,0.614583,3,4.879,24.2743
VTR,2025-07-31,126.168,126.793,99.138606,99.763606,0.625,3,4.8519,27.0294
VTR,2025-08-01,124.593,125.25,99.31672,99.94172,0.625,3,4.6419,25.2763
VTR,2025-08-04,126.124,126.791,99.342288,99.998538,0.65625,3,4.6175,26.7817
VTR,2025-08-05,126.302,126.979,99.278166,99.944833,0.666667,3,4.7028,27.0238
VTR,2025-08-06,126.697,127.385,99.296368,99.973451,0.677083,3,4.6823,27.4006
VTR,2025-08-11,126.679,127.419,99.284031,100.013198,0.729167,3,4.7136,27.395
VTR,2025-08-13,125.0,125.76,99.369247,100.119247,0.75,3,4.6072,25.6308
VTR,2025-08-14,124.958,125.729,99.34474,100.105156,0.760417,3,4.6425,25.6133
VTR,2025-08-19,125.217,126.04,99.345027,100.157527,0.8125,3,4.657,25.872
VTR,2025-08-20,127.661,128.494,99.340114,100.163031,0.822917,3,4.6667,28.3209
VTR,2025-08-21,127.633,128.477,99.311065,100.144398,0.833333,3,4.7093,28.3219
VTR,2025-08-22,127.53,128.405,99.380376,100.224126,0.84375,3,4.618,28.1496
VTR,2025-08-25,124.843,125.728,99.377331,100.252331,0.875,3,4.6311,25.4657
VTR,2025-09-04,124.767,125.747,99.475376,100.444126,0.96875,3,4.5198,25.2916
VTR,2025-09-05,124.134,125.144,99.547411,100.526577,0.979167,3,4.4199,24.5866
VTR,2025-09-08,125.576,126.596,99.56421,100.574627,1.010417,3,4.4029,26.0118
VTR,2025-09-09,126.233,127.264,99.532684,100.553518,1.020833,3,4.4508,26.7003
VTR,2025-09-10,127.801,128.843,99.552629,100.583879,1.03125,3,4.4244,28.2484
VTR,2025-09-15,128.383,129.476,99.599824,100.683158,1.083333,3,4.3671,28.7832
VTR,2025-09-16,126.433,127.537,99.614653,100.708403,1.09375,3,4.3474,26.8183
VTR,2025-09-19,123.782,124.938,99.649346,100.774346,1.125,3,4.3021,24.1327
VTR,2025-09-22,123.311,124.478,99.643055,100.799305,1.15625,3,4.3179,23.6679
VTR,2025-09-23,126.065,127.242,99.632851,100.799518,1.166667,3,4.3356,26.4321
VTR,2025-09-24,125.829,127.017,99.619214,100.796297,1.177083,3,4.3587,26.2098
VTR,2025-09-25,125.87,127.068,99.581432,100.768932,1.1875,3,4.4191,26.2886
VTR,2025-09-29,126.354,127.593,99.622134,100.851301,1.229167,3,4.3661,26.7319
VTR,2025-09-30,128.339,129.589,99.631092,100.870676,1.239583,3,4.3545,28.7079
VTR,2025-10-01,129.731,130.991,99.634907,100.884907,1.25,3,4.3509,30.0961
VTR,2025-10-02,128.446,129.717,99.641237,100.901654,1.260417,3,4.3433,28.8048
VTR,2025-10-03,128.885,130.187,99.629753,100.900586,1.270833,3,4.3639,29.2552
VTR,2025-10-07,127.55,128.873,99.631336,100.943836,1.3125,3,4.3714,27.9187
VTR,2025-10-08,126.375,127.708,99.628166,100.951082,1.322917,3,4.3791,26.7468
VTR,2025-10-13,124.562,125.947,99.639455,101.014455,1.375,3,4.3737,24.9225
VTR,2025-10-14,125.28,126.676,99.647245,101.032662,1.385417,3,4.3634,25.6328
VTR,2025-10-16,128.0,129.417,99.670188,101.076438,1.40625,3,4.3302,28.3298
VTR,2025-10-17,129.02,130.468,99.67013,101.086797,1.416667,3,4.3328,29.3499
VTR,2025-10-27,131.256,132.787,99.690812,101.211646,1.520833,3,4.3228,31.5652
VTR,2025-10-28,129.081,130.622,99.679298,101.210548,1.53125,3,4.3458,29.4017
VTR,2025-10-29,127.75,129.302,99.638861,101.180528,1.541667,3,4.4205,28.1111
VTR,2025-10-30,134.93,136.493,99.626629,101.178712,1.552083,3,4.4455,35.3034
VTR,2025-10-31,135.688,137.272,99.609954,101.172454,1.5625,3,4.4567,36.078
VTR,2025-11-03,135.599,137.193,99.599622,101.182955,1.583333,3,4.5044,35.9994
VTR,2025-11-04,137.371,138.975,99.620385,101.214135,1.59375,3,4.4701,37.7506
VTR,2025-11-05,136.908,138.523,99.607484,101.211651,1.604167,3,4.4972,37.3005
VTR,2025-11-11,139.042,140.719,99.634576,101.301243,1.666667,3,4.4682,39.4074
VTR,2025-11-13,140.887,142.585,99.615538,101.303038,1.6875,3,4.5117,41.2715
VTR,2025-11-14,142.051,143.78,99.619,101.316917,1.697917,3,4.5089,42.432
VTR,2025-11-17,143.621,145.36,99.620011,101.349177,1.729167,3,4.5186,44.001
VTR,2025-11-19,145.619,147.38,99.637894,101.387894,1.75,3,4.4914,45.9811
VTR,2025-11-20,145.771,147.541,99.643038,101.403455,1.760417,3,4.4851,46.128
VTR,2025-11-24,144.545,146.358,99.665881,101.467964,1.802083,3,4.4547,44.8791
VTR,2025-11-25,145.228,147.051,99.682986,101.495486,1.8125,3,4.4238,45.545
VTR,2025-11-26,145.625,147.469,99.696697,101.519613,1.822917,3,4.3995,45.9283
VTR,2025-12-01,147.014,147.024,99.706771,99.706771,0.0,2,4.3965,47.3072
VTR,2025-12-02,145.75,145.771,99.723331,99.733748,0.010417,2,4.3648,46.0267
VTR,2025-12-03,144.807,144.838,99.732454,99.753288,0.020833,2,4.3485,45.0745
VTR,2025-12-04,147.766,147.807,99.727347,99.758597,0.03125,2,4.3623,48.0387
VTR,2025-12-05,147.317,147.39,99.730071,99.771738,0.041667,2,4.3595,47.5869
VTR,2025-12-08,148.308,148.391,99.728286,99.801203,0.072917,2,4.3726,48.5797
VTR,2025-12-09,146.089,146.183,99.720095,99.803429,0.083333,2,4.3937,46.3689
VTR,2025-12-10,141.647,141.751,99.759,99.85275,0.09375,2,4.3114,41.888
VTR,2025-12-11,140.642,140.757,99.755861,99.860028,0.104167,2,4.3212,40.8861
VTR,2025-12-12,141.92,142.066,99.768598,99.883181,0.114583,2,4.2958,42.1514
VTR,2025-12-15,143.172,143.329,99.771613,99.917446,0.145833,2,4.2975,43.4004
VTR,2025-12-16,142.654,142.821,99.774149,99.930399,0.15625,2,4.2946,42.8799
VTR,2025-12-18,144.292,144.48,99.788424,99.965508,0.177083,2,4.2675,44.5036
VTR,2025-12-19,144.365,144.584,99.779604,99.967104,0.1875,2,4.2907,44.5854
VTR,2025-12-22,143.422,143.651,99.780902,99.999652,0.21875,2,4.2965,43.6411
VTR,2025-12-24,143.795,144.055,99.803022,100.042606,0.239583,2,4.2497,43.992
VTR,2026-01-06,138.66,139.035,99.822172,100.186755,0.364583,2,4.2361,38.8378
VTR,2026-01-07,139.172,139.557,99.817496,100.192496,0.375,2,4.2512,39.3545
VTR,2026-01-08,137.252,137.647,99.81672,100.202137,0.385417,2,4.2563,37.4353
VTR,2026-01-14,139.104,139.562,99.82294,100.270857,0.447917,2,4.2588,39.2811
VTR,2026-01-15,140.6,141.069,99.816256,100.27459,0.458333,2,4.2805,40.7837
VTR,2026-01-16,141.906,142.416,99.819535,100.288285,0.46875,2,4.2749,42.0865
VTR,2026-01-20,142.694,143.215,99.829287,100.339704,0.510417,2,4.2613,42.8647
VTR,2026-01-21,141.972,142.503,99.836968,100.357801,0.520833,2,4.2427,42.135
VTR,2026-01-22,141.671,142.213,99.842586,100.373836,0.53125,2,4.2298,41.8284
VTR,2026-01-26,139.058,139.642,99.843454,100.41637,0.572917,2,4.2408,39.2145
VTR,2026-01-28,140.869,141.473,99.856956,100.450706,0.59375,2,4.2069,41.012
VTR,2026-01-29,140.361,140.976,99.853334,100.4575,0.604167,2,4.2213,40.5077
VTR,2026-02-02,142.92,143.566,99.860209,100.495626,0.635417,2,4.2103,43.0598
VTR,2026-02-04,142.318,142.985,99.863595,100.519845,0.65625,2,4.2065,42.4544
VTR,2026-02-05,145.993,146.67,99.880885,100.547552,0.666667,2,4.1544,46.1121
VTR,2026-02-06,150.094,150.802,99.873851,100.550934,0.677083,2,4.1803,50.2201
VTR,2026-02-09,151.82,152.539,99.880166,100.5885,0.708333,2,4.1695,51.9398
VTR,2026-02-11,156.194,156.934,99.872898,100.602065,0.729167,2,4.2009,56.3211
VTR,2026-02-12,156.767,157.517,99.872082,100.611665,0.739583,2,4.2074,56.8949
VTR,2026-02-19,156.107,156.929,99.866057,100.678557,0.8125,2,4.2577,56.2409
VTR,2026-02-23,157.914,158.779,99.863234,100.717401,0.854167,2,4.2874,58.0508
VTR,2026-02-24,158.036,158.911,99.858552,100.723135,0.864583,2,4.3105,58.1774
VTR,2026-02-25,157.963,158.849,99.86051,100.73551,0.875,2,4.3083,58.1025
VTR,2026-02-26,158.323,159.218,99.858406,100.743822,0.885417,2,4.322,58.4646
VTR,2026-02-27,158.464,159.412,99.861697,100.75753,0.895833,2,4.3146,58.6023
VTR,2026-03-03,158.61,159.578,99.856623,100.814956,0.958333,2,4.3719,58.7534
VTR,2026-03-04,158.456,159.435,99.851864,100.820614,0.96875,2,4.399,58.6041
