date,nav,cash,positions_value,n_open_positions,daily_cash_income,open_tickers
2023-01-03,9996527.51,9001853.17,994674.33,1,1853.17,KRG
2023-01-04,10000023.91,9003514.45,996509.46,1,1661.27,KRG
2023-01-05,10013310.17,9005212.72,1008097.45,1,1698.27,KRG
2023-01-06,10015535.19,9006881.72,1008653.47,1,1669.0,KRG
2023-01-09,10025786.3,9008547.99,1017238.31,1,1666.27,KRG
2023-01-10,10030461.79,9010226.01,1020235.77,1,1678.02,KRG
2023-01-11,10040028.68,9011909.03,1028119.65,1,1683.02,KRG
2023-01-12,10031339.16,9013569.94,1017769.23,1,1660.91,KRG
2023-01-13,10036503.99,9015237.3,1021266.69,1,1667.37,KRG
2023-01-17,10031548.56,9016904.84,1014643.72,1,1667.53,KRG
2023-01-18,10033278.13,9018557.04,1014721.09,1,1652.2,KRG
2023-01-19,10040066.88,9020221.97,1019844.91,1,1664.93,KRG
2023-01-20,10046673.9,9021885.77,1024788.13,1,1663.8,KRG
2023-01-23,10045570.5,9023562.3,1022008.2,1,1676.53,KRG
2023-01-24,10041918.85,9025228.37,1016690.48,1,1666.06,KRG
2023-01-25,10039103.79,9026886.32,1012217.46,1,1657.96,KRG
2023-01-26,10042210.24,9028554.15,1013656.09,1,1667.82,KRG
2023-01-27,10042099.67,9030217.91,1011881.77,1,1663.76,KRG
2023-01-30,10042327.96,9031893.48,1010434.48,1,1675.57,KRG
2023-01-31,10048122.26,9033561.44,1014560.82,1,1667.96,KRG
2023-02-01,10045044.72,9035222.72,1009822.0,1,1661.28,KRG
2023-02-02,10039277.4,9036869.57,1002407.83,1,1646.85,KRG
2023-02-03,10044798.96,9038566.81,1006232.15,1,1697.25,KRG
2023-02-06,10048978.49,9040304.12,1008674.37,1,1737.31,KRG
2023-02-07,10048189.03,9042035.77,1006153.26,1,1731.65,KRG
2023-02-08,10052743.64,9043762.69,1008980.95,1,1726.92,KRG
2023-02-09,10063630.02,9045503.43,1018126.58,1,1740.74,KRG
2023-02-10,10062048.64,9047250.8,1014797.84,1,1747.36,KRG
2023-02-13,10062531.39,9049004.2,1013527.19,1,1753.41,KRG
2023-02-14,10053537.18,9050782.15,1002755.02,1,1777.95,KRG
2023-02-15,10057037.81,9052560.27,1004477.54,1,1778.12,KRG
2023-02-16,10054175.81,9054344.42,999831.39,1,1784.14,KRG
2023-02-17,10063624.91,9056130.17,1007494.74,1,1785.75,KRG
2023-02-21,10071080.7,9057926.81,1013153.89,1,1796.64,KRG
2023-02-22,10067175.38,9059736.56,1007438.83,1,1809.75,KRG
2023-02-23,10075109.35,9061538.66,1013570.69,1,1802.1,KRG
2023-02-24,10070598.7,8063334.64,2007264.06,2,1795.98,KRG|PPL2
2023-02-27,10059426.16,8064933.51,1994492.65,2,1598.88,KRG|PPL2
2023-02-28,10052317.52,8066526.44,1985791.08,2,1592.92,KRG|PPL2
2023-03-01,10056790.44,8068132.57,1988657.87,2,1606.14,KRG|PPL2
2023-03-02,10051347.08,8069728.4,1981618.68,2,1595.83,KRG|PPL2
2023-03-03,10054269.94,8071328.41,1982941.53,2,1600.02,KRG|PPL2
2023-03-06,10052014.33,8072943.41,1979070.92,2,1615.0,KRG|PPL2
2023-03-07,10054794.81,8074607.5,1980187.31,2,1664.08,KRG|PPL2
2023-03-08,10161718.95,8076277.88,2085441.07,2,1670.39,KRG|PPL2
2023-03-09,10056285.44,8077914.36,1978371.08,2,1636.47,KRG|PPL2
2023-03-10,10085411.15,8079456.56,2005954.59,2,1542.21,KRG|PPL2
2023-03-13,10068717.99,8080786.02,1987931.97,2,1329.46,KRG|PPL2
2023-03-14,10059002.9,8082209.68,1976793.22,2,1423.66,KRG|PPL2
2023-03-15,10055266.7,8083493.76,1971772.94,2,1284.08,KRG|PPL2
2023-03-16,10067849.63,8084913.31,1982936.32,2,1419.55,KRG|PPL2
2023-03-17,10088155.12,8086239.56,2001915.56,2,1326.25,KRG|PPL2
2023-03-20,10090681.22,8087622.82,2003058.41,2,1383.26,KRG|PPL2
2023-03-21,10091562.81,8089083.15,2002479.66,2,1460.33,KRG|PPL2
2023-03-22,10111948.59,8090508.62,2021439.97,2,1425.48,KRG|PPL2
2023-03-23,10130309.03,8091895.95,2038413.08,2,1387.33,KRG|PPL2
2023-03-24,10186855.47,8093251.86,2093603.61,2,1355.91,KRG|PPL2
2023-03-27,10178601.74,8094682.66,2083919.08,2,1430.8,KRG|PPL2
2023-03-28,10167046.34,8096133.63,2070912.71,2,1450.97,KRG|PPL2
2023-03-29,10152236.67,8097576.9,2054659.77,2,1443.26,KRG|PPL2
2023-03-30,10144973.81,8099049.92,2045923.89,2,1473.02,KRG|PPL2
2023-03-31,10141924.91,8100525.42,2041399.49,2,1475.51,KRG|PPL2
2023-04-03,10134467.37,8101989.72,2032477.65,2,1464.3,KRG|PPL2
2023-04-04,10145312.08,8103419.3,2041892.78,2,1429.58,KRG|PPL2
2023-04-05,10135433.4,8104837.69,2030595.71,2,1418.39,KRG|PPL2
2023-04-06,10131433.5,7106271.48,3025162.02,3,1433.78,DUK|KRG|PPL2
2023-04-10,10119827.18,7107579.68,3012247.51,3,1308.2,DUK|KRG|PPL2
2023-04-11,10130812.05,7108890.29,3021921.76,3,1310.62,DUK|KRG|PPL2
2023-04-12,10139723.64,7110197.99,3029525.65,3,1307.7,DUK|KRG|PPL2
2023-04-13,10146710.57,7111505.03,3035205.54,3,1307.03,DUK|KRG|PPL2
2023-04-14,10151168.46,7112844.08,3038324.38,3,1339.05,DUK|KRG|PPL2
2023-04-17,10141395.54,7114199.36,3027196.18,3,1355.28,DUK|KRG|PPL2
2023-04-18,10142612.67,7115553.23,3027059.44,3,1353.87,DUK|KRG|PPL2
2023-04-19,10129662.16,7116905.49,3012756.67,3,1352.27,DUK|KRG|PPL2
2023-04-20,10133313.06,7118237.09,3015075.97,3,1331.6,DUK|KRG|PPL2
2023-04-21,10132965.87,7119571.65,3013394.23,3,1334.56,DUK|KRG|PPL2
2023-04-24,10134285.74,7120895.55,3013390.19,3,1323.9,DUK|KRG|PPL2
2023-04-25,10148363.12,7122201.13,3026161.99,3,1305.58,DUK|KRG|PPL2
2023-04-26,10156560.78,7123516.82,3033043.96,3,1315.69,DUK|KRG|PPL2
2023-04-27,10146865.98,7124862.59,3022003.39,3,1345.78,DUK|KRG|PPL2
2023-04-28,10161940.42,7126202.86,3035737.56,3,1340.27,DUK|KRG|PPL2
2023-05-01,10139440.13,7127574.82,3011865.3,3,1371.96,DUK|KRG|PPL2
2023-05-02,10133208.19,7128913.05,3004295.13,3,1338.23,DUK|KRG|PPL2
2023-05-03,10163875.98,7130222.96,3033653.02,3,1309.91,DUK|KRG|PPL2
2023-05-04,10158203.82,7131530.68,3026673.14,3,1307.72,DUK|KRG|PPL2
2023-05-05,10143187.02,7132867.48,3010319.54,3,1336.79,DUK|KRG|PPL2
2023-05-08,10158459.51,7134220.54,3024238.97,3,1353.07,DUK|KRG|PPL2
2023-05-09,10161708.94,7135586.04,3026122.9,3,1365.5,DUK|KRG|PPL2
2023-05-10,10155051.45,7136908.61,3018142.84,3,1322.58,DUK|KRG|PPL2
2023-05-11,10167853.65,7138245.14,3029608.52,3,1336.53,DUK|KRG|PPL2
2023-05-12,10172545.01,7139586.17,3032958.84,3,1341.03,DUK|KRG|PPL2
2023-05-15,10178155.7,7140931.16,3037224.54,3,1344.99,DUK|KRG|PPL2
2023-05-16,10209275.68,7142313.97,3066961.71,3,1382.82,DUK|KRG|PPL2
2023-05-17,10196397.16,7143699.95,3052697.21,3,1385.98,DUK|KRG|PPL2
2023-05-18,10196698.97,7145112.39,3051586.58,3,1412.44,DUK|KRG|PPL2
2023-05-19,10209319.19,7146523.92,3062795.27,3,1411.53,DUK|KRG|PPL2
2023-05-22,10196269.78,7147955.72,3048314.06,3,1431.8,DUK|KRG|PPL2
2023-05-23,10193592.04,7149389.23,3044202.82,3,1433.51,DUK|KRG|PPL2
2023-05-24,10202656.29,7150836.84,3051819.45,3,1447.61,DUK|KRG|PPL2
2023-05-25,10216265.51,7152321.12,3063944.39,3,1484.28,DUK|KRG|PPL2
2023-05-26,10207933.05,7153803.52,3054129.53,3,1482.4,DUK|KRG|PPL2
2023-05-30,10218845.21,7155278.31,3063566.89,3,1474.79,DUK|KRG|PPL2
2023-05-31,10223245.09,7156747.02,3066498.07,3,1468.71,DUK|KRG|PPL2
2023-06-01,10229081.77,7158194.92,3070886.84,3,1447.91,DUK|KRG|PPL2
2023-06-02,10216353.77,7159679.17,3056674.6,3,1484.25,DUK|KRG|PPL2
2023-06-05,10221973.04,7161144.15,3060828.89,3,1464.98,DUK|KRG|PPL2
2023-06-06,10215468.57,7162613.15,3052855.42,3,1469.0,DUK|KRG|PPL2
2023-06-07,10196882.44,7164073.78,3032808.66,3,1460.63,DUK|KRG|PPL2
2023-06-08,10210729.81,7165532.24,3045197.57,3,1458.46,DUK|KRG|PPL2
2023-06-09,10212924.19,7167006.06,3045918.13,3,1473.82,DUK|KRG|PPL2
2023-06-12,10209182.26,7168481.59,3040700.67,3,1475.52,DUK|KRG|PPL2
2023-06-13,10211433.58,6169962.7,4041470.88,4,1481.12,DUK|KRG|PPL2|VTR
2023-06-14,10225801.34,6171242.46,4054558.88,4,1279.75,DUK|KRG|PPL2|VTR
2023-06-15,10179755.01,6172510.25,4007244.76,4,1267.8,DUK|KRG|PPL2|VTR
2023-06-16,10191706.39,6173787.16,4017919.23,4,1276.9,DUK|KRG|PPL2|VTR
2023-06-20,10221669.36,6175062.85,4046606.51,4,1275.7,DUK|KRG|PPL2|VTR
2023-06-21,10204233.2,6176346.06,4027887.14,4,1283.21,DUK|KRG|PPL2|VTR
2023-06-22,10212418.75,6177635.45,4034783.3,4,1289.39,DUK|KRG|PPL2|VTR
2023-06-23,10221256.37,6178917.31,4042339.06,4,1281.86,DUK|KRG|PPL2|VTR
2023-06-26,10200640.14,6180205.34,4020434.8,4,1288.03,DUK|KRG|PPL2|VTR
2023-06-27,10151879.48,6181506.28,3970373.21,4,1300.93,DUK|KRG|PPL2|VTR
2023-06-28,10160751.01,6182811.38,3977939.63,4,1305.11,DUK|KRG|PPL2|VTR
2023-06-29,10136447.72,6184132.1,3952315.62,4,1320.72,DUK|KRG|PPL2|VTR
2023-06-30,10160024.56,6185455.36,3974569.2,4,1323.26,DUK|KRG|PPL2|VTR
2023-07-03,10143104.84,6186779.95,3956324.89,4,1324.6,DUK|KRG|PPL2|VTR
2023-07-05,10151588.89,6188101.35,3963487.55,4,1321.39,DUK|KRG|PPL2|VTR
2023-07-06,10155128.55,6189429.6,3965698.95,4,1328.26,DUK|KRG|PPL2|VTR
2023-07-07,10165869.38,6190751.66,3975117.72,4,1322.06,DUK|KRG|PPL2|VTR
2023-07-10,10169298.33,6192070.51,3977227.81,4,1318.85,DUK|KRG|PPL2|VTR
2023-07-11,10150100.73,6193394.88,3956705.85,4,1324.37,DUK|KRG|PPL2|VTR
2023-07-12,10151741.81,6194703.8,3957038.01,4,1308.92,DUK|KRG|PPL2|VTR
2023-07-13,10173536.42,6195991.24,3977545.18,4,1287.44,DUK|KRG|PPL2|VTR
2023-07-14,10177652.53,6197285.95,3980366.57,4,1294.72,DUK|KRG|PPL2|VTR
2023-07-17,10185250.23,6198592.97,3986657.26,4,1307.01,DUK|KRG|PPL2|VTR
2023-07-18,10206735.26,6199898.75,4006836.51,4,1305.79,DUK|KRG|PPL2|VTR
2023-07-19,10190336.22,6201197.93,3989138.29,4,1299.17,DUK|KRG|PPL2|VTR
2023-07-20,10183608.14,6202503.31,3981104.84,4,1305.38,DUK|KRG|PPL2|VTR
2023-07-21,10181887.03,6203803.81,3978083.21,4,1300.51,DUK|KRG|PPL2|VTR
2023-07-24,10173191.28,6205119.31,3968071.96,4,1315.5,DUK|KRG|PPL2|VTR
2023-07-25,10168323.46,6206442.38,3961881.08,4,1323.07,DUK|KRG|PPL2|VTR
2023-07-26,10181754.72,6207760.86,3973993.86,4,1318.47,DUK|KRG|PPL2|VTR
2023-07-27,10169344.47,6209082.18,3960262.3,4,1321.32,DUK|KRG|PPL2|VTR
2023-07-28,10171178.93,7175452.4,2995726.53,3,1321.15,DUK|KRG|VTR
2023-07-31,10169327.48,6176983.71,3992343.77,4,1531.3,DUK|KRG|PPL2|VTR
2023-08-01,10175977.06,6178301.12,3997675.94,4,1317.41,DUK|KRG|PPL2|VTR
2023-08-02,10173757.56,6179613.99,3994143.58,4,1312.86,DUK|KRG|PPL2|VTR
2023-08-03,10203627.19,6180930.34,4022696.85,4,1316.36,DUK|KRG|PPL2|VTR
2023-08-04,10232236.35,6182227.11,4050009.23,4,1296.77,DUK|KRG|PPL2|VTR
2023-08-07,10235285.82,6183527.37,4051758.45,4,1300.25,DUK|KRG|PPL2|VTR
2023-08-08,10254318.23,6184829.78,4069488.45,4,1302.42,DUK|KRG|PPL2|VTR
2023-08-09,10257433.7,6186140.26,4071293.44,4,1310.47,DUK|KRG|PPL2|VTR
2023-08-10,10253741.72,6187444.13,4066297.59,4,1303.88,DUK|KRG|PPL2|VTR
2023-08-11,10251191.71,6188754.59,4062437.12,4,1310.46,DUK|KRG|PPL2|VTR
2023-08-14,10250311.77,6190069.92,4060241.85,4,1315.33,DUK|KRG|PPL2|VTR
2023-08-15,10274251.83,6191384.04,4082867.79,4,1314.11,DUK|KRG|PPL2|VTR
2023-08-16,10293945.18,6192700.3,4101244.89,4,1316.26,DUK|KRG|PPL2|VTR
2023-08-17,10306783.59,6194014.01,4112769.58,4,1313.71,DUK|KRG|PPL2|VTR
2023-08-18,10304620.47,6195326.21,4109294.27,4,1312.2,DUK|KRG|PPL2|VTR
2023-08-21,10306489.18,6196648.0,4109841.18,4,1321.79,DUK|KRG|PPL2|VTR
2023-08-22,10306065.71,6197973.98,4108091.72,4,1325.98,DUK|KRG|PPL2|VTR
2023-08-23,10297980.61,6199292.67,4098687.93,4,1318.69,DUK|KRG|PPL2|VTR
2023-08-24,10315414.09,6200620.28,4114793.81,4,1327.61,DUK|KRG|PPL2|VTR
2023-08-25,10325768.61,6201957.87,4123810.74,4,1337.59,DUK|KRG|PPL2|VTR
2023-08-28,10321830.81,6203298.97,4118531.84,4,1341.1,DUK|KRG|PPL2|VTR
2023-08-29,10325485.14,6204624.01,4120861.12,4,1325.04,DUK|KRG|PPL2|VTR
2023-08-30,10325854.41,6205951.9,4119902.51,4,1327.89,DUK|KRG|PPL2|VTR
2023-08-31,10341997.2,6207277.91,4134719.29,4,1326.01,DUK|KRG|PPL2|VTR
2023-09-01,10358726.51,6208597.57,4150128.94,4,1319.66,DUK|KRG|PPL2|VTR
2023-09-05,10363727.64,6209931.53,4153796.11,4,1333.96,DUK|KRG|PPL2|VTR
2023-09-06,10355251.64,6211268.34,4143983.29,4,1336.81,DUK|KRG|PPL2|VTR
2023-09-07,10348830.39,6212598.51,4136231.87,4,1330.17,DUK|KRG|PPL2|VTR
2023-09-08,10343175.28,6213927.86,4129247.41,4,1329.35,DUK|KRG|PPL2|VTR
2023-09-11,10337420.25,6215260.06,4122160.19,4,1332.2,DUK|KRG|PPL2|VTR
2023-09-12,10330934.8,6216596.46,4114338.34,4,1336.4,DUK|KRG|PPL2|VTR
2023-09-13,10294964.54,6217927.58,4077036.96,4,1331.12,DUK|KRG|PPL2|VTR
2023-09-14,10265825.9,6219265.62,4046560.28,4,1338.04,DUK|KRG|PPL2|VTR
2023-09-15,10240835.76,6220602.81,4020232.95,4,1337.19,DUK|KRG|PPL2|VTR
2023-09-18,10257148.99,6221941.5,4035207.49,4,1338.69,DUK|KRG|PPL2|VTR
2023-09-19,10290111.39,6223284.4,4066826.98,4,1342.9,DUK|KRG|PPL2|VTR
2023-09-20,10282445.52,6224635.6,4057809.93,4,1351.19,DUK|KRG|PPL2|VTR
2023-09-21,10298866.39,6225981.5,4072884.89,4,1345.9,DUK|KRG|PPL2|VTR
2023-09-22,10311857.18,6227327.25,4084529.92,4,1345.75,DUK|KRG|PPL2|VTR
2023-09-25,10314024.99,6228671.81,4085353.18,4,1344.56,DUK|KRG|PPL2|VTR
2023-09-26,10336861.57,6230019.2,4106842.36,4,1347.4,DUK|KRG|PPL2|VTR
2023-09-27,10349976.27,6231373.54,4118602.73,4,1354.34,DUK|KRG|PPL2|VTR
2023-09-28,10351676.09,6232724.64,4118951.46,4,1351.1,DUK|KRG|PPL2|VTR
2023-09-29,10331015.37,6234072.19,4096943.18,4,1347.55,DUK|KRG|PPL2|VTR
2023-10-02,10356084.72,6235430.06,4120654.67,4,1357.87,DUK|KRG|PPL2|VTR
2023-10-03,10356990.76,6236786.04,4120204.72,4,1355.98,DUK|KRG|PPL2|VTR
2023-10-04,10368400.78,6238126.6,4130274.18,4,1340.56,DUK|KRG|PPL2|VTR
2023-10-05,10371101.47,6239456.41,4131645.05,4,1329.81,DUK|KRG|PPL2|VTR
2023-10-06,10366994.6,6240798.84,4126195.76,4,1342.42,DUK|KRG|PPL2|VTR
2023-10-09,10352888.12,6242141.55,4110746.57,4,1342.71,DUK|KRG|PPL2|VTR
2023-10-10,10342356.31,6243464.66,4098891.65,4,1323.11,DUK|KRG|PPL2|VTR
2023-10-11,10354391.84,6244791.99,4109599.85,4,1327.33,DUK|KRG|PPL2|VTR
2023-10-12,10327887.4,6246129.0,4081758.4,4,1337.01,DUK|KRG|PPL2|VTR
2023-10-13,10347495.07,6247461.78,4100033.3,4,1332.78,DUK|KRG|PPL2|VTR
2023-10-16,10370798.96,6248801.49,4121997.47,4,1339.71,DUK|KRG|PPL2|VTR
2023-10-17,10359911.99,6250155.64,4109756.35,4,1354.15,DUK|KRG|PPL2|VTR
2023-10-18,10354284.2,6251507.21,4102776.98,4,1351.57,DUK|KRG|PPL2|VTR
2023-10-19,10388800.62,6252850.07,4135950.55,4,1342.86,DUK|KRG|PPL2|VTR
2023-10-20,10384689.67,6254185.3,4130504.37,4,1335.23,DUK|KRG|PPL2|VTR
2023-10-23,10375637.26,6255522.03,4120115.22,4,1336.73,DUK|KRG|PPL2|VTR
2023-10-24,10350094.03,6256866.4,4093227.63,4,1344.37,DUK|KRG|PPL2|VTR
2023-10-25,10387605.32,6258215.0,4129390.31,4,1348.6,DUK|KRG|PPL2|VTR
2023-10-26,10355540.52,6259556.27,4095984.25,4,1341.27,DUK|KRG|PPL2|VTR
2023-10-27,10358137.19,6260894.68,4097242.51,4,1338.4,DUK|KRG|PPL2|VTR
2023-10-30,10362478.08,6262240.69,4100237.39,4,1346.02,DUK|KRG|PPL2|VTR
2023-10-31,10358833.39,6263595.03,4095238.37,4,1354.33,DUK|KRG|PPL2|VTR
2023-11-01,10363758.38,6264928.35,4098830.03,4,1333.33,DUK|KRG|PPL2|VTR
2023-11-02,10367297.71,6266264.55,4101033.17,4,1336.19,DUK|KRG|PPL2|VTR
2023-11-03,10390948.97,6267575.99,4123372.99,4,1311.44,DUK|KRG|PPL2|VTR
2023-11-06,10390138.32,6268901.23,4121237.09,4,1325.24,DUK|KRG|PPL2|VTR
2023-11-07,10357555.38,6270223.87,4087331.51,4,1322.64,DUK|KRG|PPL2|VTR
2023-11-08,10384564.39,7283402.31,3101162.08,3,1326.87,KRG|PPL2|VTR
2023-11-09,10393992.88,7284953.74,3109039.15,3,1551.42,KRG|PPL2|VTR
2023-11-10,10396441.82,7286507.37,3109934.45,3,1553.63,KRG|PPL2|VTR
2023-11-13,10404592.92,7288058.79,3116534.14,3,1551.42,KRG|PPL2|VTR
2023-11-14,10422079.7,7289568.37,3132511.33,3,1509.58,KRG|PPL2|VTR
2023-11-15,10401061.6,7291091.57,3109970.03,3,1523.2,KRG|PPL2|VTR
2023-11-16,10420802.52,7292603.84,3128198.69,3,1512.26,KRG|PPL2|VTR
2023-11-17,10424646.14,7294118.32,3130527.81,3,1514.49,KRG|PPL2|VTR
2023-11-20,10421075.79,7295636.14,3125439.65,3,1517.81,KRG|PPL2|VTR
2023-11-21,10434641.51,7297154.09,3137487.42,3,1517.96,KRG|PPL2|VTR
2023-11-22,10418256.21,7298675.23,3119580.98,3,1521.14,KRG|PPL2|VTR
2023-11-24,10425128.48,7300199.38,3124929.1,3,1524.15,KRG|PPL2|VTR
2023-11-27,10435859.93,6301718.95,4134140.98,4,1519.57,DUK|KRG|PPL2|VTR
2023-11-28,10447871.81,6303014.83,4144856.98,4,1295.88,DUK|KRG|PPL2|VTR
2023-11-29,10425483.55,6304291.44,4121192.11,4,1276.61,DUK|KRG|PPL2|VTR
2023-11-30,10423766.88,6305571.61,4118195.27,4,1280.17,DUK|KRG|PPL2|VTR
2023-12-01,10418043.27,6306822.87,4111220.41,4,1251.26,DUK|KRG|PPL2|VTR
2023-12-04,10385574.25,6308094.12,4077480.13,4,1271.25,DUK|KRG|PPL2|VTR
2023-12-05,10407133.58,6309358.64,4097774.94,4,1264.52,DUK|KRG|PPL2|VTR
2023-12-06,10401789.63,6310628.07,4091161.55,4,1269.43,DUK|KRG|PPL2|VTR
2023-12-07,10450897.85,6311890.77,4139007.07,4,1262.7,DUK|KRG|PPL2|VTR
2023-12-08,10437818.24,6313172.51,4124645.72,4,1281.74,DUK|KRG|PPL2|VTR
2023-12-11,10418836.61,6314454.39,4104382.22,4,1281.87,DUK|KRG|PPL2|VTR
2023-12-12,10438233.8,6315738.45,4122495.34,4,1284.06,DUK|KRG|PPL2|VTR
2023-12-13,10395079.16,6316965.19,4078113.97,4,1226.73,DUK|KRG|PPL2|VTR
2023-12-14,10435859.33,6318192.71,4117666.62,4,1227.52,DUK|KRG|PPL2|VTR
2023-12-15,10444750.88,6319429.67,4125321.21,4,1236.96,DUK|KRG|PPL2|VTR
2023-12-18,10457430.75,6320670.18,4136760.57,4,1240.51,DUK|KRG|PPL2|VTR
2023-12-19,10462356.55,6321901.23,4140455.32,4,1231.05,DUK|KRG|PPL2|VTR
2023-12-20,10518606.79,6323121.49,4195485.3,4,1220.25,DUK|KRG|PPL2|VTR
2023-12-21,10482372.66,6324334.37,4158038.29,4,1212.89,DUK|KRG|PPL2|VTR
2023-12-22,10471839.57,6325541.57,4146298.0,4,1207.19,DUK|KRG|PPL2|VTR
2023-12-26,10463638.69,7368621.33,3095017.36,3,1203.91,DUK|KRG|VTR
2023-12-27,10469210.78,7370016.89,3099193.89,3,1395.56,DUK|KRG|VTR
2023-12-28,10501706.96,6371415.79,4130291.17,4,1398.9,DUK|KRG|PPL2|VTR
2023-12-29,10515573.87,6372619.84,4142954.03,4,1204.05,DUK|KRG|PPL2|VTR
2024-01-02,10494419.84,6373832.96,4120586.88,4,1213.12,DUK|KRG|PPL2|VTR
2024-01-03,10483044.09,6463833.05,4019211.04,4,1214.62,DUK|KRG|PPL2|VTR
2024-01-04,10523777.76,6465074.47,4058703.29,4,1241.42,DUK|KRG|PPL2|VTR
2024-01-05,10513655.7,6466314.38,4047341.32,4,1239.91,DUK|KRG|PPL2|VTR
2024-01-08,10517219.76,6467553.01,4049666.75,4,1238.63,DUK|KRG|PPL2|VTR
2024-01-09,10524733.39,6468788.96,4055944.44,4,1235.94,DUK|KRG|PPL2|VTR
2024-01-10,10516853.37,6470025.01,4046828.36,4,1236.05,DUK|KRG|PPL2|VTR
2024-01-11,10555500.04,5471241.63,5084258.41,5,1216.62,DUK|FRT|KRG|PPL2|VTR
2024-01-12,10546590.2,5472252.38,5074337.82,5,1010.75,DUK|FRT|KRG|PPL2|VTR
2024-01-16,10555545.35,5473276.19,5082269.17,5,1023.81,DUK|FRT|KRG|PPL2|VTR
2024-01-17,10551052.93,5474322.49,5076730.44,5,1046.31,DUK|FRT|KRG|PPL2|VTR
2024-01-18,10565489.63,5475367.13,5090122.5,5,1044.64,DUK|FRT|KRG|PPL2|VTR
2024-01-19,10548442.94,5476418.77,5072024.17,5,1051.64,DUK|FRT|KRG|PPL2|VTR
2024-01-22,10562144.79,5477474.05,5084670.74,5,1055.28,DUK|FRT|KRG|PPL2|VTR
2024-01-23,10556850.64,5478524.12,5078326.52,5,1050.07,DUK|FRT|KRG|PPL2|VTR
2024-01-24,10567115.94,5479570.6,5087545.34,5,1046.49,DUK|FRT|KRG|PPL2|VTR
2024-01-25,10538919.91,5480604.74,5058315.17,5,1034.14,DUK|FRT|KRG|PPL2|VTR
2024-01-26,10579491.82,5481642.92,5097848.9,5,1038.18,DUK|FRT|KRG|PPL2|VTR
2024-01-29,10584051.08,5482677.06,5101374.02,5,1034.14,DUK|FRT|KRG|PPL2|VTR
2024-01-30,10575202.52,5483717.81,5091484.71,5,1040.75,DUK|FRT|KRG|PPL2|VTR
2024-01-31,10594752.34,5484742.07,5110010.27,5,1024.26,DUK|FRT|KRG|PPL2|VTR
2024-02-01,10593488.12,5485761.08,5107727.04,5,1019.01,DUK|FRT|KRG|PPL2|VTR
2024-02-02,10584029.66,5486804.27,5097225.4,5,1043.19,DUK|FRT|KRG|PPL2|VTR
2024-02-05,10580329.79,5487862.37,5092467.42,5,1058.1,DUK|FRT|KRG|PPL2|VTR
2024-02-06,10570341.78,5488909.31,5081432.47,5,1046.94,DUK|FRT|KRG|PPL2|VTR
2024-02-07,10588536.95,5489956.36,5098580.59,5,1047.05,DUK|FRT|KRG|PPL2|VTR
2024-02-08,10593288.93,5491010.63,5102278.3,5,1054.27,DUK|FRT|KRG|PPL2|VTR
2024-02-09,10600840.2,5492069.52,5108770.68,5,1058.89,DUK|FRT|KRG|PPL2|VTR
2024-02-12,10600519.38,5493130.89,5107388.49,5,1061.36,DUK|FRT|KRG|PPL2|VTR
2024-02-13,10579589.15,5494220.86,5085368.29,5,1089.97,DUK|FRT|KRG|PPL2|VTR
2024-02-14,10598362.02,5495296.68,5103065.34,5,1075.82,DUK|FRT|KRG|PPL2|VTR
2024-02-15,10591156.96,5496374.98,5094781.98,5,1078.3,DUK|FRT|KRG|PPL2|VTR
2024-02-16,10601234.23,5497454.87,5103779.36,5,1079.89,DUK|FRT|KRG|PPL2|VTR
2024-02-20,10598688.05,5498531.89,5100156.16,5,1077.02,DUK|FRT|KRG|PPL2|VTR
2024-02-21,10590357.1,5499617.98,5090739.12,5,1086.09,DUK|FRT|KRG|PPL2|VTR
2024-02-22,10572147.18,5500709.54,5071437.63,5,1091.57,DUK|FRT|KRG|PPL2|VTR
2024-02-23,10588589.72,5501799.8,5086789.92,5,1090.25,DUK|FRT|KRG|PPL2|VTR
2024-02-26,10602231.21,6472388.84,4129842.37,4,1096.91,DUK|FRT|KRG|VTR
2024-02-27,10608770.34,5473677.02,5135093.32,5,1288.19,DUK|FRT|KRG|PPL2|VTR
2024-02-28,10607314.26,5474762.76,5132551.5,5,1085.74,DUK|FRT|KRG|PPL2|VTR
2024-02-29,10570120.86,5475848.61,5094272.25,5,1085.85,DUK|FRT|KRG|PPL2|VTR
2024-03-01,10575397.14,4476921.9,6098475.23,6,1073.29,DUK|FRT|KRG|NEE|PPL2|VTR
2024-03-04,10530464.59,4477808.03,6052656.56,6,886.13,DUK|FRT|KRG|NEE|PPL2|VTR
2024-03-05,10547625.73,4478686.0,6068939.73,6,877.97,DUK|FRT|KRG|NEE|PPL2|VTR
2024-03-06,10553770.37,4479566.97,6074203.41,6,880.97,DUK|FRT|KRG|NEE|PPL2|VTR
2024-03-07,10555499.79,4480443.67,6075056.13,6,876.7,DUK|FRT|KRG|NEE|PPL2|VTR
2024-03-08,10553904.96,4481319.31,6072585.65,6,875.64,DUK|FRT|KRG|NEE|PPL2|VTR
2024-03-11,10558232.13,4482200.35,6076031.78,6,881.04,DUK|FRT|KRG|NEE|PPL2|VTR
2024-03-12,10606013.22,4483088.75,6122924.47,6,888.4,DUK|FRT|KRG|NEE|PPL2|VTR
2024-03-13,10560562.47,4483983.55,6076578.91,6,894.8,DUK|FRT|KRG|NEE|PPL2|VTR
2024-03-14,10572146.15,4484883.77,6087262.39,6,900.21,DUK|FRT|KRG|NEE|PPL2|VTR
2024-03-15,10577865.12,4485783.89,6092081.22,6,900.13,DUK|FRT|KRG|NEE|PPL2|VTR
2024-03-18,10579576.86,5574322.09,5005254.76,5,904.1,DUK|FRT|KRG|NEE|PPL2
2024-03-19,10561752.28,4575446.69,5986305.59,6,1124.6,DUK|FRT|KRG|NEE|PPL2|VTR
2024-03-20,10568066.01,4576350.45,5991715.56,6,903.76,DUK|FRT|KRG|NEE|PPL2|VTR
2024-03-21,10572339.84,4577257.28,5995082.56,6,906.83,DUK|FRT|KRG|NEE|PPL2|VTR
2024-03-22,10585177.89,4578158.05,6007019.84,6,900.78,DUK|FRT|KRG|NEE|PPL2|VTR
2024-03-25,10591649.59,4579058.91,6012590.68,6,900.86,DUK|FRT|KRG|NEE|PPL2|VTR
2024-03-26,10601449.06,4579965.31,6021483.75,6,906.4,DUK|FRT|KRG|NEE|PPL2|VTR
2024-03-27,10547504.42,4580871.8,5966632.63,6,906.49,DUK|FRT|KRG|NEE|PPL2|VTR
2024-03-28,10549006.24,2581785.03,7967221.21,8,913.23,DUK|FRT|KRG|NEE|PPL2|REXR1|REXR2|VTR
2024-04-01,10569663.04,2582303.01,7987360.03,8,517.99,DUK|FRT|KRG|NEE|PPL2|REXR1|REXR2|VTR
2024-04-02,10564165.25,2582818.82,7981346.44,8,515.8,DUK|FRT|KRG|NEE|PPL2|REXR1|REXR2|VTR
2024-04-03,10589240.91,2583333.85,8005907.07,8,515.03,DUK|FRT|KRG|NEE|PPL2|REXR1|REXR2|VTR
2024-04-04,10589776.69,2583845.85,8005930.84,8,512.0,DUK|FRT|KRG|NEE|PPL2|REXR1|REXR2|VTR
2024-04-05,10596898.17,3577141.32,7019756.85,7,518.09,DUK|FRT|KRG|NEE|PPL2|REXR1|REXR2
2024-04-08,10564171.43,2577861.59,7986309.84,8,720.27,DUK|FRT|KRG|NEE|PPL2|REXR1|REXR2|VTR
2024-04-09,10578580.72,2578376.43,8000204.29,8,514.84,DUK|FRT|KRG|NEE|PPL2|REXR1|REXR2|VTR
2024-04-10,10590690.3,2578907.47,8011782.83,8,531.04,DUK|FRT|KRG|NEE|PPL2|REXR1|REXR2|VTR
2024-04-11,10559599.69,2579434.66,7980165.03,8,527.19,DUK|FRT|KRG|NEE|PPL2|REXR1|REXR2|VTR
2024-04-12,10587572.76,2579959.58,8007613.19,8,524.91,DUK|FRT|KRG|NEE|PPL2|REXR1|REXR2|VTR
2024-04-15,10605524.35,2580487.33,8025037.02,8,527.76,DUK|FRT|KRG|NEE|PPL2|REXR1|REXR2|VTR
2024-04-16,10607229.39,2581016.81,8026212.58,8,529.48,DUK|FRT|KRG|NEE|PPL2|REXR1|REXR2|VTR
2024-04-17,10607207.95,2581543.41,8025664.54,8,526.6,DUK|FRT|KRG|NEE|PPL2|REXR1|REXR2|VTR
2024-04-18,10578757.21,2582072.3,7996684.91,8,528.89,DUK|FRT|KRG|NEE|PPL2|REXR1|REXR2|VTR
2024-04-19,10577020.78,2582600.85,7994419.94,8,528.55,DUK|FRT|KRG|NEE|PPL2|REXR1|REXR2|VTR
2024-04-22,10549603.07,2583129.45,7966473.62,8,528.6,DUK|FRT|KRG|NEE|PPL2|REXR1|REXR2|VTR
2024-04-23,10559909.62,2583655.59,7976254.03,8,526.14,DUK|FRT|KRG|NEE|PPL2|REXR1|REXR2|VTR
2024-04-24,10554780.59,2584184.29,7970596.3,8,528.71,DUK|FRT|KRG|NEE|PPL2|REXR1|REXR2|VTR
2024-04-25,10512905.22,2584716.41,7928188.81,8,532.12,DUK|FRT|KRG|NEE|PPL2|REXR1|REXR2|VTR
2024-04-26,10556487.53,2585248.75,7971238.78,8,532.34,DUK|FRT|KRG|NEE|PPL2|REXR1|REXR2|VTR
2024-04-29,10555312.57,2585781.15,7969531.42,8,532.4,DUK|FRT|KRG|NEE|PPL2|REXR1|REXR2|VTR
2024-04-30,10564605.47,2586318.35,7978287.12,8,537.21,DUK|FRT|KRG|NEE|PPL2|REXR1|REXR2|VTR
2024-05-01,10563873.65,2586850.29,7977023.36,8,531.94,DUK|FRT|KRG|NEE|PPL2|REXR1|REXR2|VTR
2024-05-02,10553089.82,2587379.76,7965710.06,8,529.47,DUK|FRT|KRG|NEE|PPL2|REXR1|REXR2|VTR
2024-05-03,10610738.99,2587905.27,8022833.72,8,525.51,DUK|FRT|KRG|NEE|PPL2|REXR1|REXR2|VTR
2024-05-06,10601673.02,2588430.55,8013242.47,8,525.28,DUK|FRT|KRG|NEE|PPL2|REXR1|REXR2|VTR
2024-05-07,10577563.95,2588958.4,7988605.55,8,527.84,DUK|FRT|KRG|NEE|PPL2|REXR1|REXR2|VTR
2024-05-08,10575242.14,2589486.58,7985755.56,8,528.18,DUK|FRT|KRG|NEE|PPL2|REXR1|REXR2|VTR
2024-05-09,10585007.33,2590014.26,7994993.08,8,527.68,DUK|FRT|KRG|NEE|PPL2|REXR1|REXR2|VTR
2024-05-10,10599579.88,2590545.79,8009034.09,8,531.54,DUK|FRT|KRG|NEE|PPL2|REXR1|REXR2|VTR
2024-05-13,10590135.82,2591077.95,7999057.87,8,532.15,DUK|FRT|KRG|NEE|PPL2|REXR1|REXR2|VTR
2024-05-14,10595570.88,2591608.76,8003962.12,8,530.81,DUK|FRT|KRG|NEE|PPL2|REXR1|REXR2|VTR
2024-05-15,10593765.54,2592131.61,8001633.92,8,522.86,DUK|FRT|KRG|NEE|PPL2|REXR1|REXR2|VTR
2024-05-16,10629548.5,2592657.89,8036890.61,8,526.27,DUK|FRT|KRG|NEE|PPL2|REXR1|REXR2|VTR
2024-05-17,10609188.99,2593185.52,8016003.48,8,527.63,DUK|FRT|KRG|NEE|PPL2|REXR1|REXR2|VTR
2024-05-20,10631756.56,2593715.16,8038041.39,8,529.65,DUK|FRT|KRG|NEE|PPL2|REXR1|REXR2|VTR
2024-05-21,10616868.33,2594243.74,8022624.6,8,528.57,DUK|FRT|KRG|NEE|PPL2|REXR1|REXR2|VTR
2024-05-22,10621554.76,2594774.61,8026780.16,8,530.87,DUK|FRT|KRG|NEE|PPL2|REXR1|REXR2|VTR
2024-05-23,10627732.84,2595309.75,8032423.09,8,535.14,DUK|FRT|KRG|NEE|PPL2|REXR1|REXR2|VTR
2024-05-24,10642838.56,2595844.77,8046993.79,8,535.03,DUK|FRT|KRG|NEE|PPL2|REXR1|REXR2|VTR
2024-05-28,10623960.15,1596381.83,9027578.33,9,537.05,DUK|FRT|KRG|NEE|PPL2|REXR1|REXR2|VTR|WEC3
2024-05-29,10628813.77,1596712.07,9032101.7,9,330.24,DUK|FRT|KRG|NEE|PPL2|REXR1|REXR2|VTR|WEC3
2024-05-30,10609186.62,1597040.79,9012145.84,9,328.72,DUK|FRT|KRG|NEE|PPL2|REXR1|REXR2|VTR|WEC3
2024-05-31,10548585.53,1597368.78,8951216.75,9,327.99,DUK|FRT|KRG|NEE|PPL2|REXR1|REXR2|VTR|WEC3
2024-06-03,10590868.63,2612359.37,7978509.26,8,326.12,DUK|FRT|KRG|NEE|PPL2|REXR1|VTR|WEC3
2024-06-04,10587022.86,1612889.84,8974133.01,9,530.47,DUK|FRT|KRG|NEE|PPL2|REXR1|REXR2|VTR|WEC3
2024-06-05,10625841.33,1613215.76,9012625.57,9,325.91,DUK|FRT|KRG|NEE|PPL2|REXR1|REXR2|VTR|WEC3
2024-06-06,10634697.52,1613541.18,9021156.33,9,325.43,DUK|FRT|KRG|NEE|PPL2|REXR1|REXR2|VTR|WEC3
2024-06-07,10637146.99,1613872.15,9023274.84,9,330.97,DUK|FRT|KRG|NEE|PPL2|REXR1|REXR2|VTR|WEC3
2024-06-10,10627417.02,1614203.5,9013213.52,9,331.35,DUK|FRT|KRG|NEE|PPL2|REXR1|REXR2|VTR|WEC3
2024-06-11,10638014.06,2599655.13,8038358.93,8,330.86,DUK|FRT|KRG|NEE|REXR1|REXR2|VTR|WEC3
2024-06-12,10674577.79,2600183.0,8074394.79,8,527.86,DUK|FRT|KRG|NEE|REXR1|REXR2|VTR|WEC3
2024-06-13,10678538.78,3636625.73,7041913.05,7,522.84,DUK|FRT|NEE|REXR1|REXR2|VTR|WEC3
2024-06-14,10679963.61,2637355.56,8042608.04,8,729.84,DUK|FRT|NEE|PPL2|REXR1|REXR2|VTR|WEC3
2024-06-17,10706306.19,2637890.22,8068415.97,8,534.66,DUK|FRT|NEE|PPL2|REXR1|REXR2|VTR|WEC3
2024-06-18,10726871.5,1638422.88,9088448.62,9,532.65,DUK|FRT|KRG|NEE|PPL2|REXR1|REXR2|VTR|WEC3
2024-06-20,10681924.28,1638754.57,9043169.71,9,331.7,DUK|FRT|KRG|NEE|PPL2|REXR1|REXR2|VTR|WEC3
2024-06-21,10710729.56,1639085.88,9071643.68,9,331.3,DUK|FRT|KRG|NEE|PPL2|REXR1|REXR2|VTR|WEC3
2024-06-24,10704615.65,1639417.21,9065198.43,9,331.34,DUK|FRT|KRG|NEE|PPL2|REXR1|REXR2|VTR|WEC3
2024-06-25,10725771.56,1639749.29,9086022.27,9,332.08,DUK|FRT|KRG|NEE|PPL2|REXR1|REXR2|VTR|WEC3
2024-06-26,10698103.57,1640083.35,9058020.22,9,334.06,DUK|FRT|KRG|NEE|PPL2|REXR1|REXR2|VTR|WEC3
2024-06-27,10692075.8,1640415.49,9051660.3,9,332.14,DUK|FRT|KRG|NEE|PPL2|REXR1|REXR2|VTR|WEC3
2024-06-28,10701451.78,1640748.13,9060703.65,9,332.64,DUK|FRT|KRG|NEE|PPL2|REXR1|REXR2|VTR|WEC3
2024-07-01,10753180.67,1641080.46,9112100.22,9,332.32,DUK|FRT|KRG|NEE|PPL2|REXR1|REXR2|VTR|WEC3
2024-07-02,10747427.94,1641411.39,9106016.55,9,330.94,DUK|FRT|KRG|NEE|PPL2|REXR1|REXR2|VTR|WEC3
2024-07-03,10742667.57,1641739.85,9100927.72,9,328.46,DUK|FRT|KRG|NEE|PPL2|REXR1|REXR2|VTR|WEC3
2024-07-05,10739500.12,2658037.33,8081462.79,8,325.42,DUK|FRT|KRG|NEE|PPL2|REXR1|REXR2|VTR
2024-07-08,10732420.12,3677576.67,7054843.45,7,528.24,DUK|FRT|KRG|REXR1|REXR2|VTR|WEC3
2024-07-09,10732716.64,2678311.01,8054405.62,8,734.35,DUK|FRT|KRG|PPL2|REXR1|REXR2|VTR|WEC3
2024-07-10,10713947.12,1678842.36,9035104.75,9,531.35,DUK|FRT|KRG|NEE|PPL2|REXR1|REXR2|VTR|WEC3
2024-07-11,10706612.36,1679168.67,9027443.69,9,326.31,DUK|FRT|KRG|NEE|PPL2|REXR1|REXR2|VTR|WEC3
2024-07-12,10661176.98,1679492.04,8981684.93,9,323.37,DUK|FRT|KRG|NEE|PPL2|REXR1|REXR2|VTR|WEC3
2024-07-15,10692634.19,2652052.63,8040581.56,8,322.32,DUK|FRT|KRG|NEE|PPL2|REXR1|REXR2|WEC3
2024-07-16,10676301.76,1652561.26,9023740.5,9,508.63,DUK|FRT|KRG|NEE|PPL2|REXR1|REXR2|VTR|WEC3
2024-07-17,10662426.2,1652879.06,9009547.14,9,317.8,DUK|FRT|KRG|NEE|PPL2|REXR1|REXR2|VTR|WEC3
2024-07-18,10668798.59,1653197.95,9015600.64,9,318.89,DUK|FRT|KRG|NEE|PPL2|REXR1|REXR2|VTR|WEC3
2024-07-19,10661019.66,1653517.88,9007501.77,9,319.93,DUK|FRT|KRG|NEE|PPL2|REXR1|REXR2|VTR|WEC3
2024-07-22,10654208.94,3610824.21,7043384.73,7,320.68,DUK|FRT|NEE|PPL2|REXR1|REXR2|WEC3
2024-07-23,10667583.94,2611522.08,8056061.86,8,697.86,DUK|FRT|NEE|PPL2|REXR1|REXR2|VTR|WEC3
2024-07-24,10624377.75,2612023.67,8012354.08,8,501.59,DUK|FRT|NEE|PPL2|REXR1|REXR2|VTR|WEC3
2024-07-25,10703935.98,2612525.02,8091410.96,8,501.35,DUK|FRT|NEE|PPL2|REXR1|REXR2|VTR|WEC3
2024-07-26,10710249.9,3606387.22,7103862.68,7,497.36,DUK|FRT|NEE|PPL2|REXR1|REXR2|VTR
2024-07-29,10673098.14,2607076.82,8066021.31,8,689.61,DUK|FRT|KRG|NEE|PPL2|REXR1|REXR2|VTR
2024-07-30,10654827.92,1607572.78,9047255.14,9,495.95,DUK|FRT|KRG|NEE|PPL2|REXR1|REXR2|VTR|WEC3
2024-07-31,10679962.79,1607875.46,9072087.34,9,302.68,DUK|FRT|KRG|NEE|PPL2|REXR1|REXR2|VTR|WEC3
2024-08-01,10642336.89,1608170.05,9034166.84,9,294.59,DUK|FRT|KRG|NEE|PPL2|REXR1|REXR2|VTR|WEC3
2024-08-02,10762498.43,1608448.26,9154050.17,9,278.21,DUK|FRT|KRG|NEE|PPL2|REXR1|REXR2|VTR|WEC3
2024-08-05,10852070.62,1608728.73,9243341.89,9,280.47,DUK|FRT|KRG|NEE|PPL2|REXR1|REXR2|VTR|WEC3
2024-08-06,10841061.34,1609015.76,9232045.58,9,287.03,DUK|FRT|KRG|NEE|PPL2|REXR1|REXR2|VTR|WEC3
2024-08-07,10827182.61,1609298.02,9217884.6,9,282.25,DUK|FRT|KRG|NEE|PPL2|REXR1|REXR2|VTR|WEC3
2024-08-08,10846134.67,1609583.41,9236551.26,9,285.39,DUK|FRT|KRG|NEE|PPL2|REXR1|REXR2|VTR|WEC3
2024-08-09,10827009.85,1609869.63,9217140.22,9,286.22,DUK|FRT|KRG|NEE|PPL2|REXR1|REXR2|VTR|WEC3
2024-08-12,10792370.34,1610155.36,9182214.97,9,285.73,DUK|FRT|KRG|NEE|PPL2|REXR1|REXR2|VTR|WEC3
2024-08-13,10837118.7,1610436.11,9226682.59,9,280.75,DUK|FRT|KRG|NEE|PPL2|REXR1|REXR2|VTR|WEC3
2024-08-14,10881877.17,1610718.78,9271158.39,9,282.67,DUK|FRT|KRG|NEE|PPL2|REXR1|REXR2|VTR|WEC3
2024-08-15,10804954.02,1611008.39,9193945.63,9,289.61,DUK|FRT|KRG|NEE|PPL2|REXR1|REXR2|VTR|WEC3
2024-08-16,10827731.57,1611294.51,9216437.06,9,286.12,DUK|FRT|KRG|NEE|PPL2|REXR1|REXR2|VTR|WEC3
2024-08-19,10842749.59,1611582.04,9231167.54,9,287.53,DUK|FRT|KRG|NEE|PPL2|REXR1|REXR2|VTR|WEC3
2024-08-20,10808722.33,1611865.11,9196857.22,9,283.06,DUK|FRT|KRG|NEE|PPL2|REXR1|REXR2|VTR|WEC3
2024-08-21,10857438.82,1612145.78,9245293.04,9,280.67,DUK|FRT|KRG|NEE|PPL2|REXR1|REXR2|VTR|WEC3
2024-08-22,10833533.44,1612430.96,9221102.48,9,285.18,DUK|FRT|KRG|NEE|PPL2|REXR1|REXR2|VTR|WEC3
2024-08-23,10848860.58,1612710.59,9236149.98,9,279.64,DUK|FRT|KRG|NEE|PPL2|REXR1|REXR2|VTR|WEC3
2024-08-26,10838162.75,1612992.67,9225170.08,9,282.08,DUK|FRT|KRG|NEE|PPL2|REXR1|REXR2|VTR|WEC3
2024-08-27,10864960.45,1613273.04,9251687.41,9,280.37,DUK|FRT|KRG|NEE|PPL2|REXR1|REXR2|VTR|WEC3
2024-08-28,10899487.72,1613554.3,9285933.41,9,281.26,DUK|FRT|KRG|NEE|PPL2|REXR1|REXR2|VTR|WEC3
2024-08-29,10895651.99,1613836.8,9281815.19,9,282.49,DUK|FRT|KRG|NEE|PPL2|REXR1|REXR2|VTR|WEC3
2024-08-30,10853638.32,1614118.73,9239519.59,9,281.93,DUK|FRT|KRG|NEE|PPL2|REXR1|REXR2|VTR|WEC3
2024-09-03,10888115.79,1614398.26,9273717.53,9,279.54,DUK|FRT|KRG|NEE|PPL2|REXR1|REXR2|VTR|WEC3
2024-09-04,10897074.61,1614668.13,9282406.47,9,269.87,DUK|FRT|KRG|NEE|PPL2|REXR1|REXR2|VTR|WEC3
2024-09-05,10888363.99,1614936.99,9273427.01,9,268.86,DUK|FRT|KRG|NEE|PPL2|REXR1|REXR2|VTR|WEC3
2024-09-06,10950441.07,1615199.26,9335241.81,9,262.27,DUK|FRT|KRG|NEE|PPL2|REXR1|REXR2|VTR|WEC3
2024-09-09,10910697.21,1615463.45,9295233.77,9,264.19,DUK|FRT|KRG|NEE|PPL2|REXR1|REXR2|VTR|WEC3
2024-09-10,10926521.0,1615723.52,9310797.48,9,260.07,DUK|FRT|KRG|NEE|PPL2|REXR1|REXR2|VTR|WEC3
2024-09-11,10913958.96,1615987.57,9297971.38,9,264.06,DUK|FRT|KRG|NEE|PPL2|REXR1|REXR2|VTR|WEC3
2024-09-12,10966998.91,1616249.06,9350749.85,9,261.49,DUK|FRT|KRG|NEE|PPL2|REXR1|REXR2|VTR|WEC3
2024-09-13,10838706.17,1616506.22,9222199.95,9,257.16,DUK|FRT|KRG|NEE|PPL2|REXR1|REXR2|VTR|WEC3
2024-09-16,10886532.45,1616760.31,9269772.15,9,254.08,DUK|FRT|KRG|NEE|PPL2|REXR1|REXR2|VTR|WEC3
2024-09-17,10890815.21,1617016.82,9273798.39,9,256.51,DUK|FRT|KRG|NEE|PPL2|REXR1|REXR2|VTR|WEC3
2024-09-18,10918142.97,1617272.15,9300870.82,9,255.33,DUK|FRT|KRG|NEE|PPL2|REXR1|REXR2|VTR|WEC3
2024-09-19,10994349.28,2686599.8,8307749.48,8,252.94,DUK|FRT|KRG|NEE|PPL2|REXR1|REXR2|WEC3
2024-09-20,11007069.25,2687019.31,8320049.94,8,419.5,DUK|FRT|KRG|NEE|PPL2|REXR1|REXR2|WEC3
2024-09-23,10951427.67,1687438.28,9263989.39,9,418.97,DUK|FRT|KRG|NEE|PPL2|REXR1|REXR2|VTR|WEC3
2024-09-24,11012776.53,1687698.86,9325077.67,9,260.58,DUK|FRT|KRG|NEE|PPL2|REXR1|REXR2|VTR|WEC3
2024-09-25,10990844.12,1687961.08,9302883.04,9,262.22,DUK|FRT|KRG|NEE|PPL2|REXR1|REXR2|VTR|WEC3
2024-09-26,11032419.61,1688227.8,9344191.81,9,266.72,DUK|FRT|KRG|NEE|PPL2|REXR1|REXR2|VTR|WEC3
2024-09-27,11018566.6,2699538.06,8319028.54,8,262.75,DUK|FRT|NEE|PPL2|REXR1|REXR2|VTR|WEC3
2024-09-30,10985950.11,1699966.78,9285983.33,9,428.72,DUK|FRT|KRG|NEE|PPL2|REXR1|REXR2|VTR|WEC3
2024-10-01,11011583.13,1700234.57,9311348.56,9,267.79,DUK|FRT|KRG|NEE|PPL2|REXR1|REXR2|VTR|WEC3
2024-10-02,11044604.31,1700501.53,9344102.78,9,266.96,DUK|FRT|KRG|NEE|PPL2|REXR1|REXR2|VTR|WEC3
2024-10-03,11062830.69,1700771.77,9362058.91,9,270.24,DUK|FRT|KRG|NEE|PPL2|REXR1|REXR2|VTR|WEC3
2024-10-04,11036698.03,1701053.26,9335644.78,9,281.48,DUK|FRT|KRG|NEE|PPL2|REXR1|REXR2|VTR|WEC3
2024-10-07,11057627.12,1701338.4,9356288.72,9,285.14,DUK|FRT|KRG|NEE|PPL2|REXR1|REXR2|VTR|WEC3
2024-10-08,11059528.18,1701621.38,9357906.79,9,282.98,DUK|FRT|KRG|NEE|PPL2|REXR1|REXR2|VTR|WEC3
2024-10-09,11015958.38,1701907.48,9314050.9,9,286.1,DUK|FRT|KRG|NEE|PPL2|REXR1|REXR2|VTR|WEC3
2024-10-10,11032248.37,1702191.06,9330057.32,9,283.58,DUK|FRT|KRG|NEE|PPL2|REXR1|REXR2|VTR|WEC3
2024-10-11,10978692.43,2692254.61,8286437.82,8,282.44,DUK|FRT|NEE|PPL2|REXR1|REXR2|VTR|WEC3
2024-10-14,10942842.98,1692701.32,9250141.66,9,446.71,DUK|FRT|KRG|NEE|PPL2|REXR1|REXR2|VTR|WEC3
2024-10-15,10949684.64,1692981.79,9256702.85,9,280.47,DUK|FRT|KRG|NEE|PPL2|REXR1|REXR2|VTR|WEC3
2024-10-16,10961217.33,1693262.11,9267955.22,9,280.32,DUK|FRT|KRG|NEE|PPL2|REXR1|REXR2|VTR|WEC3
2024-10-17,11012456.44,2682830.1,8329626.34,8,282.69,DUK|FRT|NEE|PPL2|REXR1|REXR2|VTR|WEC3
2024-10-18,10965228.89,2689298.39,8275930.5,8,445.5,DUK|FRT|KRG|NEE|PPL2|REXR1|REXR2|WEC3
2024-10-21,10992074.48,1689751.82,9302322.66,9,453.42,DUK|FRT|KRG|NEE|PPL2|REXR1|REXR2|VTR|WEC3
2024-10-22,10983479.27,1690036.69,9293442.58,9,284.87,DUK|FRT|KRG|NEE|PPL2|REXR1|REXR2|VTR|WEC3
2024-10-23,10937824.6,1690323.2,9247501.39,9,286.51,DUK|FRT|KRG|NEE|PPL2|REXR1|REXR2|VTR|WEC3
2024-10-24,10954553.32,1690608.49,9263944.84,9,285.28,DUK|FRT|KRG|NEE|PPL2|REXR1|REXR2|VTR|WEC3
2024-10-25,11079325.46,1690896.63,9388428.83,9,288.14,DUK|FRT|KRG|NEE|PPL2|REXR1|REXR2|VTR|WEC3
2024-10-28,11042232.1,1691184.43,9351047.66,9,287.81,DUK|FRT|KRG|NEE|PPL2|REXR1|REXR2|VTR|WEC3
2024-10-29,11073206.76,1691470.64,9381736.12,9,286.21,DUK|FRT|KRG|NEE|PPL2|REXR1|REXR2|VTR|WEC3
2024-10-30,11036869.5,1691757.92,9345111.58,9,287.28,DUK|FRT|KRG|NEE|PPL2|REXR1|REXR2|VTR|WEC3
2024-10-31,11083995.78,1692044.5,9391951.27,9,286.58,DUK|FRT|KRG|NEE|PPL2|REXR1|REXR2|VTR|WEC3
2024-11-01,11134022.12,1692330.87,9441691.25,9,286.37,DUK|FRT|KRG|NEE|PPL2|REXR1|REXR2|VTR|WEC3
2024-11-04,11084033.5,1692616.0,9391417.5,9,285.13,DUK|FRT|KRG|NEE|PPL2|REXR1|REXR2|VTR|WEC3
2024-11-05,11038390.31,1692901.16,9345489.15,9,285.15,DUK|FRT|KRG|NEE|PPL2|REXR1|REXR2|VTR|WEC3
2024-11-06,11050170.26,1693190.5,9356979.76,9,289.35,DUK|FRT|KRG|NEE|PPL2|REXR1|REXR2|VTR|WEC3
2024-11-07,11024036.41,1693476.42,9330559.99,9,285.92,DUK|FRT|KRG|NEE|PPL2|REXR1|REXR2|VTR|WEC3
2024-11-08,11021505.58,1693765.01,9327740.57,9,288.59,DUK|FRT|KRG|NEE|PPL2|REXR1|REXR2|VTR|WEC3
2024-11-11,11005212.15,1694053.65,9311158.5,9,288.64,DUK|FRT|KRG|NEE|PPL2|REXR1|REXR2|VTR|WEC3
2024-11-12,11008943.7,694346.66,10314597.04,10,293.01,DLR|DUK|FRT|KRG|NEE|PPL2|REXR1|REXR2|VTR|WEC3
2024-11-13,11028722.04,694465.04,10334256.99,10,118.38,DLR|DUK|FRT|KRG|NEE|PPL2|REXR1|REXR2|VTR|WEC3
2024-11-14,11031992.24,694585.07,10337407.17,10,120.02,DLR|DUK|FRT|KRG|NEE|PPL2|REXR1|REXR2|VTR|WEC3
2024-11-15,11008803.08,694704.11,10314098.97,10,119.05,DLR|DUK|FRT|KRG|NEE|PPL2|REXR1|REXR2|VTR|WEC3
2024-11-18,10985980.92,694823.39,10291157.53,10,119.28,DLR|DUK|FRT|KRG|NEE|PPL2|REXR1|REXR2|VTR|WEC3
2024-11-19,10981927.89,1718612.94,9263314.94,9,119.66,DLR|DUK|FRT|KRG|NEE|REXR1|REXR2|VTR|WEC3
2024-11-20,10973851.1,718910.73,10254940.36,10,297.79,DLR|DUK|FRT|KRG|NEE|PPL2|REXR1|REXR2|VTR|WEC3
2024-11-21,10979690.49,719035.83,10260654.66,10,125.1,DLR|DUK|FRT|KRG|NEE|PPL2|REXR1|REXR2|VTR|WEC3
2024-11-22,11019762.15,719161.45,10300600.69,10,125.62,DLR|DUK|FRT|KRG|NEE|PPL2|REXR1|REXR2|VTR|WEC3
2024-11-25,11038403.38,719286.01,10319117.37,10,124.56,DLR|DUK|FRT|KRG|NEE|PPL2|REXR1|REXR2|VTR|WEC3
2024-11-26,11015025.49,719410.5,10295614.98,10,124.49,DLR|DUK|FRT|KRG|NEE|PPL2|REXR1|REXR2|VTR|WEC3
2024-11-27,11034463.96,789187.26,10245276.71,10,123.42,DLR|DUK|FRT|KRG|NEE|PPL2|REXR1|REXR2|VTR|WEC3
2024-11-29,10999948.92,789321.26,10210627.66,10,134.0,DLR|DUK|FRT|KRG|NEE|PPL2|REXR1|REXR2|VTR|WEC3
2024-12-02,10981609.04,789455.27,10192153.77,10,134.01,DLR|DUK|FRT|KRG|NEE|PPL2|REXR1|REXR2|VTR|WEC3
2024-12-03,11021949.91,789588.95,10232360.95,10,133.68,DLR|DUK|FRT|KRG|NEE|PPL2|REXR1|REXR2|VTR|WEC3
2024-12-04,11003054.94,789721.13,10213333.81,10,132.17,DLR|DUK|FRT|KRG|NEE|PPL2|REXR1|REXR2|VTR|WEC3
2024-12-05,11004639.17,1755893.86,9248745.3,9,132.53,DLR|DUK|FRT|NEE|PPL2|REXR1|REXR2|VTR|WEC3
2024-12-06,11038191.87,1756184.88,9282006.98,9,291.02,DLR|DUK|FRT|NEE|PPL2|REXR1|REXR2|VTR|WEC3
2024-12-09,11049099.25,756477.05,10292622.2,10,292.17,DLR|DUK|FRT|KRG|NEE|PPL2|REXR1|REXR2|VTR|WEC3
2024-12-10,11037580.4,756603.3,10280977.1,10,126.24,DLR|DUK|FRT|KRG|NEE|PPL2|REXR1|REXR2|VTR|WEC3
2024-12-11,11054642.42,756729.23,10297913.19,10,125.93,DLR|DUK|FRT|KRG|NEE|PPL2|REXR1|REXR2|VTR|WEC3
2024-12-12,11103718.19,756855.9,10346862.29,10,126.67,DLR|DUK|FRT|KRG|NEE|PPL2|REXR1|REXR2|VTR|WEC3
2024-12-13,11117348.98,756982.88,10360366.1,10,126.98,DLR|DUK|FRT|KRG|NEE|PPL2|REXR1|REXR2|VTR|WEC3
2024-12-16,11127562.17,757110.19,10370451.98,10,127.31,DLR|DUK|FRT|KRG|NEE|PPL2|REXR1|REXR2|VTR|WEC3
2024-12-17,11116552.66,2774387.67,8342164.99,8,127.49,DLR|DUK|FRT|NEE|PPL2|REXR1|REXR2|WEC3
2024-12-18,11230493.88,1774859.84,9455634.04,9,472.17,DLR|DUK|FRT|KRG|NEE|PPL2|REXR1|REXR2|WEC3
2024-12-19,11153568.21,1775159.79,9378408.41,9,299.95,DLR|DUK|FRT|KRG|NEE|PPL2|REXR1|REXR2|WEC3
2024-12-20,11115147.78,775458.77,10339689.0,10,298.98,DLR|DUK|FRT|KRG|NEE|PPL2|REXR1|REXR2|VTR|WEC3
2024-12-23,11125401.59,775588.54,10349813.04,10,129.77,DLR|DUK|FRT|KRG|NEE|PPL2|REXR1|REXR2|VTR|WEC3
2024-12-24,11112165.27,1774344.05,9337821.22,9,129.99,DLR|DUK|FRT|KRG|NEE|PPL2|REXR1|REXR2|VTR
2024-12-26,11108806.9,3827335.26,7281471.64,7,296.6,DLR|DUK|FRT|KRG|REXR1|REXR2|VTR
2024-12-27,11121395.88,4955869.29,6165526.6,6,635.54,DLR|DUK|FRT|KRG|REXR1|VTR
2024-12-30,11118058.47,2956686.32,8161372.15,8,817.03,DLR|DUK|FRT|KRG|NEE|REXR1|VTR|WEC3
2024-12-31,11102932.26,1957172.41,9145759.85,9,486.09,DLR|DUK|FRT|KRG|NEE|PPL2|REXR1|VTR|WEC3
2025-01-02,11151735.77,1957494.78,9194241.0,9,322.37,DLR|DUK|FRT|KRG|NEE|PPL2|REXR1|VTR|WEC3
2025-01-03,11147292.57,1957818.37,9189474.2,9,323.59,DLR|DUK|FRT|KRG|NEE|PPL2|REXR1|VTR|WEC3
2025-01-06,11177423.66,958141.36,10219282.3,10,322.99,DLR|DUK|FRT|KRG|NEE|PPL2|REXR1|REXR2|VTR|WEC3
2025-01-07,11170813.07,958300.24,10212512.83,10,158.88,DLR|DUK|FRT|KRG|NEE|PPL2|REXR1|REXR2|VTR|WEC3
2025-01-08,11127543.44,958458.51,10169084.92,10,158.28,DLR|DUK|FRT|KRG|NEE|PPL2|REXR1|REXR2|VTR|WEC3
2025-01-10,11184269.94,1005716.59,10178553.36,10,160.09,DLR|DUK|FRT|KRG|NEE|PPL2|REXR1|REXR2|VTR|WEC3
2025-01-13,11151897.88,1005884.56,10146013.32,10,167.97,DLR|DUK|FRT|KRG|NEE|PPL2|REXR1|REXR2|VTR|WEC3
2025-01-14,11098591.8,1006052.22,10092539.58,10,167.66,DLR|DUK|FRT|KRG|NEE|PPL2|REXR1|REXR2|VTR|WEC3
2025-01-15,11167446.66,1006218.6,10161228.06,10,166.39,DLR|DUK|FRT|KRG|NEE|PPL2|REXR1|REXR2|VTR|WEC3
2025-01-16,11109422.88,1006384.9,10103037.98,10,166.29,DLR|DUK|FRT|KRG|NEE|PPL2|REXR1|REXR2|VTR|WEC3
2025-01-17,11148706.01,1006552.77,10142153.23,10,167.87,DLR|DUK|FRT|KRG|NEE|PPL2|REXR1|REXR2|VTR|WEC3
2025-01-21,11126455.14,1006719.7,10119735.44,10,166.92,DLR|DUK|FRT|KRG|NEE|PPL2|REXR1|REXR2|VTR|WEC3
2025-01-22,11183684.75,1006887.12,10176797.62,10,167.43,DLR|DUK|FRT|KRG|NEE|PPL2|REXR1|REXR2|VTR|WEC3
2025-01-23,11155871.07,1007053.91,10148817.15,10,166.79,DLR|DUK|FRT|KRG|NEE|PPL2|REXR1|REXR2|VTR|WEC3
2025-01-24,11183699.04,1007220.05,10176478.99,10,166.13,DLR|DUK|FRT|KRG|NEE|PPL2|REXR1|REXR2|VTR|WEC3
2025-01-27,11191657.88,1007385.01,10184272.87,10,164.96,DLR|DUK|FRT|KRG|NEE|PPL2|REXR1|REXR2|VTR|WEC3
2025-01-28,11207926.76,1007549.87,10200376.88,10,164.87,DLR|DUK|FRT|KRG|NEE|PPL2|REXR1|REXR2|VTR|WEC3
2025-01-29,11282050.88,1007716.04,10274334.83,10,166.17,DLR|DUK|FRT|KRG|NEE|PPL2|REXR1|REXR2|VTR|WEC3
2025-01-30,11250740.86,1007882.23,10242858.63,10,166.19,DLR|DUK|FRT|KRG|NEE|PPL2|REXR1|REXR2|VTR|WEC3
2025-01-31,11274693.1,1008048.18,10266644.92,10,165.95,DLR|DUK|FRT|KRG|NEE|PPL2|REXR1|REXR2|VTR|WEC3
2025-02-03,11281680.12,1008215.77,10273464.36,10,167.58,DLR|DUK|FRT|KRG|NEE|PPL2|REXR1|REXR2|VTR|WEC3
2025-02-04,11284676.95,1008382.82,10276294.12,10,167.06,DLR|DUK|FRT|KRG|NEE|PPL2|REXR1|REXR2|VTR|WEC3
2025-02-05,11283086.36,1008549.46,10274536.9,10,166.64,DLR|DUK|FRT|KRG|NEE|PPL2|REXR1|REXR2|VTR|WEC3
2025-02-06,11277983.62,1008716.44,10269267.18,10,166.98,DLR|DUK|FRT|KRG|NEE|PPL2|REXR1|REXR2|VTR|WEC3
2025-02-07,11290061.33,1008885.45,10281175.88,10,169.01,DLR|DUK|FRT|KRG|NEE|PPL2|REXR1|REXR2|VTR|WEC3
2025-02-10,11300836.48,1993207.94,9307628.54,9,169.34,DLR|DUK|FRT|KRG|NEE|PPL2|REXR1|REXR2|VTR
2025-02-11,11272875.71,4058307.29,7214568.41,7,335.6,DUK|FRT|KRG|NEE|PPL2|REXR1|REXR2
2025-02-12,11287629.75,2058995.32,9228634.43,9,688.03,DLR|DUK|FRT|KRG|NEE|PPL2|REXR1|REXR2|WEC3
2025-02-13,11288154.26,1059343.04,10228811.22,10,347.72,DLR|DUK|FRT|KRG|NEE|PPL2|REXR1|REXR2|VTR|WEC3
2025-02-14,11367165.19,1059520.18,10307645.0,10,177.15,DLR|DUK|FRT|KRG|NEE|PPL2|REXR1|REXR2|VTR|WEC3
2025-02-18,11402772.38,1059697.8,10343074.59,10,177.61,DLR|DUK|FRT|KRG|NEE|PPL2|REXR1|REXR2|VTR|WEC3
2025-02-19,11382796.7,1059874.71,10322921.99,10,176.91,DLR|DUK|FRT|KRG|NEE|PPL2|REXR1|REXR2|VTR|WEC3
2025-02-20,11399329.53,1060051.19,10339278.34,10,176.48,DLR|DUK|FRT|KRG|NEE|PPL2|REXR1|REXR2|VTR|WEC3
2025-02-21,11444940.57,1060225.72,10384714.84,10,174.53,DLR|DUK|FRT|KRG|NEE|PPL2|REXR1|REXR2|VTR|WEC3
2025-02-24,11423695.38,1060400.05,10363295.34,10,174.32,DLR|DUK|FRT|KRG|NEE|PPL2|REXR1|REXR2|VTR|WEC3
2025-02-25,11435121.29,1060573.14,10374548.15,10,173.09,DLR|DUK|FRT|KRG|NEE|PPL2|REXR1|REXR2|VTR|WEC3
2025-02-26,11457701.46,1060746.13,10396955.34,10,172.99,DLR|DUK|FRT|KRG|NEE|PPL2|REXR1|REXR2|VTR|WEC3
2025-02-27,11493174.27,1060919.02,10432255.26,10,172.89,DLR|DUK|FRT|KRG|NEE|PPL2|REXR1|REXR2|VTR|WEC3
2025-02-28,11406192.08,1061090.87,10345101.21,10,171.86,DLR|DUK|FRT|KRG|NEE|PPL2|REXR1|REXR2|VTR|WEC3
2025-03-03,11429333.19,1061260.93,10368072.26,10,170.06,DLR|DUK|FRT|KRG|NEE|PPL2|REXR1|REXR2|VTR|WEC3
2025-03-04,11510910.62,1061431.91,10449478.71,10,170.98,DLR|DUK|FRT|KRG|NEE|PPL2|REXR1|REXR2|VTR|WEC3
2025-03-05,11495674.24,1061603.13,10434071.11,10,171.22,DLR|DUK|FRT|KRG|NEE|PPL2|REXR1|REXR2|VTR|WEC3
2025-03-06,11538864.27,1061772.32,10477091.94,10,169.2,DLR|DUK|FRT|KRG|NEE|PPL2|REXR1|REXR2|VTR|WEC3
2025-03-07,11539956.49,1061942.75,10478013.74,10,170.43,DLR|DUK|FRT|KRG|NEE|PPL2|REXR1|REXR2|VTR|WEC3
2025-03-10,11582116.53,1062110.48,10520006.05,10,167.73,DLR|DUK|FRT|KRG|NEE|PPL2|REXR1|REXR2|VTR|WEC3
2025-03-11,11639155.83,1062280.14,10576875.69,10,169.66,DLR|DUK|FRT|KRG|NEE|PPL2|REXR1|REXR2|VTR|WEC3
2025-03-12,11674200.62,1062450.95,10611749.67,10,170.81,DLR|DUK|FRT|KRG|NEE|PPL2|REXR1|REXR2|VTR|WEC3
2025-03-13,11718254.96,1062620.75,10655634.21,10,169.8,DLR|DUK|FRT|KRG|NEE|PPL2|REXR1|REXR2|VTR|WEC3
2025-03-14,11596035.28,1062792.46,10533242.82,10,171.71,DLR|DUK|FRT|KRG|NEE|PPL2|REXR1|REXR2|VTR|WEC3
2025-03-17,11598832.23,1062965.43,10535866.8,10,172.97,DLR|DUK|FRT|KRG|NEE|PPL2|REXR1|REXR2|VTR|WEC3
2025-03-18,11616312.3,1063139.32,10553172.98,10,173.89,DLR|DUK|FRT|KRG|NEE|PPL2|REXR1|REXR2|VTR|WEC3
2025-03-19,11618219.97,1063311.35,10554908.61,10,172.03,DLR|DUK|FRT|KRG|NEE|PPL2|REXR1|REXR2|VTR|WEC3
2025-03-20,11602498.68,2222306.89,9380191.79,9,171.14,DLR|DUK|FRT|KRG|NEE|PPL2|REXR2|VTR|WEC3
2025-03-21,11662077.47,3242472.72,8419604.74,8,355.45,DLR|DUK|FRT|KRG|PPL2|REXR2|VTR|WEC3
2025-03-24,11633638.05,3243000.65,8390637.4,8,527.93,DLR|DUK|FRT|KRG|PPL2|REXR2|VTR|WEC3
2025-03-25,11671324.06,3243526.2,8427797.86,8,525.55,DLR|DUK|FRT|KRG|PPL2|REXR2|VTR|WEC3
2025-03-26,11624340.16,3244053.52,8380286.64,8,527.32,DLR|DUK|FRT|KRG|PPL2|REXR2|VTR|WEC3
2025-03-27,11614915.16,3244580.53,8370334.62,8,527.02,DLR|DUK|FRT|KRG|PPL2|REXR2|VTR|WEC3
2025-03-28,11628353.63,3245099.55,8383254.08,8,519.02,DLR|DUK|FRT|KRG|PPL2|REXR2|VTR|WEC3
2025-03-31,11638665.53,3245617.22,8393048.3,8,517.67,DLR|DUK|FRT|KRG|PPL2|REXR2|VTR|WEC3
2025-04-01,11636324.2,3246133.2,8390191.01,8,515.98,DLR|DUK|FRT|KRG|PPL2|REXR2|VTR|WEC3
2025-04-02,11644307.09,3246648.87,8397658.22,8,515.67,DLR|DUK|FRT|KRG|PPL2|REXR2|VTR|WEC3
2025-04-03,11709933.69,3247152.15,8462781.53,8,503.28,DLR|DUK|FRT|KRG|PPL2|REXR2|VTR|WEC3
2025-04-04,11808182.38,3247645.05,8560537.33,8,492.9,DLR|DUK|FRT|KRG|PPL2|REXR2|VTR|WEC3
2025-04-07,11828512.83,3248147.98,8580364.85,8,502.93,DLR|DUK|FRT|KRG|PPL2|REXR2|VTR|WEC3
2025-04-08,11938079.31,3248645.77,8689433.54,8,497.79,DLR|DUK|FRT|KRG|PPL2|REXR2|VTR|WEC3
2025-04-09,11822981.84,3249166.06,8573815.78,8,520.29,DLR|DUK|FRT|KRG|PPL2|REXR2|VTR|WEC3
2025-04-10,11880485.79,3249677.4,8630808.39,8,511.34,DLR|DUK|FRT|KRG|PPL2|REXR2|VTR|WEC3
2025-04-11,11826872.34,3250195.26,8576677.07,8,517.86,DLR|DUK|FRT|KRG|PPL2|REXR2|VTR|WEC3
2025-04-14,11850864.46,4344726.36,7506138.1,7,514.1,DLR|DUK|FRT|KRG|PPL2|VTR|WEC3
2025-04-15,11882121.12,3345416.31,8536704.81,8,689.95,DLR|DUK|FRT|KRG|PPL2|REXR2|VTR|WEC3
2025-04-16,11881155.43,3345939.8,8535215.63,8,523.49,DLR|DUK|FRT|KRG|PPL2|REXR2|VTR|WEC3
2025-04-17,11870205.2,3346466.06,8523739.15,8,526.26,DLR|DUK|FRT|KRG|PPL2|REXR2|VTR|WEC3
2025-04-21,11887227.41,3346990.22,8540237.19,8,524.16,DLR|DUK|FRT|KRG|PPL2|REXR2|VTR|WEC3
2025-04-22,11851771.19,3347518.7,8504252.5,8,528.48,DLR|DUK|FRT|KRG|PPL2|REXR2|VTR|WEC3
2025-04-23,11855808.84,3348051.5,8507757.35,8,532.8,DLR|DUK|FRT|KRG|PPL2|REXR2|VTR|WEC3
2025-04-24,11880455.5,3348577.91,8531877.59,8,526.41,DLR|DUK|FRT|KRG|PPL2|REXR2|VTR|WEC3
2025-04-25,11917853.48,3349101.79,8568751.69,8,523.88,DLR|DUK|FRT|KRG|PPL2|REXR2|VTR|WEC3
2025-04-28,11894736.06,3349622.15,8545113.91,8,520.36,DLR|DUK|FRT|KRG|PPL2|REXR2|VTR|WEC3
2025-04-29,11898506.11,3350139.69,8548366.42,8,517.54,DLR|DUK|FRT|KRG|PPL2|REXR2|VTR|WEC3
2025-04-30,11898240.73,3350651.57,8547589.16,8,511.88,DLR|DUK|FRT|KRG|PPL2|REXR2|VTR|WEC3
2025-05-01,11948907.33,4431263.34,7517643.99,7,521.19,DLR|DUK|FRT|KRG|PPL2|REXR2|WEC3
2025-05-02,11934290.48,4431967.06,7502323.41,7,703.73,DLR|DUK|FRT|KRG|PPL2|REXR2|WEC3
2025-05-05,11941692.22,4432674.14,7509018.08,7,707.07,DLR|DUK|FRT|KRG|PPL2|REXR2|WEC3
2025-05-06,11923316.31,4433375.13,7489941.18,7,701.0,DLR|DUK|FRT|KRG|PPL2|REXR2|WEC3
2025-05-07,11929810.46,4434078.55,7495731.92,7,703.41,DLR|DUK|FRT|KRG|PPL2|REXR2|WEC3
2025-05-08,11944938.03,4434792.87,7510145.15,7,714.33,DLR|DUK|FRT|KRG|PPL2|REXR2|WEC3
2025-05-09,11936155.34,4435506.66,7500648.68,7,713.79,DLR|DUK|FRT|KRG|PPL2|REXR2|WEC3
2025-05-12,11932885.53,4436230.9,7496654.63,7,724.24,DLR|DUK|FRT|KRG|PPL2|REXR2|WEC3
2025-05-13,11941164.57,5503651.64,6437512.94,6,723.83,DLR|FRT|KRG|PPL2|REXR2|WEC3
2025-05-14,11918176.6,4504553.99,7413622.61,7,902.36,DLR|FRT|KRG|NEE|PPL2|REXR2|WEC3
2025-05-15,11929088.07,4505284.77,7423803.3,7,730.77,DLR|FRT|KRG|NEE|PPL2|REXR2|WEC3
2025-05-16,11900584.54,5549358.93,6351225.61,6,736.49,FRT|KRG|NEE|PPL2|REXR2|WEC3
2025-05-19,11901653.49,5550264.25,6351389.23,6,905.32,FRT|KRG|NEE|PPL2|REXR2|WEC3
2025-05-20,11912502.33,5551168.44,6361333.89,6,904.19,FRT|KRG|NEE|PPL2|REXR2|WEC3
2025-05-21,11938546.6,5552076.25,6386470.35,6,907.81,FRT|KRG|NEE|PPL2|REXR2|WEC3
2025-05-22,11967969.03,5552983.55,6414985.47,6,907.3,FRT|KRG|NEE|PPL2|REXR2|WEC3
2025-05-23,11953680.26,5553892.48,6399787.78,6,908.93,FRT|KRG|NEE|PPL2|REXR2|WEC3
2025-05-27,11944429.57,4554803.25,7389626.31,7,910.77,DLR|FRT|KRG|NEE|PPL2|REXR2|WEC3
2025-05-28,11952091.75,5549802.96,6402288.78,6,750.77,FRT|KRG|NEE|PPL2|REXR2|WEC3
2025-05-29,11949764.31,5550711.15,6399053.16,6,908.19,FRT|KRG|NEE|PPL2|REXR2|WEC3
2025-05-30,11941112.85,6542757.46,5398355.4,5,902.78,FRT|KRG|NEE|PPL2|WEC3
2025-06-02,11905546.35,6587573.35,5317973.0,5,1068.91,FRT|KRG|NEE|REXR2|WEC3
2025-06-03,11904841.33,5588648.8,6316192.53,6,1075.45,FRT|KRG|NEE|PPL2|REXR2|WEC3
2025-06-04,11917472.57,5589548.59,6327923.98,6,899.79,FRT|KRG|NEE|PPL2|REXR2|WEC3
2025-06-05,11930774.02,5590449.66,6340324.36,6,901.07,FRT|KRG|NEE|PPL2|REXR2|WEC3
2025-06-06,11900729.52,5591367.92,6309361.6,6,918.25,FRT|KRG|NEE|PPL2|REXR2|WEC3
2025-06-09,11904566.14,5592285.06,6312281.08,6,917.14,FRT|KRG|NEE|PPL2|REXR2|WEC3
2025-06-10,11893601.68,6584345.85,5309255.83,5,913.63,FRT|KRG|NEE|PPL2|WEC3
2025-06-11,11920341.97,5585409.19,6334932.78,6,1063.35,FRT|KRG|NEE|PPL2|REXR2|WEC3
2025-06-12,11917181.7,5586307.56,6330874.15,6,898.36,FRT|KRG|NEE|PPL2|REXR2|WEC3
2025-06-13,11931457.38,4587207.04,7344250.34,7,899.48,DLR|FRT|KRG|NEE|PPL2|REXR2|WEC3
2025-06-16,11891627.49,4587951.95,7303675.54,7,744.91,DLR|FRT|KRG|NEE|PPL2|REXR2|WEC3
2025-06-17,11905275.87,4588697.91,7316577.95,7,745.96,DLR|FRT|KRG|NEE|PPL2|REXR2|WEC3
2025-06-18,11885163.32,4589440.43,7295722.89,7,742.51,DLR|FRT|KRG|NEE|PPL2|REXR2|WEC3
2025-06-20,11896536.65,4590179.95,7306356.7,7,739.52,DLR|FRT|KRG|NEE|PPL2|REXR2|WEC3
2025-06-23,11908450.42,4590911.21,7317539.22,7,731.26,DLR|FRT|KRG|NEE|PPL2|REXR2|WEC3
2025-06-24,11897837.16,5568230.24,6329606.92,6,730.34,DLR|FRT|KRG|NEE|PPL2|WEC3
2025-06-25,11943730.21,4569110.07,7374620.14,7,879.82,DLR|FRT|KRG|NEE|PPL2|REXR2|WEC3
2025-06-26,11926400.53,4569827.58,7356572.95,7,717.51,DLR|FRT|KRG|NEE|PPL2|REXR2|WEC3
2025-06-27,11917215.12,4570547.47,7346667.64,7,719.89,DLR|FRT|KRG|NEE|PPL2|REXR2|WEC3
2025-06-30,11900850.91,4571266.93,7329583.98,7,719.46,DLR|FRT|KRG|NEE|PPL2|REXR2|WEC3
2025-07-01,11912851.72,4571991.32,7340860.41,7,724.38,DLR|FRT|KRG|NEE|PPL2|REXR2|WEC3
2025-07-02,11926483.86,4572714.78,7353769.08,7,723.46,DLR|FRT|KRG|NEE|PPL2|REXR2|WEC3
2025-07-03,11926016.98,4573453.69,7352563.29,7,738.91,DLR|FRT|KRG|NEE|PPL2|REXR2|WEC3
2025-07-07,11962241.96,4574194.12,7388047.85,7,740.43,DLR|FRT|KRG|NEE|PPL2|REXR2|WEC3
2025-07-08,11925162.88,7771681.96,4153480.91,4,744.87,DLR|FRT|PPL2|REXR2
2025-07-09,11929848.81,6772933.73,5156915.08,5,1251.77,DLR|FRT|PPL2|REXR2|WEC3
2025-07-10,11926728.12,5774026.72,6152701.39,6,1093.0,DLR|FRT|KRG|PPL2|REXR2|WEC3
2025-07-11,11928868.94,5774958.29,6153910.65,6,931.57,DLR|FRT|KRG|PPL2|REXR2|WEC3
2025-07-14,11881812.18,5775893.63,6105918.55,6,935.34,DLR|FRT|KRG|PPL2|REXR2|WEC3
2025-07-15,11887746.58,5776835.81,6110910.77,6,942.18,DLR|FRT|KRG|PPL2|REXR2|WEC3
2025-07-16,11915223.69,5777768.81,6137454.88,6,933.0,DLR|FRT|KRG|PPL2|REXR2|WEC3
2025-07-17,11911985.65,5778706.83,6133278.82,6,938.02,DLR|FRT|KRG|PPL2|REXR2|WEC3
2025-07-18,11912395.11,5779638.6,6132756.51,6,931.77,DLR|FRT|KRG|PPL2|REXR2|WEC3
2025-07-21,11938725.68,5780570.45,6158155.23,6,931.85,DLR|FRT|KRG|PPL2|REXR2|WEC3
2025-07-22,11904293.84,5781500.53,6122793.31,6,930.08,DLR|FRT|KRG|PPL2|REXR2|WEC3
2025-07-23,11938214.86,5782435.59,6155779.26,6,935.07,DLR|FRT|KRG|PPL2|REXR2|WEC3
2025-07-24,11923482.51,5783374.44,6140108.07,6,938.84,DLR|FRT|KRG|PPL2|REXR2|WEC3
2025-07-25,11933947.63,5784313.82,6149633.8,6,939.39,DLR|FRT|KRG|PPL2|REXR2|WEC3
2025-07-28,11949074.83,5785253.29,6163821.54,6,939.47,DLR|FRT|KRG|PPL2|REXR2|WEC3
2025-07-29,11915406.88,5786187.29,6129219.59,6,934.0,DLR|FRT|KRG|PPL2|REXR2|WEC3
2025-07-30,11931521.36,5787133.05,6144388.31,6,945.77,DLR|FRT|KRG|PPL2|REXR2|WEC3
2025-07-31,11993458.62,6790652.86,5202805.76,5,939.7,DLR|FRT|KRG|PPL2|REXR2
2025-08-01,11973058.29,5791688.14,6181370.16,6,1035.28,DLR|FRT|KRG|PPL2|REXR2|WEC3
2025-08-04,11975451.74,5792565.51,6182886.23,6,877.37,DLR|FRT|KRG|PPL2|REXR2|WEC3
2025-08-05,11999990.7,5793462.62,6206528.08,6,897.11,DLR|FRT|KRG|PPL2|REXR2|WEC3
2025-08-06,12004280.29,5794357.46,6209922.83,6,894.84,DLR|FRT|KRG|PPL2|REXR2|WEC3
2025-08-07,11998220.01,5795255.44,6202964.57,6,897.99,DLR|FRT|KRG|PPL2|REXR2|WEC3
2025-08-08,12006311.61,5796157.66,6210153.94,6,902.22,DLR|FRT|KRG|PPL2|REXR2|WEC3
2025-08-11,12011114.02,6810252.05,5200861.97,5,904.75,FRT|KRG|PPL2|REXR2|WEC3
2025-08-12,11997280.9,6811302.7,5185978.2,5,1050.64,FRT|KRG|PPL2|REXR2|WEC3
2025-08-13,11987864.7,7827874.57,4159990.13,4,1039.86,FRT|KRG|REXR2|WEC3
2025-08-14,12004480.91,6829083.69,5175397.22,5,1209.13,FRT|KRG|PPL2|REXR2|WEC3
2025-08-15,12002829.22,6830144.83,5172684.39,5,1061.14,FRT|KRG|PPL2|REXR2|WEC3
2025-08-18,12001891.72,6831208.22,5170683.5,5,1063.39,FRT|KRG|PPL2|REXR2|WEC3
2025-08-19,11982704.7,7845525.28,4137179.41,4,1059.11,FRT|KRG|PPL2|WEC3
2025-08-20,11971308.38,5846741.56,6124566.82,6,1216.27,FRT|KRG|PPL2|REXR1|REXR2|WEC3
2025-08-21,11989428.03,5847657.85,6141770.18,6,916.29,FRT|KRG|PPL2|REXR1|REXR2|WEC3
2025-08-22,11973514.1,5848555.42,6124958.68,6,897.57,FRT|KRG|PPL2|REXR1|REXR2|WEC3
2025-08-25,11967159.23,6837143.39,5130015.84,5,900.75,FRT|KRG|REXR1|REXR2|WEC3
2025-08-26,11972183.83,5838188.31,6133995.53,6,1044.92,FRT|KRG|PPL2|REXR1|REXR2|WEC3
2025-08-27,11956552.47,5839076.78,6117475.7,6,888.47,FRT|KRG|PPL2|REXR1|REXR2|WEC3
2025-08-28,11970453.76,5839969.04,6130484.71,6,892.27,FRT|KRG|PPL2|REXR1|REXR2|WEC3
2025-08-29,11967960.64,5840857.46,6127103.18,6,888.42,FRT|KRG|PPL2|REXR1|REXR2|WEC3
2025-09-02,11974566.77,6840907.97,5133658.8,5,882.9,FRT|KRG|PPL2|REXR2|WEC3
2025-09-03,11965800.76,7829333.37,4136467.4,4,1020.92,FRT|KRG|REXR2|WEC3
2025-09-04,11948960.6,6830498.38,5118462.22,5,1165.02,FRT|KRG|PPL2|REXR2|WEC3
2025-09-05,11943261.55,7809665.14,4133596.41,4,989.31,FRT|PPL2|REXR2|WEC3
2025-09-08,11945819.75,6810787.9,5135031.85,5,1122.76,FRT|KRG|PPL2|REXR2|WEC3
2025-09-09,11959818.07,6811780.01,5148038.06,5,992.1,FRT|KRG|PPL2|REXR2|WEC3
2025-09-10,11956712.19,5812767.82,6143944.37,6,987.82,FRT|KRG|PPL2|REXR1|REXR2|WEC3
2025-09-11,11947042.72,4813603.94,7133438.78,7,836.12,DLR|FRT|KRG|PPL2|REXR1|REXR2|WEC3
2025-09-12,11870606.88,4814301.28,7056305.6,7,697.34,DLR|FRT|KRG|PPL2|REXR1|REXR2|WEC3
2025-09-15,11902223.8,4814996.13,7087227.67,7,694.85,DLR|FRT|KRG|PPL2|REXR1|REXR2|WEC3
2025-09-16,11939921.3,4815685.4,7124235.9,7,689.27,DLR|FRT|KRG|PPL2|REXR1|REXR2|WEC3
2025-09-17,11964463.64,4816372.68,7148090.95,7,687.29,DLR|FRT|KRG|PPL2|REXR1|REXR2|WEC3
2025-09-18,11955055.04,4817060.53,7137994.52,7,687.84,DLR|FRT|KRG|PPL2|REXR1|REXR2|WEC3
2025-09-19,11965252.41,4817745.26,7147507.16,7,684.73,DLR|FRT|KRG|PPL2|REXR1|REXR2|WEC3
2025-09-22,11966142.86,4818433.1,7147709.75,7,687.85,DLR|FRT|KRG|PPL2|REXR1|REXR2|WEC3
2025-09-23,11944053.29,4819122.52,7124930.76,7,689.42,DLR|FRT|KRG|PPL2|REXR1|REXR2|WEC3
2025-09-24,11944404.54,4819814.55,7124589.99,7,692.02,DLR|FRT|KRG|PPL2|REXR1|REXR2|WEC3
2025-09-25,11972011.11,4820516.31,7151494.8,7,701.76,DLR|FRT|KRG|PPL2|REXR1|REXR2|WEC3
2025-09-26,11953957.98,4821215.47,7132742.5,7,699.17,DLR|FRT|KRG|PPL2|REXR1|REXR2|WEC3
2025-09-29,11956401.03,4821911.12,7134489.91,7,695.65,DLR|FRT|KRG|PPL2|REXR1|REXR2|WEC3
2025-09-30,11962533.71,4822602.74,7139930.97,7,691.62,DLR|FRT|KRG|PPL2|REXR1|REXR2|WEC3
2025-10-01,11985470.79,4823293.77,7162177.02,7,691.03,DLR|FRT|KRG|PPL2|REXR1|REXR2|WEC3
2025-10-02,11993653.78,5826580.17,6167073.61,6,691.59,FRT|KRG|PPL2|REXR1|REXR2|WEC3
2025-10-03,11982169.48,5827420.38,6154749.1,6,840.21,FRT|KRG|PPL2|REXR1|REXR2|WEC3
2025-10-06,11955178.54,5828264.34,6126914.2,6,843.96,FRT|KRG|PPL2|REXR1|REXR2|WEC3
2025-10-07,11986348.99,4829106.52,7157242.47,7,842.18,DLR|FRT|KRG|PPL2|REXR1|REXR2|WEC3
2025-10-08,12005683.01,4829805.8,7175877.2,7,699.28,DLR|FRT|KRG|PPL2|REXR1|REXR2|WEC3
2025-10-09,11988495.86,4830505.65,7157990.21,7,699.84,DLR|FRT|KRG|PPL2|REXR1|REXR2|WEC3
2025-10-10,12017064.09,5835536.32,6181527.77,6,686.95,DLR|FRT|KRG|PPL2|REXR1|WEC3
2025-10-13,12020268.18,5836366.19,6183901.99,6,829.87,DLR|FRT|KRG|PPL2|REXR1|WEC3
2025-10-14,12024099.21,4837196.12,7186903.1,7,829.92,DLR|FRT|KRG|PPL2|REXR1|REXR2|WEC3
2025-10-15,12015413.96,4837888.53,7177525.43,7,692.41,DLR|FRT|KRG|PPL2|REXR1|REXR2|WEC3
2025-10-16,12014015.7,4838568.17,7175447.53,7,679.65,DLR|FRT|KRG|PPL2|REXR1|REXR2|WEC3
2025-10-17,11992986.96,4839250.33,7153736.63,7,682.16,DLR|FRT|KRG|PPL2|REXR1|REXR2|WEC3
2025-10-20,11999952.6,4839932.03,7160020.56,7,681.7,DLR|FRT|KRG|PPL2|REXR1|REXR2|WEC3
2025-10-21,12010216.2,5812678.54,6197537.65,6,683.28,DLR|FRT|KRG|PPL2|REXR1|WEC3
2025-10-22,12008671.8,4813497.88,7195173.92,7,819.33,DLR|FRT|KRG|PPL2|REXR1|REXR2|WEC3
2025-10-23,12032077.13,4814182.43,7217894.7,7,684.55,DLR|FRT|KRG|PPL2|REXR1|REXR2|WEC3
2025-10-24,12003756.17,4814866.92,7188889.25,7,684.49,DLR|FRT|KRG|PPL2|REXR1|REXR2|WEC3
2025-10-27,11987418.36,4815551.47,7171866.89,7,684.55,DLR|FRT|KRG|PPL2|REXR1|REXR2|WEC3
2025-10-28,12044130.07,4816238.6,7227891.47,7,687.13,DLR|FRT|KRG|PPL2|REXR1|REXR2|WEC3
2025-10-29,12071471.48,4816942.02,7254529.46,7,703.42,DLR|FRT|KRG|PPL2|REXR1|REXR2|WEC3
2025-10-30,12064549.85,4817646.5,7246903.35,7,704.48,DLR|FRT|KRG|PPL2|REXR1|REXR2|WEC3
2025-10-31,12054580.78,4818349.4,7236231.38,7,702.9,DLR|FRT|KRG|PPL2|REXR1|REXR2|WEC3
2025-11-03,12040203.95,4819053.87,7221150.08,7,704.47,DLR|FRT|KRG|PPL2|REXR1|REXR2|WEC3
2025-11-04,12058859.51,4819753.8,7239105.7,7,699.93,DLR|FRT|KRG|PPL2|REXR1|REXR2|WEC3
2025-11-05,12066822.44,4820460.93,7246361.52,7,707.13,DLR|FRT|KRG|PPL2|REXR1|REXR2|WEC3
2025-11-06,12071628.38,4821156.36,7250472.03,7,695.43,DLR|FRT|KRG|PPL2|REXR1|REXR2|WEC3
2025-11-07,12034844.88,4821848.65,7212996.23,7,692.3,DLR|FRT|KRG|PPL2|REXR1|REXR2|WEC3
2025-11-10,12045681.41,5822982.5,6222698.91,6,699.97,DLR|FRT|PPL2|REXR1|REXR2|WEC3
2025-11-11,12026098.38,4823827.8,7202270.58,7,845.3,DLR|FRT|KRG|PPL2|REXR1|REXR2|WEC3
2025-11-12,12028678.04,4824525.95,7204152.09,7,698.15,DLR|FRT|KRG|PPL2|REXR1|REXR2|WEC3
2025-11-13,12036871.74,4825230.81,7211640.93,7,704.86,DLR|FRT|KRG|PPL2|REXR1|REXR2|WEC3
2025-11-14,12022258.54,4825937.15,7196321.39,7,706.34,DLR|FRT|KRG|PPL2|REXR1|REXR2|WEC3
2025-11-17,12041446.41,5805360.02,6236086.39,6,706.39,DLR|FRT|KRG|PPL2|REXR1|WEC3
2025-11-18,12077291.0,5806201.11,6271089.89,6,841.09,DLR|FRT|KRG|PPL2|REXR1|WEC3
2025-11-19,12040623.41,4807044.71,7233578.7,7,843.6,DLR|FRT|KRG|PPL2|REXR1|REXR2|WEC3
2025-11-20,12038908.95,4807740.04,7231168.91,7,695.32,DLR|FRT|KRG|PPL2|REXR1|REXR2|WEC3
2025-11-21,12025821.28,4808429.72,7217391.56,7,689.68,DLR|FRT|KRG|PPL2|REXR1|REXR2|WEC3
2025-11-24,12017721.7,5846874.97,6170846.73,6,689.72,DLR|FRT|KRG|PPL2|REXR1|REXR2
2025-11-25,12016152.87,5846995.38,6169157.49,6,836.15,DLR|FRT|KRG|PPL2|REXR2|WEC3
2025-11-26,12000715.8,5847828.23,6152887.57,6,832.85,DLR|FRT|KRG|PPL2|REXR2|WEC3
2025-11-28,12000052.79,5848661.64,6151391.15,6,833.41,DLR|FRT|KRG|PPL2|REXR2|WEC3
2025-12-01,12028182.95,5849496.35,6178686.6,6,834.71,DLR|FRT|KRG|PPL2|REXR2|WEC3
2025-12-02,12032187.61,6841319.85,5190867.77,5,829.79,DLR|FRT|PPL2|REXR2|WEC3
2025-12-03,12008961.08,6842285.91,5166675.17,5,966.06,DLR|FRT|PPL2|REXR2|WEC3
2025-12-04,12038411.08,6843258.57,5195152.5,5,972.66,DLR|FRT|PPL2|REXR2|WEC3
2025-12-05,12051581.46,6844233.33,5207348.13,5,974.76,DLR|FRT|PPL2|REXR2|WEC3
2025-12-08,12043481.15,6845211.79,5198269.37,5,978.45,DLR|FRT|PPL2|REXR2|WEC3
2025-12-09,12052311.23,6846196.11,5206115.12,5,984.33,DLR|FRT|PPL2|REXR2|WEC3
2025-12-10,12061174.91,6847160.94,5214013.98,5,964.82,DLR|FRT|PPL2|REXR2|WEC3
2025-12-11,12060208.42,6848125.84,5212082.58,5,964.91,DLR|FRT|PPL2|REXR2|WEC3
2025-12-12,12046581.87,5849081.26,6197500.61,6,955.42,DLR|FRT|KRG|PPL2|REXR2|WEC3
2025-12-15,12038253.07,5849895.38,6188357.69,6,814.11,DLR|FRT|KRG|PPL2|REXR2|WEC3
2025-12-16,12059517.09,5850708.93,6208808.16,6,813.55,DLR|FRT|KRG|PPL2|REXR2|WEC3
2025-12-17,12045930.04,6841152.0,5204778.04,5,812.39,DLR|FRT|KRG|PPL2|WEC3
2025-12-18,12046469.83,6842096.05,5204373.78,5,944.05,DLR|FRT|KRG|PPL2|WEC3
2025-12-19,12065042.57,6843046.53,5221996.04,5,950.48,DLR|FRT|KRG|PPL2|WEC3
2025-12-22,12053637.05,6844001.44,5209635.61,5,954.9,DLR|FRT|KRG|PPL2|WEC3
2025-12-23,12058776.97,6844957.13,5213819.84,5,955.69,DLR|FRT|KRG|PPL2|WEC3
2025-12-24,12052475.16,7839245.13,4213230.03,4,945.17,DLR|FRT|KRG|PPL2
2025-12-26,12048415.33,6840327.38,5208087.95,5,1082.25,DLR|FRT|KRG|PPL2|REXR2
2025-12-29,12056832.94,6841270.21,5215562.73,5,942.83,DLR|FRT|KRG|PPL2|REXR2
2025-12-30,12059843.12,6842209.47,5217633.65,5,939.26,DLR|FRT|KRG|PPL2|REXR2
2025-12-31,12065289.43,7860544.75,4204744.68,4,942.16,DLR|FRT|KRG|REXR2
2026-01-02,12064128.04,7861626.07,4202501.97,4,1081.32,DLR|FRT|KRG|REXR2
2026-01-05,12066182.56,6862705.8,5203476.76,5,1079.73,DLR|FRT|KRG|PPL2|REXR2
2026-01-06,12042315.8,6863649.72,5178666.08,5,943.92,DLR|FRT|KRG|PPL2|REXR2
2026-01-07,12076719.24,6864595.16,5212124.08,5,945.44,DLR|FRT|KRG|PPL2|REXR2
2026-01-08,12080349.53,6865542.12,5214807.41,5,946.96,DLR|FRT|KRG|PPL2|REXR2
2026-01-09,12066401.4,6866494.82,5199906.58,5,952.7,DLR|FRT|KRG|PPL2|REXR2
2026-01-12,12048216.04,7032002.94,5016213.1,5,956.38,DLR|FRT|KRG|PPL2|REXR2
2026-01-13,12051845.32,8041809.88,4010035.43,4,976.42,DLR|FRT|PPL2|REXR2
2026-01-14,12008303.66,8042926.42,3965377.24,4,1116.54,DLR|FRT|PPL2|REXR2
2026-01-15,12038408.33,7044053.23,4994355.1,5,1126.81,DLR|FRT|KRG|PPL2|REXR2
2026-01-16,12038792.03,7045041.32,4993750.71,5,988.1,DLR|FRT|KRG|PPL2|REXR2
2026-01-20,12039962.81,6046025.76,5993937.05,6,984.43,DLR|FRT|KRG|PPL2|REXR2|WEC3
2026-01-21,12037521.75,7038086.09,4999435.66,5,845.17,DLR|FRT|PPL2|REXR2|WEC3
2026-01-22,12049972.73,7039069.13,5010903.6,5,983.04,DLR|FRT|PPL2|REXR2|WEC3
2026-01-23,12044840.87,6040049.1,6004791.77,6,979.97,DLR|FRT|KRG|PPL2|REXR2|WEC3
2026-01-26,12036921.69,6040890.58,5996031.11,6,841.48,DLR|FRT|KRG|PPL2|REXR2|WEC3
2026-01-27,12053891.97,6041727.01,6012164.96,6,836.42,DLR|FRT|KRG|PPL2|REXR2|WEC3
2026-01-28,12066673.71,6042565.39,6024108.32,6,838.39,DLR|FRT|KRG|PPL2|REXR2|WEC3
2026-01-29,12060273.84,6043402.55,6016871.29,6,837.16,DLR|FRT|KRG|PPL2|REXR2|WEC3
2026-01-30,12047076.54,6044232.63,6002843.91,6,830.08,DLR|FRT|KRG|PPL2|REXR2|WEC3
2026-02-02,12055300.35,6045069.78,6010230.57,6,837.15,DLR|FRT|KRG|PPL2|REXR2|WEC3
2026-02-03,12106616.13,6045904.43,6060711.7,6,834.65,DLR|FRT|KRG|PPL2|REXR2|WEC3
2026-02-04,12073487.09,6046738.51,6026748.59,6,834.07,DLR|FRT|KRG|PPL2|REXR2|WEC3
2026-02-05,12070219.78,6047555.39,6022664.39,6,816.89,DLR|FRT|KRG|PPL2|REXR2|WEC3
2026-02-06,12070011.16,6048378.6,6021632.56,6,823.21,DLR|FRT|KRG|PPL2|REXR2|WEC3
2026-02-09,12069409.85,6049199.33,6020210.52,6,820.73,DLR|FRT|KRG|PPL2|REXR2|WEC3
2026-02-10,12066000.7,6050013.1,6015987.6,6,813.76,DLR|FRT|KRG|PPL2|REXR2|WEC3
2026-02-11,12076632.71,6050841.59,6025791.13,6,828.49,DLR|FRT|KRG|PPL2|REXR2|WEC3
2026-02-12,12108429.6,6051666.95,6056762.65,6,825.36,DLR|FRT|KRG|PPL2|REXR2|WEC3
2026-02-13,12088500.88,7046338.47,5042162.41,5,821.42,DLR|FRT|KRG|PPL2|REXR2
2026-02-17,12102528.53,7047307.48,5055221.05,5,969.01,DLR|FRT|KRG|PPL2|REXR2
2026-02-18,12108381.37,7048280.68,5060100.69,5,973.2,DLR|FRT|KRG|PPL2|REXR2
2026-02-19,12091350.25,8046628.76,4044721.48,4,975.49,DLR|FRT|PPL2|REXR2
2026-02-20,12106588.32,8047748.17,4058840.15,4,1119.41,DLR|FRT|PPL2|REXR2
2026-02-23,12095129.81,7048865.08,5046264.72,5,1116.91,DLR|FRT|KRG|PPL2|REXR2
2026-02-24,12083572.45,7049847.03,5033725.42,5,981.95,DLR|FRT|KRG|PPL2|REXR2
2026-02-25,12086479.96,8065474.25,4021005.71,4,984.26,FRT|KRG|PPL2|REXR2
2026-02-26,12087192.58,8066595.09,4020597.48,4,1120.84,FRT|KRG|PPL2|REXR2
2026-02-27,12082404.53,9057760.49,3024644.04,3,1112.23,FRT|PPL2|REXR2
