date,ticker,position_id,event,N_bonds,shares_short,entry_dirty,entry_stock,entry_delta,entry_mispricing,conversion_ratio,shares_traded,stock_price,new_delta,mispricing,cumulative_pnl,exit_dirty,exit_stock,exit_mispricing,entry_date,holding_days,total_pnl,pnl_pct,pnl_coupon,pnl_bond_mtm,pnl_short,pnl_gamma,costs_borrow,costs_tc
2023-01-03,KRG,1,entry,1056.9149,30536.1825,94.615,21.33,0.6822,17.6441,42.3518,,,,,,,,,,,,,,,,,,
2023-01-10,KRG,1,rebalance,,,,,,,,2826.5572,20.01,0.619,12.4665,20235.77,,,,,,,,,,,,,
2023-02-02,KRG,1,rebalance,,,,,,,,3594.6327,22.54,0.6993,19.8822,2407.83,,,,,,,,,,,,,
2023-02-24,PPL2,2,entry,996.9096,17557.7111,100.31,27.69,0.6002,4.7406,29.3432,,,,,,,,,,,,,,,,,,
2023-03-13,KRG,1,rebalance,,,,,,,,2284.1283,20.27,0.6483,17.247,21741.22,,,,,,,,,,,,,
2023-03-22,KRG,1,rebalance,,,,,,,,3745.5263,18.92,0.5646,12.2064,29993.35,,,,,,,,,,,,,
2023-03-23,PPL2,2,rebalance,,,,,,,,1684.7987,25.91,0.5426,8.0062,12810.92,,,,,,,,,,,,,
2023-03-27,KRG,1,rebalance,,,,,,,,4712.6595,19.47,0.6699,22.3844,79335.95,,,,,,,,,,,,,
2023-03-30,KRG,1,rebalance,,,,,,,,2246.9756,20.08,0.6197,13.6813,38959.03,,,,,,,,,,,,,
2023-04-06,PPL2,2,rebalance,,,,,,,,1540.9055,28.55,0.5953,8.6278,-11589.13,,,,,,,,,,,,,
2023-04-06,DUK,3,entry,977.5267,4160.8418,102.299,99.74,0.504,5.3248,8.4447,,,,,,,,,,,,,,,,,,
2023-05-05,KRG,1,rebalance,,,,,,,,2395.8101,20.65,0.6732,22.779,33908.35,,,,,,,,,,,,,
2023-05-09,KRG,1,rebalance,,,,,,,,2283.2778,20.51,0.6222,13.8556,36581.34,,,,,,,,,,,,,
2023-05-22,DUK,3,rebalance,,,,,,,,603.872,91.97,0.4309,4.5828,25392.65,,,,,,,,,,,,,
2023-05-25,PPL2,2,rebalance,,,,,,,,1919.4916,26.0,0.5297,6.8743,-6499.26,,,,,,,,,,,,,
2023-06-06,KRG,1,rebalance,,,,,,,,2696.4334,20.58,0.6825,22.9501,39466.7,,,,,,,,,,,,,
2023-06-13,VTR,4,entry,986.1447,9977.6546,101.405,45.91,0.5536,7.6989,18.2778,,,,,,,,,,,,,,,,,,
2023-06-16,PPL2,2,rebalance,,,,,,,,1613.0422,26.99,0.5848,10.3703,-9607.35,,,,,,,,,,,,,
2023-06-20,PPL2,2,rebalance,,,,,,,,1695.1248,26.7,0.5269,5.0689,-8755.89,,,,,,,,,,,,,
2023-07-20,VTR,4,rebalance,,,,,,,,1004.5084,49.69,0.6093,6.7257,-13681.78,,,,,,,,,,,,,
2023-07-28,PPL2,2,exit_no_data,996.9096,15412.2438,,,,,,,,,,,98.498,27.97,0.0,2023-02-24,154.0,-34950.93,-3.4951,0.0,-18064.0,3801.68,-17774.87,527.01,10481.48
2023-07-31,PPL2,5,entry,1023.0284,16932.5048,97.749,27.53,0.5641,7.3496,29.3432,,,,,,,,,,,,,,,,,,
2023-08-02,KRG,1,rebalance,,,,,,,,2758.1158,23.86,0.7441,7.366,4293.02,,,,,,,,,,,,,
2023-08-04,VTR,4,rebalance,,,,,,,,1602.7975,44.93,0.5204,7.2177,9757.44,,,,,,,,,,,,,
2023-08-15,KRG,1,rebalance,,,,,,,,2260.9414,22.76,0.6936,11.5792,40479.82,,,,,,,,,,,,,
2023-08-15,VTR,4,rebalance,,,,,,,,921.0548,42.08,0.4693,7.0804,25160.1,,,,,,,,,,,,,
2023-08-16,PPL2,5,rebalance,,,,,,,,1824.3101,25.36,0.5033,7.3926,5299.57,,,,,,,,,,,,,
2023-09-01,DUK,3,rebalance,,,,,,,,617.1377,87.93,0.3561,4.9633,35141.13,,,,,,,,,,,,,
2023-09-14,DUK,3,rebalance,,,,,,,,736.3469,95.45,0.4453,5.567,20167.34,,,,,,,,,,,,,
2023-10-02,KRG,1,rebalance,,,,,,,,2333.9486,20.95,0.6414,12.4318,26132.65,,,,,,,,,,,,,
2023-10-02,DUK,3,rebalance,,,,,,,,667.4761,85.44,0.3645,6.203,49108.91,,,,,,,,,,,,,
2023-10-02,PPL2,5,rebalance,,,,,,,,1923.3425,22.55,0.4392,6.5855,-1456.9,,,,,,,,,,,,,
2023-10-25,PPL2,5,rebalance,,,,,,,,1770.5762,24.38,0.4982,6.9584,-14316.73,,,,,,,,,,,,,
2023-11-08,DUK,3,exit_no_data,977.5267,3008.7029,,,,,,,,,,,98.309,90.28,0.0,2023-04-06,216.0,11851.57,1.1852,2016.15,-39003.31,46828.79,3800.51,452.95,10266.86
2023-11-27,DUK,6,entry,1012.8941,3109.9322,98.727,90.93,0.3636,3.1135,8.4447,,,,,,,,,,,,,,,,,,
2023-12-04,VTR,4,rebalance,,,,,,,,1116.9997,47.18,0.5312,3.9263,32714.4,,,,,,,,,,,,,
2023-12-13,DUK,6,rebalance,,,,,,,,652.4851,98.08,0.4399,4.8779,-26744.6,,,,,,,,,,,,,
2023-12-14,KRG,1,rebalance,,,,,,,,2307.4494,23.43,0.693,10.4092,86410.07,,,,,,,,,,,,,
2023-12-14,VTR,4,rebalance,,,,,,,,1201.9855,50.53,0.5979,4.8479,26203.28,,,,,,,,,,,,,
2023-12-26,PPL2,5,exit_no_data,1023.0284,14955.4284,,,,,,,,,,,97.375,26.41,0.0,2023-07-31,148.0,41875.85,4.1876,7761.52,-3826.13,24709.76,17712.34,382.61,10477.83
2023-12-28,PPL2,7,entry,1021.0333,15272.7903,97.94,27.15,0.5098,5.8599,29.3432,,,,,,,,,,,,,,,,,,
2024-01-03,KRG,1,exit_max_hold,1056.9149,31019.9282,,,,,,,,,,,98.366,22.45,17.098,2023-01-03,365.0,88785.47,8.8785,15611.51,39644.88,-13472.45,29872.61,1902.5,11253.91
2024-01-03,KRG,8,entry,1016.6114,29061.9116,98.366,22.45,0.675,17.098,42.3518,,,,,,,,,,,,,,,,,,
2024-01-11,VTR,4,rebalance,,,,,,,,1039.0795,47.92,0.5403,4.7732,60625.23,,,,,,,,,,,,,
2024-01-11,FRT,9,entry,1004.7727,4871.963,99.525,101.98,0.5954,8.986,8.1436,,,,,,,,,,,,,,,,,,
2024-01-17,KRG,8,rebalance,,,,,,,,2238.9198,21.52,0.623,9.32,21911.85,,,,,,,,,,,,,
2024-01-23,PPL2,7,rebalance,,,,,,,,1600.7539,25.72,0.4563,5.5835,-207.32,,,,,,,,,,,,,
2024-01-24,DUK,6,rebalance,,,,,,,,698.6318,94.54,0.3582,2.7742,22155.42,,,,,,,,,,,,,
2024-02-07,VTR,4,rebalance,,,,,,,,1057.3024,45.09,0.4816,5.0731,71495.53,,,,,,,,,,,,,
2024-02-26,VTR,4,rebalance,,,,,,,,977.2193,42.97,0.4274,3.8097,88011.54,,,,,,,,,,,,,
2024-02-26,PPL2,7,exit_no_data,1021.0333,13672.0364,,,,,,,,,,,96.126,26.89,0.0,2023-12-28,60.0,-30507.87,-3.0508,3995.5,-18521.54,5843.81,-13365.44,132.11,10319.13
2024-02-27,PPL2,10,entry,1042.916,14841.1068,95.885,26.43,0.485,5.779,29.3432,,,,,,,,,,,,,,,,,,
2024-02-28,VTR,4,rebalance,,,,,,,,967.7744,42.48,0.3737,2.2905,83019.61,,,,,,,,,,,,,
2024-03-01,NEE,11,entry,993.7789,7752.7305,100.626,55.21,0.531,6.3735,14.6927,,,,,,,,,,,,,,,,,,
2024-03-04,VTR,4,rebalance,,,,,,,,1532.6279,44.1,0.4587,5.2316,73731.29,,,,,,,,,,,,,
2024-03-13,NEE,11,rebalance,,,,,,,,801.9175,59.54,0.5859,5.8314,-3850.06,,,,,,,,,,,,,
2024-03-18,VTR,4,exit_no_data,986.1447,8268.5483,,,,,,,,,,,101.394,43.4,0.0,2023-06-13,279.0,87634.1,8.7634,10477.79,-108.48,38818.11,37202.8,779.23,10669.06
2024-03-19,VTR,12,entry,987.5665,7875.1668,101.259,43.38,0.4363,4.2664,18.2778,,,,,,,,,,,,,,,,,,
2024-03-27,NEE,11,rebalance,,,,,,,,813.3065,63.79,0.6416,6.4404,-12482.7,,,,,,,,,,,,,
2024-03-28,REXR1,13,entry,982.0867,7264.6363,101.824,50.3,0.4707,5.1823,15.7146,,,,,,,,,,,,,,,,,,
2024-03-28,REXR2,14,entry,977.9569,8880.4822,102.254,50.3,0.5778,9.1571,15.7146,,,,,,,,,,,,,,,,,,
2024-04-05,VTR,12,exit_no_data,987.5665,7875.1668,,,,,,,,,,,100.806,42.75,0.0,2024-03-19,17.0,-7222.62,-0.7223,1234.46,-4473.68,4961.36,1016.76,24.28,10316.78
2024-04-08,VTR,15,entry,989.6679,8073.0051,101.044,43.49,0.4463,5.2067,18.2778,,,,,,,,,,,,,,,,,,
2024-04-10,KRG,8,rebalance,,,,,,,,2375.7065,19.92,0.5678,9.2333,34816.32,,,,,,,,,,,,,
2024-04-15,REXR1,13,rebalance,,,,,,,,1620.4751,45.07,0.3657,4.3501,9232.73,,,,,,,,,,,,,
2024-04-15,REXR2,14,rebalance,,,,,,,,1157.3636,45.07,0.5025,6.9892,24032.58,,,,,,,,,,,,,
2024-04-19,KRG,8,rebalance,,,,,,,,3249.9448,20.89,0.6433,16.3218,31983.97,,,,,,,,,,,,,
2024-04-23,REXR1,13,rebalance,,,,,,,,786.4243,43.73,0.4167,7.6495,13069.86,,,,,,,,,,,,,
2024-04-29,PPL2,10,rebalance,,,,,,,,1555.3716,27.53,0.5358,6.5166,-24660.15,,,,,,,,,,,,,
2024-04-29,REXR1,13,rebalance,,,,,,,,802.8914,43.39,0.3647,5.683,16150.18,,,,,,,,,,,,,
2024-05-01,NEE,11,rebalance,,,,,,,,1000.4658,68.61,0.7101,6.098,-25583.32,,,,,,,,,,,,,
2024-05-02,VTR,15,rebalance,,,,,,,,928.3065,46.22,0.4976,4.9071,-9653.43,,,,,,,,,,,,,
2024-05-03,DUK,6,rebalance,,,,,,,,607.5275,100.26,0.4292,3.1414,14344.7,,,,,,,,,,,,,
2024-05-06,KRG,8,rebalance,,,,,,,,2363.1344,21.04,0.5884,5.1395,33221.17,,,,,,,,,,,,,
2024-05-09,NEE,11,rebalance,,,,,,,,835.4274,74.58,0.7673,7.2298,-24862.83,,,,,,,,,,,,,
2024-05-09,REXR1,13,rebalance,,,,,,,,874.2078,45.3,0.4213,7.1295,22122.07,,,,,,,,,,,,,
2024-05-10,PPL2,10,rebalance,,,,,,,,1546.0991,29.14,0.5863,6.0256,-21880.48,,,,,,,,,,,,,
2024-05-10,REXR1,13,rebalance,,,,,,,,951.0337,45.11,0.3597,4.6096,21344.38,,,,,,,,,,,,,
2024-05-15,REXR1,13,rebalance,,,,,,,,913.7628,45.9,0.4189,6.8242,23175.05,,,,,,,,,,,,,
2024-05-21,REXR1,13,rebalance,,,,,,,,906.5401,45.8,0.3601,4.408,23690.85,,,,,,,,,,,,,
2024-05-28,REXR1,13,rebalance,,,,,,,,782.2574,43.7,0.3095,4.1123,25763.32,,,,,,,,,,,,,
2024-05-28,WEC3,16,entry,1006.6844,5046.1714,99.336,79.72,0.4951,7.1579,10.1243,,,,,,,,,,,,,,,,,,
2024-05-29,REXR1,13,rebalance,,,,,,,,1079.3753,44.34,0.3794,6.1582,22454.21,,,,,,,,,,,,,
2024-05-30,VTR,15,rebalance,,,,,,,,964.0864,49.0,0.5509,5.2942,-25890.54,,,,,,,,,,,,,
2024-06-03,REXR2,14,exit_no_data,977.9569,7723.1186,,,,,,,,,,,98.08,44.34,0.0,2024-03-28,67.0,14664.47,1.4664,0.0,-40819.92,52082.8,11156.0,162.83,10216.55
2024-06-04,REXR2,17,entry,1019.6278,8310.9734,98.075,44.87,0.5187,11.8509,15.7146,,,,,,,,,,,,,,,,,,
2024-06-05,REXR1,13,rebalance,,,,,,,,2188.2588,44.24,0.2376,2.5047,31263.54,,,,,,,,,,,,,
2024-06-05,REXR2,17,rebalance,,,,,,,,1923.117,44.24,0.3987,5.6798,352.98,,,,,,,,,,,,,
2024-06-06,REXR1,13,rebalance,,,,,,,,820.5469,44.66,0.2908,3.533,31690.35,,,,,,,,,,,,,
2024-06-07,KRG,8,rebalance,,,,,,,,2329.8526,22.15,0.6425,4.2488,36708.34,,,,,,,,,,,,,
2024-06-07,REXR2,17,rebalance,,,,,,,,1217.3022,44.12,0.4746,9.6294,-6525.26,,,,,,,,,,,,,
2024-06-10,REXR1,13,rebalance,,,,,,,,1287.2437,44.08,0.3742,6.1715,35079.71,,,,,,,,,,,,,
2024-06-11,PPL2,10,exit_no_data,1042.916,17942.5775,,,,,,,,,,,97.637,28.7,0.0,2024-02-27,105.0,-14879.23,-1.4879,22987.61,18271.89,-34828.81,-15412.64,313.59,10588.9
2024-06-13,WEC3,16,rebalance,,,,,,,,601.337,78.54,0.4361,4.958,14548.11,,,,,,,,,,,,,
2024-06-13,KRG,8,exit_no_data,1016.6114,27663.9483,,,,,,,,,,,98.187,22.05,0.0,2024-01-03,162.0,35919.89,3.592,6989.2,-1819.73,16721.46,14554.58,697.65,10754.48
2024-06-14,PPL2,18,entry,1030.4073,16025.6264,97.049,28.08,0.53,5.9972,29.3432,,,,,,,,,,,,,,,,,,
2024-06-18,KRG,19,entry,1026.2515,26948.4419,97.442,21.81,0.62,6.4816,42.3518,,,,,,,,,,,,,,,,,,
2024-07-01,NEE,11,rebalance,,,,,,,,773.6202,69.9,0.7143,5.4015,29272.9,,,,,,,,,,,,,
2024-07-02,VTR,15,rebalance,,,,,,,,1001.621,51.79,0.6063,3.6186,-17826.16,,,,,,,,,,,,,
2024-07-02,REXR2,17,rebalance,,,,,,,,823.6803,44.88,0.526,11.7742,19390.99,,,,,,,,,,,,,
2024-07-05,WEC3,16,exit_no_data,1006.6844,4444.8344,,,,,,,,,,,99.583,77.69,0.0,2024-05-28,38.0,15972.06,1.5972,0.0,2486.51,9732.59,12603.86,103.39,10409.85
2024-07-08,NEE,11,exit_no_data,993.7789,10430.2276,,,,,,,,,,,115.075,70.47,0.0,2024-03-01,129.0,22501.32,2.2501,0.0,143591.12,-130490.81,10536.83,559.08,11441.8
2024-07-08,PPL2,18,exit_no_data,1030.4073,16025.6264,,,,,,,,,,,96.263,27.42,0.0,2024-06-14,24.0,-3490.22,-0.349,1234.35,-8099.0,10576.91,2405.46,53.07,10404.22
2024-07-08,WEC3,20,entry,1001.9337,4323.8517,99.807,78.05,0.4263,5.4475,10.1243,,,,,,,,,,,,,,,,,,
2024-07-09,PPL2,21,entry,1035.2824,14967.7538,96.592,27.41,0.4927,5.2839,29.3432,,,,,,,,,,,,,,,,,,
2024-07-10,NEE,22,entry,850.9697,9273.5801,117.513,72.9,0.7417,6.2634,14.6927,,,,,,,,,,,,,,,,,,
2024-07-11,REXR1,13,rebalance,,,,,,,,1577.6946,49.13,0.4764,9.0347,32678.08,,,,,,,,,,,,,
2024-07-11,REXR2,17,rebalance,,,,,,,,909.0029,49.13,0.5828,14.4174,2203.15,,,,,,,,,,,,,
2024-07-15,KRG,19,rebalance,,,,,,,,2469.4288,23.36,0.6768,11.5307,-19828.14,,,,,,,,,,,,,
2024-07-15,VTR,15,exit_no_data,989.6679,10967.019,,,,,,,,,,,106.5,52.11,0.0,2024-04-08,98.0,-27761.73,-2.7762,27422.05,53996.28,-78375.86,-23625.48,240.03,10802.28
2024-07-16,VTR,23,entry,927.6352,10680.9152,107.801,53.1,0.63,3.046,18.2778,,,,,,,,,,,,,,,,,,
2024-07-17,DUK,6,rebalance,,,,,,,,713.5492,107.52,0.5126,3.3576,34320.48,,,,,,,,,,,,,
2024-07-17,FRT,9,rebalance,,,,,,,,418.2468,109.85,0.6465,10.8036,-52539.32,,,,,,,,,,,,,
2024-07-17,WEC3,20,rebalance,,,,,,,,552.4259,82.36,0.4807,5.7573,-5981.8,,,,,,,,,,,,,
2024-07-22,PPL2,21,rebalance,,,,,,,,1805.1201,29.0,0.5521,5.3207,-1849.39,,,,,,,,,,,,,
2024-07-22,KRG,19,exit_no_data,1026.2515,29417.8707,,,,,,,,,,,101.551,23.76,0.0,2024-06-18,34.0,-32691.14,-3.2691,577.27,42168.67,-53537.23,-12610.83,108.59,10883.04
2024-07-22,VTR,23,exit_no_data,927.6352,10680.9152,,,,,,,,,,,108.19,53.43,0.0,2024-07-16,6.0,-10323.21,-1.0323,0.0,3608.5,-3524.7,83.8,6.79,10586.96
2024-07-23,REXR1,13,rebalance,,,,,,,,1267.7826,49.41,0.3943,4.6324,33712.23,,,,,,,,,,,,,
2024-07-23,REXR2,17,rebalance,,,,,,,,895.2712,49.41,0.5269,7.9638,14527.5,,,,,,,,,,,,,
2024-07-23,VTR,24,entry,922.6369,10814.3188,108.385,53.56,0.6413,3.0739,18.2778,,,,,,,,,,,,,,,,,,
2024-07-26,WEC3,20,exit_no_data,1001.9337,4876.2776,,,,,,,,,,,101.552,81.75,0.0,2024-07-08,18.0,-6635.17,-0.6635,0.0,17483.74,-15661.27,1394.58,43.74,10478.22
2024-07-29,REXR1,13,rebalance,,,,,,,,780.2048,49.31,0.4448,7.2409,41830.39,,,,,,,,,,,,,
2024-07-29,KRG,25,entry,960.5963,28582.6872,104.102,24.17,0.7026,8.819,42.3518,,,,,,,,,,,,,,,,,,
2024-07-30,WEC3,26,entry,972.6207,5197.5091,102.815,85.6,0.5278,6.5708,10.1243,,,,,,,,,,,,,,,,,,
2024-07-31,KRG,25,rebalance,,,,,,,,2124.3842,24.66,0.7548,32.3792,-1894.66,,,,,,,,,,,,,
2024-08-01,DUK,6,rebalance,,,,,,,,615.0632,112.6,0.5845,4.0196,32404.15,,,,,,,,,,,,,
2024-08-02,KRG,25,rebalance,,,,,,,,2139.8031,24.33,0.7022,6.5653,18840.38,,,,,,,,,,,,,
2024-08-02,WEC3,26,rebalance,,,,,,,,544.1314,90.16,0.5831,8.1372,-9503.78,,,,,,,,,,,,,
2024-08-06,VTR,24,rebalance,,,,,,,,1064.9644,57.17,0.7044,4.041,3799.13,,,,,,,,,,,,,
2024-08-12,PPL2,21,rebalance,,,,,,,,1589.9189,30.83,0.6045,5.2958,15215.64,,,,,,,,,,,,,
2024-08-13,REXR1,13,rebalance,,,,,,,,877.2481,49.85,0.388,4.2759,62891.99,,,,,,,,,,,,,
2024-08-15,REXR1,13,rebalance,,,,,,,,1143.114,50.31,0.462,7.7143,61217.47,,,,,,,,,,,,,
2024-08-19,NEE,22,rebalance,,,,,,,,637.2925,79.35,0.7927,5.8324,18898.86,,,,,,,,,,,,,
2024-08-20,REXR1,13,rebalance,,,,,,,,1125.2116,50.97,0.3891,3.3819,61860.43,,,,,,,,,,,,,
2024-08-21,REXR1,13,rebalance,,,,,,,,1012.3031,51.26,0.4547,6.5045,64270.44,,,,,,,,,,,,,
2024-08-26,VTR,24,rebalance,,,,,,,,891.9252,59.86,0.7573,4.7655,-8333.38,,,,,,,,,,,,,
2024-08-27,REXR2,17,rebalance,,,,,,,,910.5412,52.25,0.5837,11.3336,65284.49,,,,,,,,,,,,,
2024-08-29,KRG,25,rebalance,,,,,,,,2473.5256,25.82,0.763,6.588,2494.42,,,,,,,,,,,,,
2024-08-30,REXR1,13,rebalance,,,,,,,,772.5345,50.92,0.4047,3.6912,81136.17,,,,,,,,,,,,,
2024-08-30,REXR2,17,rebalance,,,,,,,,869.0735,50.92,0.5295,6.6764,78967.54,,,,,,,,,,,,,
2024-08-30,VTR,24,rebalance,,,,,,,,1312.0525,62.11,0.8351,2.9136,-5738.51,,,,,,,,,,,,,
2024-09-04,REXR1,13,rebalance,,,,,,,,951.8517,50.43,0.4663,8.0686,81141.8,,,,,,,,,,,,,
2024-09-10,WEC3,26,rebalance,,,,,,,,532.945,95.55,0.6372,7.1528,20278.09,,,,,,,,,,,,,
2024-09-11,REXR1,13,rebalance,,,,,,,,890.1038,50.19,0.4087,5.2331,90738.31,,,,,,,,,,,,,
2024-09-19,REXR1,13,rebalance,,,,,,,,902.2651,52.18,0.4671,4.2329,58583.84,,,,,,,,,,,,,
2024-09-19,VTR,24,exit_convergence,922.6369,14083.2609,,,,,,,,,,,123.258,62.2,0.3004,2024-07-23,58.0,69074.72,6.9075,5093.72,137223.79,-100997.68,35441.13,310.88,11511.6
2024-09-23,PPL2,21,rebalance,,,,,,,,1668.5991,32.84,0.6594,6.0842,15252.95,,,,,,,,,,,,,
2024-09-23,VTR,27,entry,815.2418,12270.8021,122.663,64.21,0.8235,4.2447,18.2778,,,,,,,,,,,,,,,,,,
2024-09-24,REXR2,17,rebalance,,,,,,,,877.5818,52.02,0.5843,10.2211,67950.12,,,,,,,,,,,,,
2024-09-27,KRG,25,exit_no_data,960.5963,31040.794,,,,,,,,,,,112.821,26.76,0.0,2024-07-29,60.0,11047.51,1.1048,1080.67,83754.39,-75615.76,9775.22,265.8,11263.68
2024-09-30,KRG,28,entry,890.6306,28681.4257,112.28,26.56,0.7604,8.2465,42.3518,,,,,,,,,,,,,,,,,,
2024-10-02,REXR1,13,rebalance,,,,,,,,1039.7277,48.92,0.3998,3.6348,73775.76,,,,,,,,,,,,,
2024-10-03,REXR2,17,rebalance,,,,,,,,866.0292,48.79,0.5302,7.5788,90158.77,,,,,,,,,,,,,
2024-10-10,REXR1,13,rebalance,,,,,,,,858.5123,46.55,0.3441,2.7169,75561.03,,,,,,,,,,,,,
2024-10-11,KRG,28,exit_no_data,890.6306,28681.4257,,,,,,,,,,,110.098,25.88,0.0,2024-09-30,11.0,-10218.88,-1.0219,129.88,-19433.56,19503.37,-181.44,35.42,10654.86
2024-10-14,KRG,29,entry,911.0206,27950.5159,109.767,25.57,0.7244,11.7792,42.3518,,,,,,,,,,,,,,,,,,
2024-10-15,REXR1,13,rebalance,,,,,,,,988.6905,47.75,0.4082,4.6093,76518.1,,,,,,,,,,,,,
2024-10-16,DUK,6,rebalance,,,,,,,,798.5976,119.78,0.6779,3.1447,47223.18,,,,,,,,,,,,,
2024-10-16,WEC3,26,rebalance,,,,,,,,506.5056,98.75,0.6886,7.8843,11230.58,,,,,,,,,,,,,
2024-10-17,REXR1,13,rebalance,,,,,,,,906.1388,44.93,0.3495,4.101,86307.14,,,,,,,,,,,,,
2024-10-17,KRG,29,exit_no_data,911.0206,27950.5159,,,,,,,,,,,109.767,25.57,0.0,2024-10-14,3.0,-10714.69,-1.0715,0.0,0.0,0.0,0.0,0.0,10714.69
2024-10-18,NEE,22,rebalance,,,,,,,,628.7779,84.38,0.843,4.0168,4162.83,,,,,,,,,,,,,
2024-10-18,VTR,27,exit_no_data,815.2418,12270.8021,,,,,,,,,,,123.544,64.29,0.0,2024-09-23,25.0,6022.79,0.6023,1783.34,7182.28,-981.66,7148.87,148.03,10824.31
2024-10-18,KRG,30,entry,884.76,27848.4288,113.025,26.44,0.7432,19.4699,42.3518,,,,,,,,,,,,,,,,,,
2024-10-21,REXR2,17,rebalance,,,,,,,,885.1927,44.69,0.475,6.6252,100333.92,,,,,,,,,,,,,
2024-10-21,VTR,31,entry,807.0895,12207.0705,123.902,64.67,0.8275,4.1137,18.2778,,,,,,,,,,,,,,,,,,
2024-10-24,REXR1,13,rebalance,,,,,,,,967.6243,44.58,0.2868,2.0627,87651.19,,,,,,,,,,,,,
2024-10-29,DUK,6,rebalance,,,,,,,,742.717,114.41,0.5911,2.7597,71177.14,,,,,,,,,,,,,
2024-10-30,REXR1,13,rebalance,,,,,,,,1517.8605,44.03,0.3851,5.7106,89229.54,,,,,,,,,,,,,
2024-10-30,NEE,22,rebalance,,,,,,,,665.0742,79.09,0.7898,4.0302,25447.65,,,,,,,,,,,,,
2024-10-31,REXR1,13,rebalance,,,,,,,,1557.755,42.89,0.2842,2.9022,89823.17,,,,,,,,,,,,,
2024-11-04,REXR1,13,rebalance,,,,,,,,953.1172,43.17,0.346,4.642,92121.69,,,,,,,,,,,,,
2024-11-04,KRG,30,rebalance,,,,,,,,2081.6363,26.51,0.7987,3.8809,-3189.39,,,,,,,,,,,,,
2024-11-06,REXR1,13,rebalance,,,,,,,,959.383,42.7,0.2838,2.802,94851.6,,,,,,,,,,,,,
2024-11-07,REXR2,17,rebalance,,,,,,,,983.446,42.59,0.4136,4.6242,107659.97,,,,,,,,,,,,,
2024-11-08,REXR2,17,rebalance,,,,,,,,808.7148,43.11,0.4641,7.9199,86797.58,,,,,,,,,,,,,
2024-11-12,DLR,32,entry,967.0806,3047.2911,103.404,180.79,0.6565,5.1417,4.7998,,,,,,,,,,,,,,,,,,
2024-11-19,PPL2,21,exit_no_data,1035.2824,20031.3919,,,,,,,,,,,106.368,33.21,0.0,2024-07-09,133.0,23669.89,2.367,24638.29,101209.21,-98813.92,1646.67,496.19,11121.88
2024-11-20,PPL2,33,entry,931.3762,19872.5804,107.368,34.27,0.7271,7.0758,29.3432,,,,,,,,,,,,,,,,,,
2024-11-27,DUK,6,exit_max_hold,1012.8941,5055.8061,,,,,,,,,,,107.074,117.42,3.6157,2023-11-27,366.0,69653.33,6.9653,81590.75,84546.27,-95350.12,-6046.64,962.09,11119.73
2024-11-27,DUK,34,entry,933.9335,4981.1157,107.074,117.42,0.6316,3.6157,8.4447,,,,,,,,,,,,,,,,,,
2024-12-04,REXR2,17,rebalance,,,,,,,,876.1397,41.37,0.4094,7.0278,96255.24,,,,,,,,,,,,,
2024-12-05,REXR1,13,rebalance,,,,,,,,916.2938,40.81,0.2244,2.8963,99705.48,,,,,,,,,,,,,
2024-12-05,KRG,30,exit_no_data,884.76,29930.0651,,,,,,,,,,,113.787,27.13,0.0,2024-10-18,48.0,-33959.79,-3.396,755.73,6741.87,-20506.03,-12386.51,184.21,10835.46
2024-12-06,REXR1,13,rebalance,,,,,,,,1074.6065,40.03,0.1548,2.1746,97605.12,,,,,,,,,,,,,
2024-12-06,REXR2,17,rebalance,,,,,,,,1392.45,40.03,0.3225,4.538,105928.51,,,,,,,,,,,,,
2024-12-06,DUK,34,rebalance,,,,,,,,715.7815,112.1,0.5408,1.9801,9191.75,,,,,,,,,,,,,
2024-12-09,REXR1,13,rebalance,,,,,,,,782.6895,41.72,0.2055,2.5461,98018.17,,,,,,,,,,,,,
2024-12-09,REXR2,17,rebalance,,,,,,,,825.6351,41.72,0.374,4.8642,112850.23,,,,,,,,,,,,,
2024-12-09,VTR,31,rebalance,,,,,,,,750.3365,61.06,0.7766,3.3172,-3670.16,,,,,,,,,,,,,
2024-12-09,KRG,35,entry,884.142,28373.2016,113.104,26.86,0.7577,11.5419,42.3518,,,,,,,,,,,,,,,,,,
2024-12-11,PPL2,33,rebalance,,,,,,,,1628.9784,32.73,0.6675,7.2186,29915.86,,,,,,,,,,,,,
2024-12-12,NEE,22,rebalance,,,,,,,,723.6385,73.22,0.7319,3.0925,45598.7,,,,,,,,,,,,,
2024-12-16,REXR1,13,rebalance,,,,,,,,1197.6083,40.05,0.2831,4.5191,107099.22,,,,,,,,,,,,,
2024-12-16,DUK,34,rebalance,,,,,,,,590.626,107.44,0.4659,2.3121,21758.78,,,,,,,,,,,,,
2024-12-17,REXR1,13,rebalance,,,,,,,,2336.7869,39.92,0.1317,1.4707,108549.21,,,,,,,,,,,,,
2024-12-17,REXR2,17,rebalance,,,,,,,,1113.0083,39.92,0.3045,3.4092,112347.03,,,,,,,,,,,,,
2024-12-17,VTR,31,exit_no_data,807.0895,11456.734,,,,,,,,,,,116.565,60.04,0.0,2024-10-21,57.0,3426.71,0.3427,18495.79,-59216.15,55753.39,-4297.14,257.27,10465.47
2024-12-17,KRG,35,exit_no_data,884.142,28373.2016,,,,,,,,,,,112.607,26.28,0.0,2024-12-09,8.0,13723.28,1.3723,36.84,-4394.19,16456.46,12035.12,26.7,10731.91
2024-12-18,REXR1,13,rebalance,,,,,,,,824.4206,38.11,0.1851,2.7521,105906.09,,,,,,,,,,,,,
2024-12-18,REXR2,17,rebalance,,,,,,,,836.707,38.11,0.3568,5.1958,124511.32,,,,,,,,,,,,,
2024-12-18,WEC3,26,rebalance,,,,,,,,716.6526,92.94,0.6159,4.4136,15285.96,,,,,,,,,,,,,
2024-12-18,KRG,36,entry,934.8503,28712.2324,106.969,24.99,0.7252,23.5847,42.3518,,,,,,,,,,,,,,,,,,
2024-12-20,VTR,37,entry,871.5888,11607.6675,114.733,58.76,0.7286,3.0869,18.2778,,,,,,,,,,,,,,,,,,
2024-12-24,WEC3,26,exit_no_data,972.6207,6064.4384,,,,,,,,,,,106.683,93.26,0.0,2024-07-30,147.0,-1374.49,-0.1374,2127.61,37620.97,-37269.24,940.08,495.28,10801.65
2024-12-26,NEE,22,exit_no_data,850.9697,9150.9378,,,,,,,,,,,116.557,71.67,0.0,2024-07-10,169.0,33105.67,3.3106,7729.64,-8135.27,18236.19,14503.7,755.46,10729.87
2024-12-26,PPL2,33,exit_no_data,931.3762,18243.602,,,,,,,,,,,104.911,32.43,0.0,2024-11-20,36.0,19588.94,1.9589,2157.05,-22883.91,36076.85,12994.1,146.63,10548.58
2024-12-27,REXR2,17,exit_no_data,1019.6278,5716.411,,,,,,,,,,,99.134,38.38,0.0,2024-06-04,206.0,127898.49,12.7898,11449.57,10797.86,49592.63,60414.86,498.02,10731.86
2024-12-30,REXR1,13,rebalance,,,,,,,,952.5307,38.71,0.2468,3.8603,110478.29,,,,,,,,,,,,,
2024-12-30,NEE,38,entry,857.2653,8981.6043,116.65,71.76,0.7131,4.0231,14.6927,,,,,,,,,,,,,,,,,,
2024-12-30,WEC3,39,entry,933.6545,5968.3424,107.106,94.21,0.6314,5.2751,10.1243,,,,,,,,,,,,,,,,,,
2024-12-31,REXR1,13,rebalance,,,,,,,,1071.6434,38.66,0.1774,2.289,113433.78,,,,,,,,,,,,,
2024-12-31,PPL2,40,entry,950.6517,19001.6216,105.191,32.46,0.6812,3.1333,29.3432,,,,,,,,,,,,,,,,,,
2025-01-02,REXR1,13,rebalance,,,,,,,,1223.3816,38.42,0.2567,4.1862,111598.04,,,,,,,,,,,,,
2025-01-06,REXR2,41,entry,1013.6436,6558.5598,98.654,38.75,0.4117,7.2038,15.7146,,,,,,,,,,,,,,,,,,
2025-01-07,FRT,9,rebalance,,,,,,,,409.7779,104.9,0.5965,8.6639,42125.26,,,,,,,,,,,,,
2025-01-07,REXR1,13,rebalance,,,,,,,,938.1471,38.48,0.1959,2.5762,116169.85,,,,,,,,,,,,,
2025-01-08,REXR2,41,rebalance,,,,,,,,920.2822,38.25,0.354,5.316,-6796.13,,,,,,,,,,,,,
2025-01-10,KRG,36,rebalance,,,,,,,,3804.096,22.64,0.6291,6.357,2150.1,,,,,,,,,,,,,
2025-01-10,NEE,38,rebalance,,,,,,,,691.5205,67.38,0.6582,2.4545,10784.43,,,,,,,,,,,,,
2025-01-10,FRT,9,exit_max_hold,1004.7727,4880.4319,,,,,,,,,,,99.792,101.65,8.6392,2024-01-11,365.0,47097.99,4.7098,15874.01,2682.74,3705.59,13668.31,1617.32,10554.35
2025-01-10,FRT,42,entry,1002.0843,4681.266,99.792,101.65,0.5736,8.6392,8.1436,,,,,,,,,,,,,,,,,,
2025-01-14,REXR1,13,rebalance,,,,,,,,991.9468,38.76,0.2601,3.7674,118507.18,,,,,,,,,,,,,
2025-01-14,REXR2,41,rebalance,,,,,,,,1252.4815,38.76,0.4326,8.3309,-16733.06,,,,,,,,,,,,,
2025-01-15,REXR1,13,rebalance,,,,,,,,1024.094,38.77,0.1938,2.5078,118705.54,,,,,,,,,,,,,
2025-01-15,REXR2,41,rebalance,,,,,,,,977.7859,38.77,0.3712,5.4684,-2727.31,,,,,,,,,,,,,
2025-01-16,NEE,38,rebalance,,,,,,,,636.3898,71.37,0.7087,3.4047,2485.13,,,,,,,,,,,,,
2025-01-16,WEC3,39,rebalance,,,,,,,,577.2229,98.39,0.6925,5.5282,-23242.08,,,,,,,,,,,,,
2025-01-21,VTR,37,rebalance,,,,,,,,976.4578,60.29,0.7899,2.2091,-17713.68,,,,,,,,,,,,,
2025-01-22,REXR1,13,rebalance,,,,,,,,1199.6918,39.67,0.1161,0.7514,127654.63,,,,,,,,,,,,,
2025-01-23,REXR1,13,rebalance,,,,,,,,1702.1779,40.16,0.2264,2.5185,127016.07,,,,,,,,,,,,,
2025-01-24,KRG,36,rebalance,,,,,,,,2067.1689,23.81,0.6813,4.9864,27563.49,,,,,,,,,,,,,
2025-01-27,DUK,34,rebalance,,,,,,,,589.3483,112.62,0.5407,3.2036,16759.98,,,,,,,,,,,,,
2025-01-27,FRT,42,rebalance,,,,,,,,488.9818,109.94,0.6336,7.9221,-12500.04,,,,,,,,,,,,,
2025-02-04,KRG,36,rebalance,,,,,,,,1989.4883,22.82,0.6311,4.4493,46193.11,,,,,,,,,,,,,
2025-02-06,REXR1,13,rebalance,,,,,,,,973.8593,40.56,0.2895,3.4979,143833.69,,,,,,,,,,,,,
2025-02-06,REXR2,41,rebalance,,,,,,,,1363.0607,40.56,0.4568,8.9271,3141.03,,,,,,,,,,,,,
2025-02-07,REXR1,13,rebalance,,,,,,,,1206.8836,39.54,0.2113,1.741,149807.06,,,,,,,,,,,,,
2025-02-07,REXR2,41,rebalance,,,,,,,,1088.9226,39.54,0.3884,6.0233,10051.51,,,,,,,,,,,,,
2025-02-10,WEC3,39,exit_no_data,933.6545,6545.5653,,,,,,,,,,,110.9,100.89,0.0,2024-12-30,42.0,-15846.85,-1.5847,3744.35,35422.85,-41311.58,-4512.44,136.75,10816.84
2025-02-11,REXR1,13,rebalance,,,,,,,,1508.3537,41.22,0.309,3.6674,148652.73,,,,,,,,,,,,,
2025-02-11,PPL2,40,rebalance,,,,,,,,1488.1228,34.52,0.7345,6.2763,-18016.91,,,,,,,,,,,,,
2025-02-11,REXR2,41,rebalance,,,,,,,,1355.7493,41.22,0.4735,8.8854,12045.51,,,,,,,,,,,,,
2025-02-11,DLR,32,exit_no_data,967.0806,3047.2911,,,,,,,,,,,103.209,168.11,0.0,2024-11-12,91.0,69925.99,6.9926,0.0,-1885.81,38639.65,39730.92,462.7,10522.17
2025-02-11,VTR,37,exit_no_data,871.5888,12584.1253,,,,,,,,,,,116.885,60.53,0.0,2024-12-20,53.0,-5162.24,-0.5162,3903.99,18756.59,-20779.92,1288.32,210.99,10845.11
2025-02-12,REXR1,13,rebalance,,,,,,,,1048.5554,40.0,0.241,1.8108,160669.72,,,,,,,,,,,,,
2025-02-12,REXR2,41,rebalance,,,,,,,,923.7388,40.0,0.4155,6.5036,15589.8,,,,,,,,,,,,,
2025-02-12,DLR,43,entry,979.9982,2811.9709,102.041,163.22,0.5978,3.4414,4.7998,,,,,,,,,,,,,,,,,,
2025-02-12,WEC3,44,entry,893.5672,6577.9234,111.911,102.43,0.7271,6.7389,10.1243,,,,,,,,,,,,,,,,,,
2025-02-13,VTR,45,entry,821.1664,12750.228,121.778,64.94,0.8495,4.1053,18.2778,,,,,,,,,,,,,,,,,,
2025-02-19,REXR1,13,rebalance,,,,,,,,1093.0954,40.89,0.3119,4.0328,153568.91,,,,,,,,,,,,,
2025-02-19,REXR2,41,rebalance,,,,,,,,978.5505,40.89,0.477,8.6819,33653.79,,,,,,,,,,,,,
2025-02-20,REXR1,13,rebalance,,,,,,,,1046.5646,40.78,0.2441,2.1795,155068.1,,,,,,,,,,,,,
2025-02-20,REXR2,41,rebalance,,,,,,,,944.9244,40.78,0.4177,5.7858,31959.17,,,,,,,,,,,,,
2025-02-20,FRT,42,rebalance,,,,,,,,483.914,104.53,0.5743,4.9588,27724.37,,,,,,,,,,,,,
2025-02-21,REXR1,13,rebalance,,,,,,,,867.9265,40.45,0.1878,1.1097,158482.63,,,,,,,,,,,,,
2025-02-21,REXR2,41,rebalance,,,,,,,,809.1774,40.45,0.3669,4.1428,32068.18,,,,,,,,,,,,,
2025-02-24,REXR1,13,rebalance,,,,,,,,938.3631,40.25,0.2486,2.4408,160586.94,,,,,,,,,,,,,
2025-02-24,REXR2,41,rebalance,,,,,,,,861.2175,40.25,0.4209,6.5431,36046.98,,,,,,,,,,,,,
2025-02-25,DUK,34,rebalance,,,,,,,,566.8473,117.29,0.6125,2.5847,32938.04,,,,,,,,,,,,,
2025-02-26,REXR1,13,rebalance,,,,,,,,1151.0929,40.45,0.174,0.9934,161008.51,,,,,,,,,,,,,
2025-02-27,REXR1,13,rebalance,,,,,,,,1022.1031,40.79,0.2403,2.2065,160749.3,,,,,,,,,,,,,
2025-03-12,FRT,42,rebalance,,,,,,,,417.389,97.12,0.5231,7.4546,63605.99,,,,,,,,,,,,,
2025-03-13,KRG,36,rebalance,,,,,,,,3471.9142,21.24,0.5434,3.0427,102031.68,,,,,,,,,,,,,
2025-03-17,KRG,36,rebalance,,,,,,,,3362.9949,22.15,0.6283,13.3269,71769.91,,,,,,,,,,,,,
2025-03-20,REXR1,13,rebalance,,,,,,,,1000.4505,40.36,0.1754,0.4465,163818.74,,,,,,,,,,,,,
2025-03-20,REXR1,13,exit_convergence,982.0867,2707.6133,,,,,,,,,,,100.596,40.36,0.4465,2024-03-28,357.0,158824.4,15.8824,42846.93,-12060.03,71131.18,59219.49,697.95,11530.93
2025-03-21,FRT,42,rebalance,,,,,,,,513.643,95.1,0.4602,3.8512,85282.31,,,,,,,,,,,,,
2025-03-21,NEE,38,exit_convergence,857.2653,8926.4736,,,,,,,,,,,115.738,70.88,0.5719,2024-12-30,81.0,19810.37,1.981,17645.38,-7818.26,10635.96,6099.98,267.43,10645.53
2025-03-24,REXR2,41,rebalance,,,,,,,,1682.931,40.17,0.3153,2.4357,37361.44,,,,,,,,,,,,,
2025-03-25,REXR2,41,rebalance,,,,,,,,1049.6894,39.61,0.3812,4.6803,46474.07,,,,,,,,,,,,,
2025-03-27,REXR2,41,rebalance,,,,,,,,919.3265,39.92,0.3234,3.1306,29182.22,,,,,,,,,,,,,
2025-03-28,REXR2,41,rebalance,,,,,,,,1275.1485,39.42,0.4035,6.3477,36743.94,,,,,,,,,,,,,
2025-03-28,DLR,43,rebalance,,,,,,,,400.6787,142.1,0.5126,2.9151,63866.97,,,,,,,,,,,,,
2025-03-31,FRT,42,rebalance,,,,,,,,453.1079,97.82,0.5157,6.4249,80960.15,,,,,,,,,,,,,
2025-04-01,WEC3,44,rebalance,,,,,,,,575.1467,108.89,0.7907,4.4649,35751.9,,,,,,,,,,,,,
2025-04-03,DUK,34,rebalance,,,,,,,,719.1412,124.05,0.7037,2.5312,51532.83,,,,,,,,,,,,,
2025-04-03,REXR2,41,rebalance,,,,,,,,1185.7709,35.87,0.3291,5.3632,61017.78,,,,,,,,,,,,,
2025-04-04,DUK,34,rebalance,,,,,,,,647.5055,118.93,0.6216,2.427,68025.53,,,,,,,,,,,,,
2025-04-04,WEC3,44,rebalance,,,,,,,,664.1757,104.36,0.7173,5.3206,57813.74,,,,,,,,,,,,,
2025-04-07,KRG,36,rebalance,,,,,,,,5413.337,20.21,0.765,41.4107,96084.31,,,,,,,,,,,,,
2025-04-07,PPL2,40,rebalance,,,,,,,,1862.8942,33.52,0.6677,6.2802,21578.96,,,,,,,,,,,,,
2025-04-07,REXR2,41,rebalance,,,,,,,,809.3208,33.43,0.3799,7.3006,75636.9,,,,,,,,,,,,,
2025-04-07,FRT,42,rebalance,,,,,,,,417.9276,86.57,0.4645,7.1278,138962.61,,,,,,,,,,,,,
2025-04-08,KRG,36,rebalance,,,,,,,,9917.7468,19.53,0.5146,7.716,145037.49,,,,,,,,,,,,,
2025-04-08,VTR,45,rebalance,,,,,,,,1144.5351,63.34,0.7732,1.249,92487.81,,,,,,,,,,,,,
2025-04-09,KRG,36,rebalance,,,,,,,,5892.2886,20.61,0.6634,24.2474,116174.8,,,,,,,,,,,,,
2025-04-11,KRG,36,rebalance,,,,,,,,3369.3297,20.49,0.5783,11.6903,128343.54,,,,,,,,,,,,,
2025-04-11,VTR,45,rebalance,,,,,,,,863.6245,66.11,0.8308,2.4046,57893.13,,,,,,,,,,,,,
2025-04-14,KRG,36,rebalance,,,,,,,,2234.606,20.59,0.5218,5.6058,116814.44,,,,,,,,,,,,,
2025-04-14,PPL2,40,rebalance,,,,,,,,1717.7,35.45,0.7293,4.647,44689.49,,,,,,,,,,,,,
2025-04-14,WEC3,44,rebalance,,,,,,,,461.6101,108.48,0.7683,4.6208,55577.52,,,,,,,,,,,,,
2025-04-14,REXR2,41,exit_no_data,1013.6436,6050.9184,,,,,,,,,,,99.102,33.96,0.0,2025-01-06,98.0,94017.0,9.4017,30895.02,4541.12,30731.2,36738.55,146.85,10614.78
2025-04-15,KRG,36,rebalance,,,,,,,,3111.1464,20.79,0.6004,14.5399,116840.61,,,,,,,,,,,,,
2025-04-15,REXR2,46,entry,1021.6696,5235.2443,97.879,32.56,0.3261,4.8953,15.7146,,,,,,,,,,,,,,,,,,
2025-04-29,VTR,45,rebalance,,,,,,,,754.3281,69.14,0.881,1.8523,62597.52,,,,,,,,,,,,,
2025-05-01,VTR,45,exit_convergence,821.1664,13223.6455,,,,,,,,,,,126.842,65.54,0.4108,2025-02-13,77.0,80090.58,8.0091,6586.44,41583.87,-1924.31,40338.28,406.14,11146.13
2025-05-05,DLR,43,rebalance,,,,,,,,416.1212,166.64,0.6011,2.3204,85994.37,,,,,,,,,,,,,
2025-05-06,DUK,34,rebalance,,,,,,,,552.1621,122.94,0.6916,1.5431,55063.06,,,,,,,,,,,,,
2025-05-08,KRG,36,rebalance,,,,,,,,2329.747,22.45,0.6593,18.7103,113879.51,,,,,,,,,,,,,
2025-05-08,REXR2,46,rebalance,,,,,,,,1308.3013,33.85,0.2446,3.0047,-5317.39,,,,,,,,,,,,,
2025-05-12,DUK,34,rebalance,,,,,,,,952.9057,115.85,0.5708,1.1566,66165.88,,,,,,,,,,,,,
2025-05-12,REXR2,46,rebalance,,,,,,,,2248.5707,35.89,0.3846,6.4128,-7078.77,,,,,,,,,,,,,
2025-05-13,DUK,34,exit_convergence,933.9335,4501.796,,,,,,,,,,,105.044,113.07,0.8892,2024-11-27,167.0,66696.91,6.6697,36277.48,-18958.85,34716.83,17967.02,519.65,10762.68
2025-05-14,WEC3,44,rebalance,,,,,,,,485.005,102.24,0.7147,3.3695,74210.3,,,,,,,,,,,,,
2025-05-14,REXR2,46,rebalance,,,,,,,,1212.8696,35.12,0.3091,4.0536,-4640.4,,,,,,,,,,,,,
2025-05-14,NEE,47,entry,865.8084,8974.7358,115.499,72.19,0.7055,3.8859,14.6927,,,,,,,,,,,,,,,,,,
2025-05-16,WEC3,44,rebalance,,,,,,,,496.1867,106.47,0.7695,3.4452,68462.75,,,,,,,,,,,,,
2025-05-16,DLR,43,exit_convergence,979.9982,2827.4135,,,,,,,,,,,105.925,170.05,0.3556,2025-02-12,93.0,43337.68,4.3338,51.04,38063.13,-9425.77,22347.37,372.59,10723.34
2025-05-20,KRG,36,rebalance,,,,,,,,2607.0535,22.46,0.5934,3.1106,119292.24,,,,,,,,,,,,,
2025-05-22,NEE,47,rebalance,,,,,,,,950.2762,66.94,0.6308,2.2367,43793.12,,,,,,,,,,,,,
2025-05-27,DLR,48,entry,948.8026,2789.5501,105.396,170.68,0.6125,2.8089,4.7998,,,,,,,,,,,,,,,,,,
2025-05-28,DLR,48,exit_convergence,948.8026,2789.5501,,,,,,,,,,,105.318,169.58,0.3985,2025-05-27,1.0,-5751.05,-0.5751,0.0,-740.07,3068.51,2328.44,7.51,10470.89
2025-05-30,REXR2,46,exit_no_data,1021.6696,4962.6441,,,,,,,,,,,98.788,35.41,0.0,2025-04-15,45.0,-8856.48,-0.8856,4799.72,9286.98,-11448.45,-1687.57,43.5,10303.32
2025-06-02,KRG,36,rebalance,,,,,,,,2166.9027,22.08,0.6481,18.2093,119634.82,,,,,,,,,,,,,
2025-06-02,PPL2,40,exit_no_data,950.6517,20344.5502,,,,,,,,,,,109.139,34.18,0.0,2024-12-31,153.0,43746.99,4.3747,24142.6,37531.73,-28765.84,13934.14,674.43,10931.1
2025-06-02,REXR2,49,entry,1014.3943,4865.4078,98.581,35.32,0.3052,4.747,15.7146,,,,,,,,,,,,,,,,,,
2025-06-03,NEE,47,rebalance,,,,,,,,680.6023,70.95,0.6843,3.3837,29675.87,,,,,,,,,,,,,
2025-06-03,PPL2,50,entry,916.0949,18869.0629,109.159,34.5,0.7019,5.8816,29.3432,,,,,,,,,,,,,,,,,,
2025-06-04,KRG,36,rebalance,,,,,,,,2009.0866,22.04,0.5974,9.0128,119361.22,,,,,,,,,,,,,
2025-06-04,REXR2,49,rebalance,,,,,,,,804.3735,35.7,0.3557,6.3113,-2505.2,,,,,,,,,,,,,
2025-06-05,KRG,36,rebalance,,,,,,,,5094.1811,21.9,0.7261,33.3734,119830.07,,,,,,,,,,,,,
2025-06-05,REXR2,49,rebalance,,,,,,,,866.0007,35.55,0.3014,4.6331,-3759.49,,,,,,,,,,,,,
2025-06-06,KRG,36,rebalance,,,,,,,,4087.9749,22.59,0.6228,10.1477,111859.5,,,,,,,,,,,,,
2025-06-10,REXR2,49,exit_no_data,1014.3943,4803.7806,,,,,,,,,,,98.738,35.55,0.0,2025-06-02,8.0,-8852.84,-0.8853,116.24,1592.6,-998.39,594.21,4.47,10209.02
2025-06-11,REXR2,51,entry,1004.0766,4862.5552,99.594,36.68,0.3082,3.9982,15.7146,,,,,,,,,,,,,,,,,,
2025-06-13,KRG,36,rebalance,,,,,,,,4466.203,22.26,0.7356,34.7944,111513.53,,,,,,,,,,,,,
2025-06-13,DLR,52,entry,946.5574,2789.0913,105.646,174.47,0.6139,2.5213,4.7998,,,,,,,,,,,,,,,,,,
2025-06-16,KRG,36,rebalance,,,,,,,,5242.8909,22.33,0.6032,8.4128,107170.81,,,,,,,,,,,,,
2025-06-24,REXR2,51,exit_no_data,1004.0766,4862.5552,,,,,,,,,,,98.913,36.7,0.0,2025-06-11,13.0,-23411.3,-2.3411,575.26,-6837.76,-97.25,-6956.39,4.24,10144.22
2025-06-25,REXR2,53,entry,1009.7746,4597.5742,99.032,35.81,0.2897,4.7785,15.7146,,,,,,,,,,,,,,,,,,
2025-06-26,WEC3,44,rebalance,,,,,,,,480.4545,103.32,0.7164,4.7707,48030.9,,,,,,,,,,,,,
2025-07-08,KRG,36,exit_convergence,934.8503,23882.0151,,,,,,,,,,,103.726,22.47,-0.0506,2024-12-18,202.0,117788.03,11.7788,7381.42,-30317.19,84986.25,56336.23,915.34,11253.8
2025-07-08,WEC3,44,exit_no_data,893.5672,6481.2318,,,,,,,,,,,112.677,103.75,0.0,2025-02-12,146.0,41136.13,4.1136,33989.67,6844.72,-1659.76,4775.34,701.04,10874.36
2025-07-08,NEE,47,exit_no_data,865.8084,8705.062,,,,,,,,,,,118.166,73.02,0.0,2025-05-14,55.0,37818.81,3.7819,3391.08,23091.11,-3080.2,22774.31,171.74,10813.17
2025-07-09,WEC3,54,entry,884.7835,6473.5956,113.022,104.22,0.7227,5.5044,10.1243,,,,,,,,,,,,,,,,,,
2025-07-10,KRG,55,entry,962.6863,25105.0443,103.876,22.49,0.6158,10.0951,42.3518,,,,,,,,,,,,,,,,,,
2025-07-15,FRT,42,rebalance,,,,,,,,415.2754,92.99,0.4136,2.6572,136578.88,,,,,,,,,,,,,
2025-07-17,REXR2,53,rebalance,,,,,,,,1067.2954,35.43,0.2225,2.804,11504.42,,,,,,,,,,,,,
2025-07-18,REXR2,53,rebalance,,,,,,,,1325.2807,36.51,0.306,4.9726,4836.45,,,,,,,,,,,,,
2025-07-18,WEC3,54,rebalance,,,,,,,,538.4809,107.82,0.7828,4.9774,-14625.15,,,,,,,,,,,,,
2025-07-21,PPL2,50,rebalance,,,,,,,,1503.6778,36.2,0.7579,4.2171,18424.75,,,,,,,,,,,,,
2025-07-31,WEC3,54,exit_no_data,884.7835,7012.0765,,,,,,,,,,,116.022,107.5,0.0,2025-07-09,22.0,2580.11,0.258,1935.46,26543.5,-21061.08,4954.48,93.44,10875.99
2025-08-01,KRG,55,rebalance,,,,,,,,2754.5626,21.64,0.5482,4.6262,8848.5,,,,,,,,,,,,,
2025-08-01,WEC3,56,entry,850.8973,6904.3246,117.523,110.24,0.8015,4.7046,10.1243,,,,,,,,,,,,,,,,,,
2025-08-06,REXR2,53,rebalance,,,,,,,,1066.9781,36.74,0.3732,7.2878,21165.85,,,,,,,,,,,,,
2025-08-07,REXR2,53,rebalance,,,,,,,,1072.8017,36.97,0.3056,5.2418,12790.16,,,,,,,,,,,,,
2025-08-11,DLR,52,exit_convergence,946.5574,2789.0913,,,,,,,,,,,104.932,168.73,0.4806,2025-06-13,59.0,13189.64,1.319,2711.5,-6758.42,16009.38,9625.19,253.81,10444.82
2025-08-13,PPL2,50,exit_no_data,916.0949,20372.7407,,,,,,,,,,,113.934,36.35,0.0,2025-06-03,71.0,15532.01,1.5532,4609.1,43743.53,-35133.32,10212.82,265.47,10941.7
2025-08-14,PPL2,57,entry,866.4085,19901.0523,115.419,37.08,0.7828,4.3413,29.3432,,,,,,,,,,,,,,,,,,
2025-08-15,KRG,55,rebalance,,,,,,,,2522.6951,21.51,0.6101,14.67,14688.1,,,,,,,,,,,,,
2025-08-19,REXR2,53,exit_no_data,1009.7746,4849.7359,,,,,,,,,,,100.669,37.79,0.0,2025-06-25,55.0,13257.96,1.3258,5553.76,16530.01,-8521.37,9377.25,57.96,10339.14
2025-08-20,KRG,55,rebalance,,,,,,,,2266.7725,22.03,0.5545,3.406,2562.22,,,,,,,,,,,,,
2025-08-20,REXR1,58,entry,984.9015,3278.4586,101.533,39.34,0.2118,2.767,15.7146,,,,,,,,,,,,,,,,,,
2025-08-20,REXR2,59,entry,988.0251,6302.2812,101.212,39.34,0.4059,7.8597,15.7146,,,,,,,,,,,,,,,,,,
2025-08-21,REXR1,58,rebalance,,,,,,,,1212.2479,39.06,0.1335,1.4846,-6052.02,,,,,,,,,,,,,
2025-08-21,REXR2,59,rebalance,,,,,,,,1221.9911,39.06,0.3272,4.2195,8235.13,,,,,,,,,,,,,
2025-08-22,FRT,42,rebalance,,,,,,,,495.4041,99.45,0.4743,4.6503,125274.71,,,,,,,,,,,,,
2025-08-25,KRG,55,rebalance,,,,,,,,2312.6812,22.38,0.6112,11.0294,10460.45,,,,,,,,,,,,,
2025-08-25,PPL2,57,exit_no_data,866.4085,19901.0523,,,,,,,,,,,115.303,37.09,0.0,2025-08-14,11.0,-12312.78,-1.2313,138.38,-1005.03,-199.01,-802.0,26.08,10733.01
2025-08-26,PPL2,60,entry,874.5922,19545.7128,114.339,36.52,0.7616,4.3686,29.3432,,,,,,,,,,,,,,,,,,
2025-09-02,KRG,55,rebalance,,,,,,,,3425.7836,22.6,0.6952,27.5498,-1805.37,,,,,,,,,,,,,
2025-09-02,REXR1,58,rebalance,,,,,,,,1098.7525,40.28,0.0625,0.1991,4214.67,,,,,,,,,,,,,
2025-09-02,REXR2,59,rebalance,,,,,,,,1378.0161,40.28,0.2384,2.0214,-1358.87,,,,,,,,,,,,,
2025-09-02,REXR1,58,exit_convergence,984.9015,967.4582,,,,,,,,,,,102.093,40.28,0.1991,2025-08-20,13.0,-832.39,-0.0832,1316.63,5515.45,-1602.81,4002.71,8.54,10157.35
2025-09-03,PPL2,60,exit_no_data,874.5922,19545.7128,,,,,,,,,,,114.306,36.56,0.0,2025-08-26,8.0,-12595.53,-1.2596,69.84,-288.62,-781.83,-1066.24,17.03,10712.76
2025-09-04,KRG,55,rebalance,,,,,,,,3880.3857,23.03,0.6,1.6933,-5354.04,,,,,,,,,,,,,
2025-09-04,REXR2,59,rebalance,,,,,,,,2065.7276,42.08,0.3715,5.9751,-10275.64,,,,,,,,,,,,,
2025-09-04,PPL2,61,entry,876.0326,19591.5982,114.151,36.5,0.7622,4.2821,29.3432,,,,,,,,,,,,,,,,,,
2025-09-05,KRG,55,exit_convergence,962.6863,24464.4834,,,,,,,,,,,105.076,23.26,1.419,2025-07-10,57.0,-21822.56,-2.1823,1083.02,11552.24,-19898.77,-6622.35,258.18,10815.77
2025-09-08,KRG,62,entry,963.2705,26039.6251,103.813,22.82,0.6383,16.3763,42.3518,,,,,,,,,,,,,,,,,,
2025-09-10,REXR1,63,entry,975.8954,3652.2558,102.47,42.71,0.2382,2.8059,15.7146,,,,,,,,,,,,,,,,,,
2025-09-11,KRG,62,rebalance,,,,,,,,2166.2393,22.73,0.5852,4.901,-5951.34,,,,,,,,,,,,,
2025-09-11,DLR,64,entry,941.7881,2670.2834,106.181,174.67,0.5907,3.2546,4.7998,,,,,,,,,,,,,,,,,,
2025-09-15,REXR1,63,rebalance,,,,,,,,772.8486,42.85,0.1878,1.768,-25854.28,,,,,,,,,,,,,
2025-09-24,KRG,62,rebalance,,,,,,,,2089.5016,22.13,0.534,1.9063,1468.45,,,,,,,,,,,,,
2025-10-01,KRG,62,rebalance,,,,,,,,2167.2592,22.18,0.5871,10.4076,-4289.84,,,,,,,,,,,,,
2025-10-02,KRG,62,rebalance,,,,,,,,2148.9009,21.99,0.5344,3.5504,-1794.82,,,,,,,,,,,,,
2025-10-02,DLR,64,exit_no_data,941.7881,2670.2834,,,,,,,,,,,105.516,170.11,0.0,2025-09-11,21.0,2594.81,0.2595,686.72,-6262.89,12176.49,5958.41,65.9,10429.02
2025-10-07,DLR,65,entry,939.4258,2691.8246,106.448,175.14,0.597,3.5678,4.7998,,,,,,,,,,,,,,,,,,
2025-10-10,REXR2,59,exit_no_data,988.0251,5768.0017,,,,,,,,,,,101.464,41.59,0.0,2025-08-20,51.0,4343.73,0.4344,24906.46,2489.82,-8271.09,-5109.02,65.86,10351.44
2025-10-13,KRG,62,rebalance,,,,,,,,2303.7634,21.66,0.5909,13.1881,12231.75,,,,,,,,,,,,,
2025-10-14,WEC3,56,rebalance,,,,,,,,437.0773,116.49,0.8522,4.5549,16115.51,,,,,,,,,,,,,
2025-10-14,REXR2,66,entry,984.6202,5767.5707,101.562,40.94,0.3728,5.3142,15.7146,,,,,,,,,,,,,,,,,,
2025-10-15,KRG,62,rebalance,,,,,,,,2355.8602,22.15,0.5331,1.6628,10311.87,,,,,,,,,,,,,
2025-10-17,KRG,62,rebalance,,,,,,,,2195.2046,22.32,0.5869,9.7201,1268.58,,,,,,,,,,,,,
2025-10-20,REXR1,63,rebalance,,,,,,,,1274.0385,44.26,0.2708,2.8376,-5530.08,,,,,,,,,,,,,
2025-10-21,REXR1,63,rebalance,,,,,,,,1328.7567,43.41,0.1842,1.1854,-2535.14,,,,,,,,,,,,,
2025-10-21,REXR2,66,exit_no_data,984.6202,5767.5707,,,,,,,,,,,101.929,43.12,0.0,2025-10-14,7.0,-27936.77,-2.7937,112.82,3613.56,-12573.3,-8887.4,5.86,10260.48
2025-10-22,REXR2,67,entry,973.2834,5677.518,102.745,42.98,0.3712,4.1065,15.7146,,,,,,,,,,,,,,,,,,
2025-10-30,FRT,42,rebalance,,,,,,,,451.9083,94.87,0.4189,4.2398,166828.38,,,,,,,,,,,,,
2025-10-31,WEC3,56,rebalance,,,,,,,,450.077,111.73,0.7999,4.7758,24039.53,,,,,,,,,,,,,
2025-11-03,KRG,62,rebalance,,,,,,,,2209.0753,22.07,0.5328,2.7338,5851.28,,,,,,,,,,,,,
2025-11-10,KRG,62,exit_convergence,963.2705,21736.275,,,,,,,,,,,102.659,22.3,1.2713,2025-09-08,63.0,433.87,0.0434,4796.29,-11116.14,12801.39,1848.77,276.42,10679.21
2025-11-11,PPL2,61,rebalance,,,,,,,,1366.7152,36.86,0.8153,1.6605,3449.99,,,,,,,,,,,,,
2025-11-11,REXR1,63,rebalance,,,,,,,,872.8994,42.22,0.1273,0.7962,-1354.61,,,,,,,,,,,,,
2025-11-11,KRG,68,entry,965.9876,24617.441,103.521,22.75,0.6017,9.7733,42.3518,,,,,,,,,,,,,,,,,,
2025-11-13,KRG,68,rebalance,,,,,,,,2097.1548,22.5,0.5505,1.8548,-11900.27,,,,,,,,,,,,,
2025-11-17,REXR2,67,exit_no_data,973.2834,5677.518,,,,,,,,,,,101.34,41.72,0.0,2025-10-22,26.0,-21283.52,-2.1284,2007.4,-13674.63,7153.67,-6883.11,28.2,10172.07
2025-11-18,FRT,42,rebalance,,,,,,,,409.865,96.75,0.4692,5.776,176718.33,,,,,,,,,,,,,
2025-11-18,REXR1,63,rebalance,,,,,,,,794.5948,40.81,0.1791,1.7369,4317.5,,,,,,,,,,,,,
2025-11-19,REXR2,69,entry,986.9817,6290.665,101.319,40.2,0.4056,7.0198,15.7146,,,,,,,,,,,,,,,,,,
2025-11-20,PPL2,61,rebalance,,,,,,,,2828.4897,35.54,0.7053,6.4041,-1348.61,,,,,,,,,,,,,
2025-11-21,REXR1,63,rebalance,,,,,,,,781.3293,41.04,0.1281,0.947,5163.98,,,,,,,,,,,,,
2025-11-21,REXR2,69,rebalance,,,,,,,,1072.72,41.04,0.3364,4.5549,-19199.54,,,,,,,,,,,,,
2025-11-24,WEC3,56,exit_no_data,850.8973,6891.325,,,,,,,,,,,119.053,110.16,0.0,2025-08-01,115.0,37755.52,3.7756,10857.81,13018.73,2612.42,16686.84,529.74,10875.84
2025-11-25,REXR1,63,rebalance,,,,,,,,1057.2053,41.39,0.0592,0.2604,4231.32,,,,,,,,,,,,,
2025-11-25,REXR2,69,rebalance,,,,,,,,1387.8216,41.39,0.2469,1.6594,-10748.35,,,,,,,,,,,,,
2025-11-25,REXR1,63,exit_convergence,975.8954,907.8498,,,,,,,,,,,101.0,41.39,0.2604,2025-09-10,76.0,-715.74,-0.0716,29412.4,-14345.66,3753.11,-10124.42,75.43,10171.2
2025-11-25,WEC3,70,entry,834.6618,6848.3028,119.809,111.22,0.8104,3.163,10.1243,,,,,,,,,,,,,,,,,,
2025-11-26,PPL2,61,rebalance,,,,,,,,1541.3333,36.71,0.7652,4.2192,-1956.49,,,,,,,,,,,,,
2025-11-26,REXR2,69,rebalance,,,,,,,,1456.2984,41.66,0.3408,4.0037,-5470.48,,,,,,,,,,,,,
2025-12-01,REXR2,69,rebalance,,,,,,,,1222.888,41.46,0.262,1.2549,3526.94,,,,,,,,,,,,,
2025-12-02,REXR2,69,rebalance,,,,,,,,921.4972,41.24,0.3214,3.2987,-354.94,,,,,,,,,,,,,
2025-12-02,KRG,68,exit_convergence,965.9876,22520.2863,,,,,,,,,,,103.108,22.59,0.5956,2025-11-11,21.0,-9006.3,-0.9006,402.49,-3989.53,4127.53,122.06,86.0,10538.04
2025-12-03,PPL2,61,rebalance,,,,,,,,1462.6485,34.81,0.7083,2.8684,8670.02,,,,,,,,,,,,,
2025-12-04,WEC3,70,rebalance,,,,,,,,424.2083,106.28,0.7602,1.8352,-6146.53,,,,,,,,,,,,,
2025-12-05,PPL2,61,rebalance,,,,,,,,1322.1674,33.86,0.6569,3.5869,26654.62,,,,,,,,,,,,,
2025-12-10,WEC3,70,rebalance,,,,,,,,429.1603,103.66,0.7094,2.7373,-6498.33,,,,,,,,,,,,,
2025-12-12,KRG,71,entry,957.6801,24511.8877,104.419,23.34,0.6043,5.0421,42.3518,,,,,,,,,,,,,,,,,,
2025-12-16,DLR,65,rebalance,,,,,,,,444.0427,150.28,0.4985,2.8295,37747.72,,,,,,,,,,,,,
2025-12-17,REXR2,69,rebalance,,,,,,,,1792.8195,41.2,0.2058,0.9073,-5279.38,,,,,,,,,,,,,
2025-12-17,REXR2,69,exit_convergence,986.9817,3192.2116,,,,,,,,,,,101.809,41.2,0.9073,2025-11-19,28.0,-10369.32,-1.0369,2940.39,4836.21,-5993.91,-2111.29,34.1,10378.73
2025-12-24,WEC3,70,exit_no_data,834.6618,5994.9342,,,,,,,,,,,112.973,103.94,0.0,2025-11-25,29.0,-6657.17,-0.6657,19576.88,-57057.48,48983.16,-8747.33,105.58,10451.89
2025-12-26,KRG,71,rebalance,,,,,,,,2062.1259,24.1,0.6552,2.172,-9109.51,,,,,,,,,,,,,
2025-12-26,REXR2,72,entry,989.198,4276.9182,101.092,39.44,0.2751,3.5171,15.7146,,,,,,,,,,,,,,,,,,
2025-12-30,REXR2,72,rebalance,,,,,,,,1317.7374,39.73,0.3599,6.2258,-6127.62,,,,,,,,,,,,,
2025-12-31,PPL2,61,exit_no_data,876.0326,16886.3411,,,,,,,,,,,110.562,35.08,0.0,2025-09-04,118.0,17393.11,1.7393,19938.87,-31440.81,33472.05,394.84,566.59,10648.11
2026-01-02,REXR2,72,rebalance,,,,,,,,965.3666,39.03,0.2978,4.5215,-6510.16,,,,,,,,,,,,,
2026-01-05,REXR2,72,rebalance,,,,,,,,1043.1686,39.02,0.2307,2.4627,2449.51,,,,,,,,,,,,,
2026-01-05,PPL2,73,entry,906.7745,18299.2422,110.281,34.78,0.6877,3.6999,29.3432,,,,,,,,,,,,,,,,,,
2026-01-06,REXR2,72,rebalance,,,,,,,,987.7046,38.82,0.2942,4.6204,-6135.43,,,,,,,,,,,,,
2026-01-09,KRG,71,rebalance,,,,,,,,2182.7498,23.38,0.6014,4.0409,184.3,,,,,,,,,,,,,
2026-01-12,REXR2,72,rebalance,,,,,,,,1023.9863,40.05,0.3601,6.1337,-6156.42,,,,,,,,,,,,,
2026-01-12,FRT,42,exit_max_hold,1002.0843,3828.5673,,,,,,,,,,,102.955,101.8,4.9105,2025-01-10,367.0,164551.74,16.4552,64683.15,31695.93,15469.78,50738.14,1162.76,10813.6
2026-01-12,FRT,74,entry,971.2981,3812.3337,102.955,101.8,0.482,4.9105,8.1436,,,,,,,,,,,,,,,,,,
2026-01-13,KRG,71,exit_convergence,957.6801,24391.2637,,,,,,,,,,,105.376,23.43,0.7863,2025-12-12,32.0,8830.53,0.8831,558.64,9165.0,-715.31,9102.86,144.21,10667.99
2026-01-15,REXR2,72,rebalance,,,,,,,,927.5771,41.03,0.3004,3.5741,-5881.32,,,,,,,,,,,,,
2026-01-15,KRG,75,entry,952.7439,24436.3785,104.96,23.34,0.6056,6.9535,42.3518,,,,,,,,,,,,,,,,,,
2026-01-16,PPL2,73,rebalance,,,,,,,,1989.7752,36.83,0.7625,3.9277,-7088.23,,,,,,,,,,,,,
2026-01-20,WEC3,76,entry,861.9204,6855.6848,116.02,109.06,0.7856,3.118,10.1243,,,,,,,,,,,,,,,,,,
2026-01-21,KRG,75,exit_convergence,952.7439,24436.3785,,,,,,,,,,,105.576,23.55,1.2635,2026-01-15,6.0,-8784.84,-0.8785,99.25,5868.9,-5131.64,780.2,20.58,10602.26
2026-01-23,REXR2,72,rebalance,,,,,,,,844.381,39.93,0.3548,5.7141,1370.94,,,,,,,,,,,,,
2026-01-23,KRG,77,entry,955.9133,23809.8346,104.612,23.14,0.5881,4.5143,42.3518,,,,,,,,,,,,,,,,,,
2026-01-26,REXR2,72,rebalance,,,,,,,,986.0257,39.41,0.2913,4.0364,824.22,,,,,,,,,,,,,
2026-01-29,REXR2,72,rebalance,,,,,,,,1370.3412,40.17,0.2032,1.3716,6569.97,,,,,,,,,,,,,
2026-01-30,REXR2,72,rebalance,,,,,,,,1908.2087,40.53,0.3259,4.2778,9509.29,,,,,,,,,,,,,
2026-02-02,REXR2,72,rebalance,,,,,,,,827.4371,40.29,0.2727,2.6883,12412.03,,,,,,,,,,,,,
2026-02-03,PPL2,73,rebalance,,,,,,,,1337.3017,35.5,0.7123,1.9389,39003.88,,,,,,,,,,,,,
2026-02-04,KRG,77,rebalance,,,,,,,,2601.058,24.21,0.6524,2.5309,-11273.02,,,,,,,,,,,,,
2026-02-06,DLR,65,rebalance,,,,,,,,386.647,171.62,0.5843,5.4094,12293.48,,,,,,,,,,,,,
2026-02-06,REXR2,72,rebalance,,,,,,,,897.5133,38.97,0.215,2.252,12754.02,,,,,,,,,,,,,
2026-02-09,REXR2,72,rebalance,,,,,,,,1565.2426,38.48,0.3157,4.7252,20210.87,,,,,,,,,,,,,
2026-02-10,FRT,74,rebalance,,,,,,,,451.1471,107.65,0.539,5.5041,-19481.86,,,,,,,,,,,,,
2026-02-13,WEC3,76,exit_no_data,861.9204,6855.6848,,,,,,,,,,,119.184,112.92,0.0,2026-01-20,24.0,-6149.9,-0.615,1990.2,27271.16,-26462.94,1082.3,90.62,10897.27
2026-02-17,REXR2,72,rebalance,,,,,,,,1469.9371,37.57,0.2211,2.5675,29597.35,,,,,,,,,,,,,
2026-02-17,PPL2,73,rebalance,,,,,,,,1552.0257,37.57,0.7706,3.337,23235.43,,,,,,,,,,,,,
2026-02-17,KRG,77,rebalance,,,,,,,,2762.7942,25.81,0.7206,4.0343,1775.04,,,,,,,,,,,,,
2026-02-19,KRG,77,exit_convergence,955.9133,29173.6869,,,,,,,,,,,111.385,25.58,1.152,2026-01-23,27.0,-2627.41,-0.2627,458.04,64744.01,-61024.0,2962.82,133.41,11039.47
2026-02-23,KRG,78,entry,883.4234,27674.8432,113.196,26.24,0.7397,4.1822,42.3518,,,,,,,,,,,,,,,,,,
2026-02-25,REXR2,72,rebalance,,,,,,,,1679.7615,37.35,0.3291,5.4298,34436.91,,,,,,,,,,,,,
2026-02-25,DLR,65,exit_no_data,939.4258,2634.4289,,,,,,,,,,,106.211,175.68,0.0,2025-10-07,141.0,14642.96,1.4643,14972.1,-2226.44,8255.31,686.58,503.29,10522.54
2026-02-27,KRG,78,exit_no_data,883.4234,27674.8432,,,,,,,,,,,112.513,26.01,0.0,2026-02-23,4.0,-9946.84,-0.9947,0.0,-6033.78,6365.21,331.43,8.57,10692.84
